Workbook
Name age: Model!$I$3:$N$3
Name CR: Model!$B$5
Name Ehalf: Model!#REF!
Name Eo: Model!$B$10
Name EPRhist: Model!$B$20
Name EPRo: Model!$B$3
Name fanom: Model!$AS$14:$AS$54
Name fec: Model!$I$7:$N$7
Name Ffuture: Model!$B$21
Name Fhist: Model!$B$19
Name Ftest: Model!$B$13
Name HistS: Model!$E$7
Name Lhist: Model!$I$10:$N$10
Name LHT: Model!$E$9
Name Lo: Model!$I$8:$N$8
Name mat: Model!$I$6:$N$6
Name Mden: Model!$B$11
Name MeMin: Model!$B$6
Name MeUnf: Model!$B$4
Name Mhatch: Model!$B$23
Name Mo: Model!$I$4:$N$4
Name Mobase: Model!#REF!
Name Mseal: Model!$B$22
Name MSSLNRKWq: Model!$B$25
Name Mtemp: Model!$B$24
Name Ninit: Model!#REF!
Name RelmYr: Model!$O$14:$O$55
Name RetroF: Model!$E$3
Name Rhist: Model!$F$13
Name RhistSobs: Model!$F$12
Name Rinit: Model!$B$14
Name Ro: Model!$B$9
Name Smolt0: Model!$B$8
Name So: Model!$B$8
Name Sosearch: Model!$E$8
Name SPRhist: Model!$I$9:$N$9
Name SPRo: Model!$B$7
Name Ssfanom: Model!$B$47
Name Ssrecanom: Model!$B$46
Name Ssspawn: Model!$B$45
Name Sstotal: Model!$B$51
Name Ssum: Model!$B$12
Name stockcode: Model!$B$27
Name UseRetro: Model!$E$2
Name varanom: Model!$B$49
Name varfanom: Model!$B$50
Name varlnS: Model!$B$48
Name vul: Model!$I$5:$N$5
Name YPR: Model!$B$28

Sheet Model
A1: MODEL PARAMETER AND STATISTICAL ESTIMATION COLUMNS | H1: AGE STRUCTURE ACCOUNTING COLUMNS: RECRUITMENT AND SURVIVAL | P1: RECRUITMENT ANOMALY AND AGE MORTALITY COLUMNS | Z1: PREDICTED SPAWNERS AT AGE COLUMNS | AE1: PREDICTEED CATCH AT AGE COLUMNS | AM1: MORTALITY COVARIATE COLUMNS | AR1: SPAWNER DATA | AW1: PREDICTION OF CODED WIRE TAG POPULATION, ESCAPEMENT, AND CATCHES AT AGE | BM1: Predicted recaptures organized across columns by number of years after release, for release year on the row
A2: Basic derived population parameters | D2: UseRetro | E2: FALSE | F2: retroyield | G2: =SUM(AE14:AI58) -> 1056343.9 | H2: yr after spawning | I2: 1 | J2: 2 | K2: 3 | L2: 4 | M2: 5 | N2: 6 | P2: mean mortality anomaly | S2: =AVERAGE(P14:P51) -> -0.029905259 | AM2: (see "stressors" tab)
A3: EPRo | B3: =SUMPRODUCT(Lo,fec,mat)*Ssum -> 35.635156 | C3: unfished eggs per smolt | D3: RetroF | E3: 0.3 | H3: Ocean age | I3: 0 | J3: 1 | K3: 2 | L3: 3 | M3: 4 | N3: 5 | BA3: t+1 | BB3: t+2 | BC3: t+3 | BD3: t+4 | BE3: t+5
A4: MeUnf | B4: =-LN(1/EPRo) -> 3.5733327 | C4: Unfished egg-smolt mortality rate | D4: unfished egg-smolt survival | H4: Mo | I4: 2.8 | J4: 0.3 | K4: 0.3 | L4: 0.3 | M4: 0.3 | N4: 0.3 | P4: baseline mortality rates at age | AZ4: mean esc | BA4: =AVERAGE(BA19:BA54) -> 39.351222 | BB4: =AVERAGE(BB19:BB54) -> 44.644335 | BC4: =AVERAGE(BC19:BC54) -> 86.18088 | BD4: =AVERAGE(BD19:BD54) -> 2.9057471 | BE4: =AVERAGE(BE19:BE54) -> 0.017844508
A5: ln(CR) | B5: 1.0426336 | C5: Ricker a (decrease in egg-smolt M at low spawner densities) | F5: =EXP(CR) -> 2.836678 | H5: vul | I5: 0 | J5: 0.1 | K5: 1 | L5: 1 | M5: 1 | N5: 1 | O5: need to estimate from CWT data | AZ5: Catch 85-93 | BA5: =AVERAGE(BF19:BF27) -> 17.97209 | BB5: =AVERAGE(BG19:BG54) -> 69.356074 | BC5: =AVERAGE(BH19:BH54) -> 31.605445 | BD5: =AVERAGE(BI19:BI54) -> 0.99175214 | BE5: =AVERAGE(BJ19:BJ54) -> 0.0058741778
A6: MeMin | B6: =MeUnf-CR -> 2.530699 | C6: Minimum egg-smolt mortality low pop | D6: maximum egg-smolt surv | E6: =EXP(-MeMin) -> 0.079603355 | H6: mat | I6: 0 | J6: 0.11 | K6: 0.23 | L6: 0.947 | M6: 0.99 | N6: 1 | O6: need to estimate from CWT data | AZ6: Catch 2000-2020 | BA6: =AVERAGE(BF34:BF54) -> 8.5170682 | BB6: =AVERAGE(BG34:BG54) -> 51.901801 | BC6: =AVERAGE(BH34:BH54) -> 25.514444 | BD6: =AVERAGE(BI34:BI54) -> 0.85975434 | BE6: =AVERAGE(BJ34:BJ54) -> 0.0054400508
A7: SPRo | B7: =SUMPRODUCT(Lo,mat)*Ssum -> 0.023078932 | C7: Unfished spawners per smolt | D7: hisorical Sbar | E7: =AVERAGE(AR14:AR59)/10000 -> 3.1215195 | F7: 10000's | H7: fec | I7: 0 | J7: 0 | K7: 1500 | L7: 2000 | M7: 2500 | N7: 3000 | O7: mean fecundity at age | AN7: 1. seal N from age model fit to Olesiuk seal data
A8: So | B8: =10000*E8 -> 41847.116 | C8: Unfished total spawners | D8: Sosearch | E8: 4.1847116 | H8: Lo | I8: 1 | J8: =I8*EXP(-I4)*(1-I6) -> 0.060810063 | K8: =J8*EXP(-J4)*(1-J6) -> 0.04009379 | L8: =K8*EXP(-K4)*(1-K6) -> 0.022870702 | M8: =L8*EXP(-L4)*(1-L6) -> 0.00089798073 | N8: =M8*EXP(-M4)*(1-M6) -> 6.6524049e-06 | O8: derived survivorship to age | AN8: 2. SOG hatchery releases from DFO
A9: Ro | B9: =B8/SPRo -> 1813217.2 | C9: Unfished smolts | D9: LHT | E9: 2 | F9: freshwater type | H9: SPRhist | I9: =I10*EXP(-I5*Fhist)*I6*Ssum -> 0 | J9: =J10*EXP(-J5*Fhist)*J6*Ssum -> 0.0038948483 | K9: =K10*EXP(-K5*Fhist)*K6*Ssum -> 0.0039777641 | L9: =L10*EXP(-L5*Fhist)*L6*Ssum -> 0.0069211012 | M9: =M10*EXP(-M5*Fhist)*M6*Ssum -> 0.00021045517 | N9: =N10*EXP(-N5*Fhist)*N6*Ssum -> 1.1666691e-06 | O9: historical base spawners per smolt | AN9: 3. Sea surface temperature from Chrome, Entrance DFO data
A10: Eo | B10: =Ro*EPRo -> 64614277 | C10: Unfished annual egg production | F10: 2=x.2 type | H10: Lhist | I10: 1 | J10: =I10*EXP(-I4-I5*Fhist)*(1-I6) -> 0.060810063 | K10: =J10*EXP(-J4-J5*Fhist)*(1-J6) -> 0.03890884 | L10: =K10*EXP(-K4-K5*Fhist)*(1-K6) -> 0.01644229 | M10: =L10*EXP(-L4-L5*Fhist)*(1-L6) -> 0.00047825718 | N10: =M10*EXP(-M4-M5*Fhist)*(1-M6) -> 2.624731e-06
A11: Mden | B11: =(MeUnf-MeMin)/Eo -> 1.6136273e-08 | C11: Ricker model "b" (density) parameter | H11: Harrison mat | I11: 0 | J11: 0.11 | K11: 0.23 | L11: 0.947 | M11: 1 | N11: 1 | AU11: Prediction of coded wire tagged fish alive at age over time and predicted escapements and catches of those tagged fish
A12: Ssum | B12: 0.6 | C12: Summer survival from June-spawning time | E12: RhistSobs | F12: =AR14/SUM(SPRhist) -> 1207841.4 | I12: late spring/early summer Numbers at year,age | Q12: total mortality rates by life stage-age | Y12: fishing rate | AA12: Predicted spawners at age | AF12: Predicted catches at age | AM12: PSC U | AN12: Mortality covariates | AV12: Predicted tags alive | BA12: Predicted escapement tags at age | BF12: Predicted tag catches at age | BN12: Predicted recaptures in catch by year after release | BS12: Predicted recapture in escapement by years after release | BX12: VPA check using model predictions
A13: Ftest | B13: 0.3 | C13: Test Fishing mortality rate, fully vulnerable ages | E13: Rhist | F13: =(LN(EPRhist)-MeMin)/(Mden*EPRhist) -> 1468112.3 | G13: Year | H13: Eggs | I13: Age 0 (smolt)N | J13: age 1 N | K13: age 2 N | L13: age 3 N | M13: age 4 N | N13: age 5 N | O13: RelmYr | P13: Ricker anomaly | Q13: M egg-smolt | R13: M0 | S13: M1 | T13: M2 | U13: M3 | V13: M4 | W13: M5 | X13: BY M | Y13: F | Z13: S age 1 | AA13: S age 2 | AB13: S age 3 | AC13: S age 4 | AD13: S age 5 | AE13: C age 1 | AF13: C age 2 | AG13: C age 3 | AH13: C age 4 | AI13: C age 5 | AJ13: Year | AK13: Catch | AL13: Spawners | AM13: C/(C+E) | AN13: seal N | AO13: hatchery rel | AP13: Temperature | AQ13: QSSL+NRKW | AR13: Obs Spawn | AS13: Fanom | AT13: Rel yr | AU13: Tot Releases | AV13: N1 | AW13: N2 | AX13: N3 | AY13: N4 | AZ13: N5 | BA13: S 1 | BB13: S 2 | BC13: S 3 | BD13: S 4 | BE13: S 5 | BF13: C 1 | BG13: C 2 | BH13: C 3 | BI13: C 4 | BJ13: C 5 | BK13: BY | BL13: Pred BYER | BM13: Release yr | BN13: C t+1 | BO13: C t+2 | BP13: C t+3 | BQ13: C t+4 | BR13: C t+5 | BS13: E t+1 | BT13: E t+2 | BU13: E t+3 | BV13: E t+4 | BW13: E t+5 | BX13: N1 | BY13: N2 | BZ13: N3 | CA13: N4 | CB13: N5 | CC13: MSR
A14: Rinit | B14: 0.3 | C14: first year ratio of recruitment to Ro | E14: Rhist/Ro | F14: =MAX(0,F13/Ro) -> 0.80967264 | G14: 1979 | H14: =EPRhist*I14 -> 24565666 | I14: =RhistSobs*I10 -> 1207841.4 | J14: =RhistSobs*J10 -> 73448.913 | K14: =RhistSobs*K10 -> 46995.708 | L14: =RhistSobs*L10 -> 19859.679 | M14: =RhistSobs*M10 -> 577.65883 | N14: =RhistSobs*N10 -> 3.1702589 | O14: 0.97066113 | P14: =O14-1 -> -0.029338868 | Q14: =MeMin+Mden*H14+P14 -> 2.8977585 | R14: =I$4+Mseal*AN14/40+Mhatch*AO14/30+Mtemp*(AP14-14.5) -> 2.8 | S14: =J$4 -> 0.3 | T14: =K$4+MSSLNRKWq*AQ14 -> 0.3 | U14: =L$4+MSSLNRKWq*AQ14 -> 0.3 | V14: =M$4 -> 0.3 | W14: =N$4 -> 0.3 | X14: =Q14+R15+S16+T17+U18+V19 -> 6.8977585 | Y14: =Fhist -> 0.3 | Z14: =Ssum*J14*EXP(-J$5*$Y14)*J$6 -> 4704.3592 | AA14: =Ssum*K14*EXP(-K$5*$Y14)*K$6 -> 4804.5082 | AB14: =Ssum*L14*EXP(-L$5*$Y14)*L$6 -> 8359.5927 | AC14: =Ssum*M14*EXP(-M$5*$Y14)*M$6 -> 254.19647 | AD14: =Ssum*N14*EXP(-N$5*$Y14)*N$6 -> 1.4091513 | AE14: =(1-EXP(-J$5*$Y14))*J14 -> 2170.7434 | AF14: =(1-EXP(-K$5*$Y14))*K14 -> 12180.431 | AG14: =(1-EXP(-L$5*$Y14))*L14 -> 5147.2671 | AH14: =(1-EXP(-M$5*$Y14))*M14 -> 149.71864 | AI14: =(1-EXP(-N$5*$Y14))*N14 -> 0.82167333 | AJ14: =G14 -> 1979 | AK14: =SUM(AE14:AI14) -> 19648.982 | AL14: =SUM(Z14:AD14) -> 18124.066 | AM14: =AK14/(AK14+AL14) -> 0.52018524 | AN14: 7.4626219 | AO14: 6.93055 | AP14: 14.487 | AQ14: =stressors!U9/stressors!U$49 -> 0.28238272 | AR14: =CHOOSE(stockcode,Esc!F29,Esc!G29,Esc!H29,Esc!I29,Esc!J29,Esc!K29,Esc!L29,Esc!M29,Esc!N28,Esc!O28,Esc!P28) -> 18124.066 | AS14: 0 | AT14: =AJ14 -> 1979 | AU14: 10000 | AW14: 0 | AX14: 0 | AY14: 0 | AZ14: 0 | BA14: =AV14*Z14/J14 -> 0 | BB14: =AW14*AA14/K14 -> 0 | BC14: =AX14*AB14/L14 -> 0 | BD14: =AY14*AC14/M14 -> 0 | BE14: =AZ14*AD14/N14 -> 0 | BF14: =AV14*AE14/J14 -> 0 | BG14: =AW14*AF14/K14 -> 0 | BH14: =AX14*AG14/L14 -> 0 | BI14: =AY14*AH14/M14 -> 0 | BJ14: =AZ14*AI14/N14 -> 0 | BK14: =AT14-2 -> 1977 | BL14: =(AE14+AF15+AG16+AH17+AI18)/(AE14+AF15+AG16+AH17+AI18+Z14+AA15+AB16+AC17+AD18) -> 0.52018524 | BM14: =AT14 -> 1979 | BN14: =BF15 -> 17.97209 | BO14: =BG16 -> 100.84462 | BP14: =BH17 -> 42.615421 | BQ14: =BI18 -> 1.2395555 | BR14: =BJ19 -> 0.0068028246 | BS14: =BA15 -> 38.948483 | BT14: =BB16 -> 39.777641 | BU14: =BC17 -> 69.211012 | BV14: =BD18 -> 2.1045517 | BW14: =BE19 -> 0.011666691 | BX14: =BY14*EXP(J$4)+BN14+BS14/Ssum -> 608.10063 | BY14: =BZ14*EXP(K$4)+BO14+BT14/Ssum -> 389.0884 | BZ14: =CA14*EXP(L$4)+BP14+BU14/Ssum -> 164.4229 | CA14: =CB14*EXP(M$4)+BQ14+BV14/Ssum -> 4.7825718 | CB14: =BR14+BW14/Ssum -> 0.02624731 | CC14: =BX14/AU14 -> 0.060810063
A15: MSR | B15: =So/Ro -> 0.023078932 | C15: calculated marine survival rate (also SPRo) | G15: 1980 | H15: =SUMPRODUCT(J$7:N$7,Z15:AD15) -> 24565666 | I15: =H14*EXP(-Q14) -> 1354715.3 | J15: =I14*EXP(-R14-I$5*$Y14)*(1-I$6) -> 73448.913 | K15: =J14*EXP(-S14-J$5*$Y14)*(1-J$6) -> 46995.708 | L15: =K14*EXP(-T14-K$5*$Y14)*(1-K$6) -> 19859.679 | M15: =L14*EXP(-U14-L$5*$Y14)*(1-L$6) -> 577.65883 | N15: =M14*EXP(-V14-M$5*$Y14)*(1-M$6) -> 3.1702589 | O15: 0.13494288 | P15: =O15-1 -> -0.86505712 | Q15: =MeMin+Mden*H15+P15 -> 2.0620402 | R15: =I$4+Mseal*AN15/40+Mhatch*AO15/30+Mtemp*(AP15-14.5) -> 2.8 | S15: =J$4 -> 0.3 | T15: =K$4+MSSLNRKWq*AQ15 -> 0.3 | U15: =L$4+MSSLNRKWq*AQ15 -> 0.3 | V15: =M$4 -> 0.3 | W15: =N$4 -> 0.3 | X15: =Q15+R16+S17+T18+U19+V20 -> 6.0620402 | Y15: =IF(UseRetro,RetroF,Ftest*ER!$D22+AS15) -> 0.3 | Z15: =Ssum*J15*EXP(-J$5*$Y15)*J$6 -> 4704.3592 | AA15: =Ssum*K15*EXP(-K$5*$Y15)*K$6 -> 4804.5082 | AB15: =Ssum*L15*EXP(-L$5*$Y15)*L$6 -> 8359.5927 | AC15: =Ssum*M15*EXP(-M$5*$Y15)*M$6 -> 254.19647 | AD15: =Ssum*N15*EXP(-N$5*$Y15)*N$6 -> 1.4091513 | AE15: =(1-EXP(-J$5*$Y15))*J15 -> 2170.7434 | AF15: =(1-EXP(-K$5*$Y15))*K15 -> 12180.431 | AG15: =(1-EXP(-L$5*$Y15))*L15 -> 5147.2671 | AH15: =(1-EXP(-M$5*$Y15))*M15 -> 149.71864 | AI15: =(1-EXP(-N$5*$Y15))*N15 -> 0.82167333 | AJ15: =G15 -> 1980 | AK15: =SUM(AE15:AI15) -> 19648.982 | AL15: =SUM(Z15:AD15) -> 18124.066 | AM15: =AK15/(AK15+AL15) -> 0.52018524 | AN15: 8.6430824 | AO15: 8.749515 | AP15: 14.675 | AQ15: =stressors!U10/stressors!U$49 -> 0.28598083 | AR15: =CHOOSE(stockcode,Esc!F30,Esc!G30,Esc!H30,Esc!I30,Esc!J30,Esc!K30,Esc!L30,Esc!M30,Esc!N29,Esc!O29,Esc!P29) -> 19514.502 | AS15: 0 | AT15: =AJ15 -> 1980 | AU15: 10000 | AV15: =AU14*J15/I14 -> 608.10063 | AW15: =AV14*K15/J14 -> 0 | AX15: =AW14*L15/K14 -> 0 | AY15: =AX14*M15/L14 -> 0 | AZ15: =AY14*N15/M14 -> 0 | BA15: =AV15*Z15/J15 -> 38.948483 | BB15: =AW15*AA15/K15 -> 0 | BC15: =AX15*AB15/L15 -> 0 | BD15: =AY15*AC15/M15 -> 0 | BE15: =AZ15*AD15/N15 -> 0 | BF15: =AV15*AE15/J15 -> 17.97209 | BG15: =AW15*AF15/K15 -> 0 | BH15: =AX15*AG15/L15 -> 0 | BI15: =AY15*AH15/M15 -> 0 | BJ15: =AZ15*AI15/N15 -> 0 | BK15: =AT15-2 -> 1978 | BL15: =(AE15+AF16+AG17+AH18+AI19)/(AE15+AF16+AG17+AH18+AI19+Z15+AA16+AB17+AC18+AD19) -> 0.52018524 | BM15: =AT15 -> 1980 | BN15: =BF16 -> 17.97209 | BO15: =BG17 -> 100.84462 | BP15: =BH18 -> 42.615421 | BQ15: =BI19 -> 1.2395555 | BR15: =BJ20 -> 0.0068028246 | BS15: =BA16 -> 38.948483 | BT15: =BB17 -> 39.777641 | BU15: =BC18 -> 69.211012 | BV15: =BD19 -> 2.1045517 | BW15: =BE20 -> 0.011666691 | BX15: =BY15*EXP(J$4)+BN15+BS15/Ssum -> 608.10063 | BY15: =BZ15*EXP(K$4)+BO15+BT15/Ssum -> 389.0884 | BZ15: =CA15*EXP(L$4)+BP15+BU15/Ssum -> 164.4229 | CA15: =CB15*EXP(M$4)+BQ15+BV15/Ssum -> 4.7825718 | CB15: =BR15+BW15/Ssum -> 0.02624731 | CC15: =BX15/AU15 -> 0.060810063
A16: unfished M | B16: =MeUnf+SUM(Mo) -> 7.8733327 | C16: Unfished lifecycle total M | G16: 1981 | H16: =SUMPRODUCT(J$7:N$7,Z16:AD16) -> 24565666 | I16: =IF(LHT=1,H15*EXP(-Q15),H14*EXP(-Q14)) -> 1354715.3 | J16: =I15*EXP(-R15-I$5*$Y15)*(1-I$6) -> 82380.322 | K16: =J15*EXP(-S15-J$5*$Y15)*(1-J$6) -> 46995.708 | L16: =K15*EXP(-T15-K$5*$Y15)*(1-K$6) -> 19859.679 | M16: =L15*EXP(-U15-L$5*$Y15)*(1-L$6) -> 577.65883 | N16: =M15*EXP(-V15-M$5*$Y15)*(1-M$6) -> 3.1702589 | O16: 0.16571233 | P16: =O16-1 -> -0.83428767 | Q16: =MeMin+Mden*H16+P16 -> 2.0928097 | R16: =I$4+Mseal*AN16/40+Mhatch*AO16/30+Mtemp*(AP16-14.5) -> 2.8 | S16: =J$4 -> 0.3 | T16: =K$4+MSSLNRKWq*AQ16 -> 0.3 | U16: =L$4+MSSLNRKWq*AQ16 -> 0.3 | V16: =M$4 -> 0.3 | W16: =N$4 -> 0.3 | X16: =Q16+R17+S18+T19+U20+V21 -> 6.0928097 | Y16: =IF(UseRetro,RetroF,Ftest*ER!$D23+AS16) -> 0.3 | Z16: =Ssum*J16*EXP(-J$5*$Y16)*J$6 -> 5276.4106 | AA16: =Ssum*K16*EXP(-K$5*$Y16)*K$6 -> 4804.5082 | AB16: =Ssum*L16*EXP(-L$5*$Y16)*L$6 -> 8359.5927 | AC16: =Ssum*M16*EXP(-M$5*$Y16)*M$6 -> 254.19647 | AD16: =Ssum*N16*EXP(-N$5*$Y16)*N$6 -> 1.4091513 | AE16: =(1-EXP(-J$5*$Y16))*J16 -> 2434.7065 | AF16: =(1-EXP(-K$5*$Y16))*K16 -> 12180.431 | AG16: =(1-EXP(-L$5*$Y16))*L16 -> 5147.2671 | AH16: =(1-EXP(-M$5*$Y16))*M16 -> 149.71864 | AI16: =(1-EXP(-N$5*$Y16))*N16 -> 0.82167333 | AJ16: =G16 -> 1981 | AK16: =SUM(AE16:AI16) -> 19912.945 | AL16: =SUM(Z16:AD16) -> 18696.117 | AM16: =AK16/(AK16+AL16) -> 0.51575832 | AN16: 9.9811619 | AO16: 7.274729 | AP16: 15.689 | AQ16: =stressors!U11/stressors!U$49 -> 0.28832188 | AR16: =CHOOSE(stockcode,Esc!F31,Esc!G31,Esc!H31,Esc!I31,Esc!J31,Esc!K31,Esc!L31,Esc!M31,Esc!N30,Esc!O30,Esc!P30) -> 14214.614 | AS16: 0 | AT16: =AJ16 -> 1981 | AU16: 10000 | AV16: =AU15*J16/I15 -> 608.10063 | AW16: =AV15*K16/J15 -> 389.0884 | AX16: =AW15*L16/K15 -> 0 | AY16: =AX15*M16/L15 -> 0 | AZ16: =AY15*N16/M15 -> 0 | BA16: =AV16*Z16/J16 -> 38.948483 | BB16: =AW16*AA16/K16 -> 39.777641 | BC16: =AX16*AB16/L16 -> 0 | BD16: =AY16*AC16/M16 -> 0 | BE16: =AZ16*AD16/N16 -> 0 | BF16: =AV16*AE16/J16 -> 17.97209 | BG16: =AW16*AF16/K16 -> 100.84462 | BH16: =AX16*AG16/L16 -> 0 | BI16: =AY16*AH16/M16 -> 0 | BJ16: =AZ16*AI16/N16 -> 0 | BK16: =AT16-2 -> 1979 | BL16: =(AE16+AF17+AG18+AH19+AI20)/(AE16+AF17+AG18+AH19+AI20+Z16+AA17+AB18+AC19+AD20) -> 0.52018524 | BM16: =AT16 -> 1981 | BN16: =BF17 -> 17.97209 | BO16: =BG18 -> 100.84462 | BP16: =BH19 -> 42.615421 | BQ16: =BI20 -> 1.2395555 | BR16: =BJ21 -> 0.0068028246 | BS16: =BA17 -> 38.948483 | BT16: =BB18 -> 39.777641 | BU16: =BC19 -> 69.211012 | BV16: =BD20 -> 2.1045517 | BW16: =BE21 -> 0.011666691 | BX16: =BY16*EXP(J$4)+BN16+BS16/Ssum -> 608.10063 | BY16: =BZ16*EXP(K$4)+BO16+BT16/Ssum -> 389.0884 | BZ16: =CA16*EXP(L$4)+BP16+BU16/Ssum -> 164.4229 | CA16: =CB16*EXP(M$4)+BQ16+BV16/Ssum -> 4.7825718 | CB16: =BR16+BW16/Ssum -> 0.02624731 | CC16: =BX16/AU16 -> 0.060810063
A17: exp unf. M | B17: =-LN(1/2000) -> 7.6009025 | C17: Expected lifecycle M to replace a spawner | G17: 1982 | H17: =SUMPRODUCT(J$7:N$7,Z17:AD17) -> 25442011 | I17: =IF(LHT=1,H16*EXP(-Q16),H15*EXP(-Q15)) -> 3124610.3 | J17: =I16*EXP(-R16-I$5*$Y16)*(1-I$6) -> 82380.322 | K17: =J16*EXP(-S16-J$5*$Y16)*(1-J$6) -> 52710.4 | L17: =K16*EXP(-T16-K$5*$Y16)*(1-K$6) -> 19859.679 | M17: =L16*EXP(-U16-L$5*$Y16)*(1-L$6) -> 577.65883 | N17: =M16*EXP(-V16-M$5*$Y16)*(1-M$6) -> 3.1702589 | O17: -0.1844188 | P17: =O17-1 -> -1.1844188 | Q17: =MeMin+Mden*H17+P17 -> 1.7568195 | R17: =I$4+Mseal*AN17/40+Mhatch*AO17/30+Mtemp*(AP17-14.5) -> 2.8 | S17: =J$4 -> 0.3 | T17: =K$4+MSSLNRKWq*AQ17 -> 0.3 | U17: =L$4+MSSLNRKWq*AQ17 -> 0.3 | V17: =M$4 -> 0.3 | W17: =N$4 -> 0.3 | X17: =Q17+R18+S19+T20+U21+V22 -> 5.7568195 | Y17: =IF(UseRetro,RetroF,Ftest*ER!$D24+AS17) -> 0.3 | Z17: =Ssum*J17*EXP(-J$5*$Y17)*J$6 -> 5276.4106 | AA17: =Ssum*K17*EXP(-K$5*$Y17)*K$6 -> 5388.7378 | AB17: =Ssum*L17*EXP(-L$5*$Y17)*L$6 -> 8359.5927 | AC17: =Ssum*M17*EXP(-M$5*$Y17)*M$6 -> 254.19647 | AD17: =Ssum*N17*EXP(-N$5*$Y17)*N$6 -> 1.4091513 | AE17: =(1-EXP(-J$5*$Y17))*J17 -> 2434.7065 | AF17: =(1-EXP(-K$5*$Y17))*K17 -> 13661.575 | AG17: =(1-EXP(-L$5*$Y17))*L17 -> 5147.2671 | AH17: =(1-EXP(-M$5*$Y17))*M17 -> 149.71864 | AI17: =(1-EXP(-N$5*$Y17))*N17 -> 0.82167333 | AJ17: =G17 -> 1982 | AK17: =SUM(AE17:AI17) -> 21394.089 | AL17: =SUM(Z17:AD17) -> 19280.347 | AM17: =AK17/(AK17+AL17) -> 0.52598367 | AN17: 11.487578 | AO17: 10.804773 | AP17: 15.307 | AQ17: =stressors!U12/stressors!U$49 -> 0.2950187 | AR17: =CHOOSE(stockcode,Esc!F32,Esc!G32,Esc!H32,Esc!I32,Esc!J32,Esc!K32,Esc!L32,Esc!M32,Esc!N31,Esc!O31,Esc!P31) -> 17650.493 | AS17: 0 | AT17: =AJ17 -> 1982 | AU17: 10000 | AV17: =AU16*J17/I16 -> 608.10063 | AW17: =AV16*K17/J16 -> 389.0884 | AX17: =AW16*L17/K16 -> 164.4229 | AY17: =AX16*M17/L16 -> 0 | AZ17: =AY16*N17/M16 -> 0 | BA17: =AV17*Z17/J17 -> 38.948483 | BB17: =AW17*AA17/K17 -> 39.777641 | BC17: =AX17*AB17/L17 -> 69.211012 | BD17: =AY17*AC17/M17 -> 0 | BE17: =AZ17*AD17/N17 -> 0 | BF17: =AV17*AE17/J17 -> 17.97209 | BG17: =AW17*AF17/K17 -> 100.84462 | BH17: =AX17*AG17/L17 -> 42.615421 | BI17: =AY17*AH17/M17 -> 0 | BJ17: =AZ17*AI17/N17 -> 0 | BK17: =AT17-2 -> 1980 | BL17: =(AE17+AF18+AG19+AH20+AI21)/(AE17+AF18+AG19+AH20+AI21+Z17+AA18+AB19+AC20+AD21) -> 0.52018524 | BM17: =AT17 -> 1982 | BN17: =BF18 -> 17.97209 | BO17: =BG19 -> 100.84462 | BP17: =BH20 -> 42.615421 | BQ17: =BI21 -> 1.2395555 | BR17: =BJ22 -> 0.0068028246 | BS17: =BA18 -> 38.948483 | BT17: =BB19 -> 39.777641 | BU17: =BC20 -> 69.211012 | BV17: =BD21 -> 2.1045517 | BW17: =BE22 -> 0.011666691 | BX17: =BY17*EXP(J$4)+BN17+BS17/Ssum -> 608.10063 | BY17: =BZ17*EXP(K$4)+BO17+BT17/Ssum -> 389.0884 | BZ17: =CA17*EXP(L$4)+BP17+BU17/Ssum -> 164.4229 | CA17: =CB17*EXP(M$4)+BQ17+BV17/Ssum -> 4.7825718 | CB17: =BR17+BW17/Ssum -> 0.02624731 | CC17: =BX17/AU17 -> 0.060810063
A18: exp Ric a | B18: =0.2*B17 -> 1.5201805 | C18: Hilborn-Walters predicted Ricker a | G18: 1983 | H18: =SUMPRODUCT(J$7:N$7,Z18:AD18) -> 27475069 | I18: =IF(LHT=1,H17*EXP(-Q17),H16*EXP(-Q16)) -> 3029931.8 | J18: =I17*EXP(-R17-I$5*$Y17)*(1-I$6) -> 190007.75 | K18: =J17*EXP(-S17-J$5*$Y17)*(1-J$6) -> 52710.4 | L18: =K17*EXP(-T17-K$5*$Y17)*(1-K$6) -> 22274.622 | M18: =L17*EXP(-U17-L$5*$Y17)*(1-L$6) -> 577.65883 | N18: =M17*EXP(-V17-M$5*$Y17)*(1-M$6) -> 3.1702589 | O18: -0.046716085 | P18: =O18-1 -> -1.0467161 | Q18: =MeMin+Mden*H18+P18 -> 1.9273282 | R18: =I$4+Mseal*AN18/40+Mhatch*AO18/30+Mtemp*(AP18-14.5) -> 2.8 | S18: =J$4 -> 0.3 | T18: =K$4+MSSLNRKWq*AQ18 -> 0.3 | U18: =L$4+MSSLNRKWq*AQ18 -> 0.3 | V18: =M$4 -> 0.3 | W18: =N$4 -> 0.3 | X18: =Q18+R19+S20+T21+U22+V23 -> 5.9273282 | Y18: =IF(UseRetro,RetroF,Ftest*ER!$D25+AS18) -> 0.3 | Z18: =Ssum*J18*EXP(-J$5*$Y18)*J$6 -> 12169.883 | AA18: =Ssum*K18*EXP(-K$5*$Y18)*K$6 -> 5388.7378 | AB18: =Ssum*L18*EXP(-L$5*$Y18)*L$6 -> 9376.1216 | AC18: =Ssum*M18*EXP(-M$5*$Y18)*M$6 -> 254.19647 | AD18: =Ssum*N18*EXP(-N$5*$Y18)*N$6 -> 1.4091513 | AE18: =(1-EXP(-J$5*$Y18))*J18 -> 5615.5776 | AF18: =(1-EXP(-K$5*$Y18))*K18 -> 13661.575 | AG18: =(1-EXP(-L$5*$Y18))*L18 -> 5773.1762 | AH18: =(1-EXP(-M$5*$Y18))*M18 -> 149.71864 | AI18: =(1-EXP(-N$5*$Y18))*N18 -> 0.82167333 | AJ18: =G18 -> 1983 | AK18: =SUM(AE18:AI18) -> 25200.869 | AL18: =SUM(Z18:AD18) -> 27190.348 | AM18: =AK18/(AK18+AL18) -> 0.48101324 | AN18: 13.169482 | AO18: 12.547973 | AP18: 14.999 | AQ18: =stressors!U13/stressors!U$49 -> 0.30518206 | AR18: =CHOOSE(stockcode,Esc!F33,Esc!G33,Esc!H33,Esc!I33,Esc!J33,Esc!K33,Esc!L33,Esc!M33,Esc!N32,Esc!O32,Esc!P32) -> 29204.887 | AS18: 0 | AT18: =AJ18 -> 1983 | AU18: 10000 | AV18: =AU17*J18/I17 -> 608.10063 | AW18: =AV17*K18/J17 -> 389.0884 | AX18: =AW17*L18/K17 -> 164.4229 | AY18: =AX17*M18/L17 -> 4.7825718 | AZ18: =AY17*N18/M17 -> 0 | BA18: =AV18*Z18/J18 -> 38.948483 | BB18: =AW18*AA18/K18 -> 39.777641 | BC18: =AX18*AB18/L18 -> 69.211012 | BD18: =AY18*AC18/M18 -> 2.1045517 | BE18: =AZ18*AD18/N18 -> 0 | BF18: =AV18*AE18/J18 -> 17.97209 | BG18: =AW18*AF18/K18 -> 100.84462 | BH18: =AX18*AG18/L18 -> 42.615421 | BI18: =AY18*AH18/M18 -> 1.2395555 | BJ18: =AZ18*AI18/N18 -> 0 | BK18: =AT18-2 -> 1981 | BL18: =(AE18+AF19+AG20+AH21+AI22)/(AE18+AF19+AG20+AH21+AI22+Z18+AA19+AB20+AC21+AD22) -> 0.52018524 | BM18: =AT18 -> 1983 | BN18: =BF19 -> 17.97209 | BO18: =BG20 -> 100.84462 | BP18: =BH21 -> 42.615421 | BQ18: =BI22 -> 1.2395555 | BR18: =BJ23 -> 0.0068028246 | BS18: =BA19 -> 38.948483 | BT18: =BB20 -> 39.777641 | BU18: =BC21 -> 69.211012 | BV18: =BD22 -> 2.1045517 | BW18: =BE23 -> 0.011666691 | BX18: =BY18*EXP(J$4)+BN18+BS18/Ssum -> 608.10063 | BY18: =BZ18*EXP(K$4)+BO18+BT18/Ssum -> 389.0884 | BZ18: =CA18*EXP(L$4)+BP18+BU18/Ssum -> 164.4229 | CA18: =CB18*EXP(M$4)+BQ18+BV18/Ssum -> 4.7825718 | CB18: =BR18+BW18/Ssum -> 0.02624731 | CC18: =BX18/AU18 -> 0.060810063
A19: Fhist | B19: =Ftest -> 0.3 | C19: assumed average historical F | D19: Pellet egg-smolt surv | E19: 0.12 | G19: 1984 | H19: =SUMPRODUCT(J$7:N$7,Z19:AD19) -> 38112682 | I19: =IF(LHT=1,H18*EXP(-Q18),H17*EXP(-Q17)) -> 4391111.1 | J19: =I18*EXP(-R18-I$5*$Y18)*(1-I$6) -> 184250.34 | K19: =J18*EXP(-S18-J$5*$Y18)*(1-J$6) -> 121574.96 | L19: =K18*EXP(-T18-K$5*$Y18)*(1-K$6) -> 22274.622 | M19: =L18*EXP(-U18-L$5*$Y18)*(1-L$6) -> 647.90231 | N19: =M18*EXP(-V18-M$5*$Y18)*(1-M$6) -> 3.1702589 | O19: 0.77674456 | P19: =O19-1 -> -0.22325544 | Q19: =MeMin+Mden*H19+P19 -> 2.9224402 | R19: =I$4+Mseal*AN19/40+Mhatch*AO19/30+Mtemp*(AP19-14.5) -> 2.8 | S19: =J$4 -> 0.3 | T19: =K$4+MSSLNRKWq*AQ19 -> 0.3 | U19: =L$4+MSSLNRKWq*AQ19 -> 0.3 | V19: =M$4 -> 0.3 | W19: =N$4 -> 0.3 | X19: =Q19+R20+S21+T22+U23+V24 -> 6.9224402 | Y19: =IF(UseRetro,RetroF,Ftest*ER!$D26+AS19) -> 0.3 | Z19: =Ssum*J19*EXP(-J$5*$Y19)*J$6 -> 11801.125 | AA19: =Ssum*K19*EXP(-K$5*$Y19)*K$6 -> 12428.963 | AB19: =Ssum*L19*EXP(-L$5*$Y19)*L$6 -> 9376.1216 | AC19: =Ssum*M19*EXP(-M$5*$Y19)*M$6 -> 285.10683 | AD19: =Ssum*N19*EXP(-N$5*$Y19)*N$6 -> 1.4091513 | AE19: =(1-EXP(-J$5*$Y19))*J19 -> 5445.4206 | AF19: =(1-EXP(-K$5*$Y19))*K19 -> 31510.015 | AG19: =(1-EXP(-L$5*$Y19))*L19 -> 5773.1762 | AH19: =(1-EXP(-M$5*$Y19))*M19 -> 167.92447 | AI19: =(1-EXP(-N$5*$Y19))*N19 -> 0.82167333 | AJ19: =G19 -> 1984 | AK19: =SUM(AE19:AI19) -> 42897.358 | AL19: =SUM(Z19:AD19) -> 33892.725 | AM19: =AK19/(AK19+AL19) -> 0.55863148 | AN19: 15.028157 | AO19: 14.370434 | AP19: 15.337 | AQ19: =stressors!U14/stressors!U$49 -> 0.30889098 | AR19: =CHOOSE(stockcode,Esc!F34,Esc!G34,Esc!H34,Esc!I34,Esc!J34,Esc!K34,Esc!L34,Esc!M34,Esc!N33,Esc!O33,Esc!P33) -> 36372.975 | AS19: 0 | AT19: =AJ19 -> 1984 | AU19: 10000 | AV19: =AU18*J19/I18 -> 608.10063 | AW19: =AV18*K19/J18 -> 389.0884 | AX19: =AW18*L19/K18 -> 164.4229 | AY19: =AX18*M19/L18 -> 4.7825718 | AZ19: =AY18*N19/M18 -> 0.02624731 | BA19: =AV19*Z19/J19 -> 38.948483 | BB19: =AW19*AA19/K19 -> 39.777641 | BC19: =AX19*AB19/L19 -> 69.211012 | BD19: =AY19*AC19/M19 -> 2.1045517 | BE19: =AZ19*AD19/N19 -> 0.011666691 | BF19: =AV19*AE19/J19 -> 17.97209 | BG19: =AW19*AF19/K19 -> 100.84462 | BH19: =AX19*AG19/L19 -> 42.615421 | BI19: =AY19*AH19/M19 -> 1.2395555 | BJ19: =AZ19*AI19/N19 -> 0.0068028246 | BK19: =AT19-2 -> 1982 | BL19: =(AE19+AF20+AG21+AH22+AI23)/(AE19+AF20+AG21+AH22+AI23+Z19+AA20+AB21+AC22+AD23) -> 0.52018524 | BM19: =AT19 -> 1984 | BN19: =BF20 -> 17.97209 | BO19: =BG21 -> 100.84462 | BP19: =BH22 -> 42.615421 | BQ19: =BI23 -> 1.2395555 | BR19: =BJ24 -> 0.0068028246 | BS19: =BA20 -> 38.948483 | BT19: =BB21 -> 39.777641 | BU19: =BC22 -> 69.211012 | BV19: =BD23 -> 2.1045517 | BW19: =BE24 -> 0.011666691 | BX19: =BY19*EXP(J$4)+BN19+BS19/Ssum -> 608.10063 | BY19: =BZ19*EXP(K$4)+BO19+BT19/Ssum -> 389.0884 | BZ19: =CA19*EXP(L$4)+BP19+BU19/Ssum -> 164.4229 | CA19: =CB19*EXP(M$4)+BQ19+BV19/Ssum -> 4.7825718 | CB19: =BR19+BW19/Ssum -> 0.02624731 | CC19: =BX19/AU19 -> 0.060810063
A20: EPRhist | B20: =SUMPRODUCT(Lhist,fec,mat,EXP(-vul*Fhist)*Ssum) -> 20.338486 | C20: historical sustained eggs per smolt | D20: hist egg-smolt surv | E20: =1/B20 -> 0.049167867 | G20: 1985 | H20: =SUMPRODUCT(J$7:N$7,Z20:AD20) -> 62047527 | I20: =IF(LHT=1,H19*EXP(-Q19),H18*EXP(-Q18)) -> 3998626.1 | J20: =I19*EXP(-R19-I$5*$Y19)*(1-I$6) -> 267023.74 | K20: =J19*EXP(-S19-J$5*$Y19)*(1-J$6) -> 117891.13 | L20: =K19*EXP(-T19-K$5*$Y19)*(1-K$6) -> 51375.75 | M20: =L19*EXP(-U19-L$5*$Y19)*(1-L$6) -> 647.90231 | N20: =M19*EXP(-V19-M$5*$Y19)*(1-M$6) -> 3.5557633 | O20: 0.26434207 | P20: =O20-1 -> -0.73565793 | Q20: =MeMin+Mden*H20+P20 -> 2.796257 | R20: =I$4+Mseal*AN20/40+Mhatch*AO20/30+Mtemp*(AP20-14.5) -> 2.8 | S20: =J$4 -> 0.3 | T20: =K$4+MSSLNRKWq*AQ20 -> 0.3 | U20: =L$4+MSSLNRKWq*AQ20 -> 0.3 | V20: =M$4 -> 0.3 | W20: =N$4 -> 0.3 | X20: =Q20+R21+S22+T23+U24+V25 -> 6.796257 | Y20: =IF(UseRetro,RetroF,Ftest*ER!$D27+AS20) -> 0.3 | Z20: =Ssum*J20*EXP(-J$5*$Y20)*J$6 -> 17102.712 | AA20: =Ssum*K20*EXP(-K$5*$Y20)*K$6 -> 12052.354 | AB20: =Ssum*L20*EXP(-L$5*$Y20)*L$6 -> 21625.744 | AC20: =Ssum*M20*EXP(-M$5*$Y20)*M$6 -> 285.10683 | AD20: =Ssum*N20*EXP(-N$5*$Y20)*N$6 -> 1.5805045 | AE20: =(1-EXP(-J$5*$Y20))*J20 -> 7891.7442 | AF20: =(1-EXP(-K$5*$Y20))*K20 -> 30555.233 | AG20: =(1-EXP(-L$5*$Y20))*L20 -> 13315.658 | AH20: =(1-EXP(-M$5*$Y20))*M20 -> 167.92447 | AI20: =(1-EXP(-N$5*$Y20))*N20 -> 0.92158905 | AJ20: =G20 -> 1985 | AK20: =SUM(AE20:AI20) -> 51931.481 | AL20: =SUM(Z20:AD20) -> 51067.497 | AM20: =AK20/(AK20+AL20) -> 0.50419414 | AN20: 17.057706 | AO20: 20.076246 | AP20: 15.185 | AQ20: =stressors!U15/stressors!U$49 -> 0.32413603 | AR20: =CHOOSE(stockcode,Esc!F35,Esc!G35,Esc!H35,Esc!I35,Esc!J35,Esc!K35,Esc!L35,Esc!M35,Esc!N34,Esc!O34,Esc!P34) -> 52231.921 | AS20: 0 | AT20: =AJ20 -> 1985 | AU20: 10000 | AV20: =AU19*J20/I19 -> 608.10063 | AW20: =AV19*K20/J19 -> 389.0884 | AX20: =AW19*L20/K19 -> 164.4229 | AY20: =AX19*M20/L19 -> 4.7825718 | AZ20: =AY19*N20/M19 -> 0.02624731 | BA20: =AV20*Z20/J20 -> 38.948483 | BB20: =AW20*AA20/K20 -> 39.777641 | BC20: =AX20*AB20/L20 -> 69.211012 | BD20: =AY20*AC20/M20 -> 2.1045517 | BE20: =AZ20*AD20/N20 -> 0.011666691 | BF20: =AV20*AE20/J20 -> 17.97209 | BG20: =AW20*AF20/K20 -> 100.84462 | BH20: =AX20*AG20/L20 -> 42.615421 | BI20: =AY20*AH20/M20 -> 1.2395555 | BJ20: =AZ20*AI20/N20 -> 0.0068028246 | BK20: =AT20-2 -> 1983 | BL20: =(AE20+AF21+AG22+AH23+AI24)/(AE20+AF21+AG22+AH23+AI24+Z20+AA21+AB22+AC23+AD24) -> 0.52018524 | BM20: =AT20 -> 1985 | BN20: =BF21 -> 17.97209 | BO20: =BG22 -> 100.84462 | BP20: =BH23 -> 42.615421 | BQ20: =BI24 -> 1.2395555 | BR20: =BJ25 -> 0.0068028246 | BS20: =BA21 -> 38.948483 | BT20: =BB22 -> 39.777641 | BU20: =BC23 -> 69.211012 | BV20: =BD24 -> 2.1045517 | BW20: =BE25 -> 0.011666691 | BX20: =BY20*EXP(J$4)+BN20+BS20/Ssum -> 608.10063 | BY20: =BZ20*EXP(K$4)+BO20+BT20/Ssum -> 389.0884 | BZ20: =CA20*EXP(L$4)+BP20+BU20/Ssum -> 164.4229 | CA20: =CB20*EXP(M$4)+BQ20+BV20/Ssum -> 4.7825718 | CB20: =BR20+BW20/Ssum -> 0.02624731 | CC20: =BX20/AU20 -> 0.060810063
A21: Ffuture | B21: 0.2 | C21: Future F | D21: delm | E21: =-LN(1/EPRo)+LN(1/EPRhist) -> 0.5608177 | G21: 1986 | H21: =SUMPRODUCT(J$7:N$7,Z21:AD21) -> 69789853 | I21: =IF(LHT=1,H20*EXP(-Q20),H19*EXP(-Q19)) -> 2050547.5 | J21: =I20*EXP(-R20-I$5*$Y20)*(1-I$6) -> 243156.7 | K21: =J20*EXP(-S20-J$5*$Y20)*(1-J$6) -> 170853.04 | L21: =K20*EXP(-T20-K$5*$Y20)*(1-K$6) -> 49819.019 | M21: =L20*EXP(-U20-L$5*$Y20)*(1-L$6) -> 1494.3673 | N21: =M20*EXP(-V20-M$5*$Y20)*(1-M$6) -> 3.5557633 | O21: 0.71773053 | P21: =O21-1 -> -0.28226947 | Q21: =MeMin+Mden*H21+P21 -> 3.3745777 | R21: =I$4+Mseal*AN21/40+Mhatch*AO21/30+Mtemp*(AP21-14.5) -> 2.8 | S21: =J$4 -> 0.3 | T21: =K$4+MSSLNRKWq*AQ21 -> 0.3 | U21: =L$4+MSSLNRKWq*AQ21 -> 0.3 | V21: =M$4 -> 0.3 | W21: =N$4 -> 0.3 | X21: =Q21+R22+S23+T24+U25+V26 -> 7.3745777 | Y21: =IF(UseRetro,RetroF,Ftest*ER!$D28+AS21) -> 0.3 | Z21: =Ssum*J21*EXP(-J$5*$Y21)*J$6 -> 15574.042 | AA21: =Ssum*K21*EXP(-K$5*$Y21)*K$6 -> 17466.804 | AB21: =Ssum*L21*EXP(-L$5*$Y21)*L$6 -> 20970.465 | AC21: =Ssum*M21*EXP(-M$5*$Y21)*M$6 -> 657.59038 | AD21: =Ssum*N21*EXP(-N$5*$Y21)*N$6 -> 1.5805045 | AE21: =(1-EXP(-J$5*$Y21))*J21 -> 7186.3666 | AF21: =(1-EXP(-K$5*$Y21))*K21 -> 44281.994 | AG21: =(1-EXP(-L$5*$Y21))*L21 -> 12912.182 | AH21: =(1-EXP(-M$5*$Y21))*M21 -> 387.31277 | AI21: =(1-EXP(-N$5*$Y21))*N21 -> 0.92158905 | AJ21: =G21 -> 1986 | AK21: =SUM(AE21:AI21) -> 64768.777 | AL21: =SUM(Z21:AD21) -> 54670.482 | AM21: =AK21/(AK21+AL21) -> 0.54227377 | AN21: 19.243188 | AO21: 26.832445 | AP21: 15.359 | AQ21: =stressors!U16/stressors!U$49 -> 0.34020101 | AR21: =CHOOSE(stockcode,Esc!F36,Esc!G36,Esc!H36,Esc!I36,Esc!J36,Esc!K36,Esc!L36,Esc!M36,Esc!N35,Esc!O35,Esc!P35) -> 60718.439 | AS21: 0 | AT21: =AJ21 -> 1986 | AU21: 10000 | AV21: =AU20*J21/I20 -> 608.10063 | AW21: =AV20*K21/J20 -> 389.0884 | AX21: =AW20*L21/K20 -> 164.4229 | AY21: =AX20*M21/L20 -> 4.7825718 | AZ21: =AY20*N21/M20 -> 0.02624731 | BA21: =AV21*Z21/J21 -> 38.948483 | BB21: =AW21*AA21/K21 -> 39.777641 | BC21: =AX21*AB21/L21 -> 69.211012 | BD21: =AY21*AC21/M21 -> 2.1045517 | BE21: =AZ21*AD21/N21 -> 0.011666691 | BF21: =AV21*AE21/J21 -> 17.97209 | BG21: =AW21*AF21/K21 -> 100.84462 | BH21: =AX21*AG21/L21 -> 42.615421 | BI21: =AY21*AH21/M21 -> 1.2395555 | BJ21: =AZ21*AI21/N21 -> 0.0068028246 | BK21: =AT21-2 -> 1984 | BL21: =(AE21+AF22+AG23+AH24+AI25)/(AE21+AF22+AG23+AH24+AI25+Z21+AA22+AB23+AC24+AD25) -> 0.52018524 | BM21: =AT21 -> 1986 | BN21: =BF22 -> 17.97209 | BO21: =BG23 -> 100.84462 | BP21: =BH24 -> 42.615421 | BQ21: =BI25 -> 1.2395555 | BR21: =BJ26 -> 0.0068028246 | BS21: =BA22 -> 38.948483 | BT21: =BB23 -> 39.777641 | BU21: =BC24 -> 69.211012 | BV21: =BD25 -> 2.1045517 | BW21: =BE26 -> 0.011666691 | BX21: =BY21*EXP(J$4)+BN21+BS21/Ssum -> 608.10063 | BY21: =BZ21*EXP(K$4)+BO21+BT21/Ssum -> 389.0884 | BZ21: =CA21*EXP(L$4)+BP21+BU21/Ssum -> 164.4229 | CA21: =CB21*EXP(M$4)+BQ21+BV21/Ssum -> 4.7825718 | CB21: =BR21+BW21/Ssum -> 0.02624731 | CC21: =BX21/AU21 -> 0.060810063
A22: Mseal | B22: 0 | C22: added M due to seals at seal N=40000 | G22: 1987 | H22: =SUMPRODUCT(J$7:N$7,Z22:AD22) -> 86246134 | I22: =IF(LHT=1,H21*EXP(-Q21),H20*EXP(-Q20)) -> 3787263.3 | J22: =I21*EXP(-R21-I$5*$Y21)*(1-I$6) -> 124693.92 | K22: =J21*EXP(-S21-J$5*$Y21)*(1-J$6) -> 155581.9 | L22: =K21*EXP(-T21-K$5*$Y21)*(1-K$6) -> 72199.924 | M22: =L21*EXP(-U21-L$5*$Y21)*(1-L$6) -> 1449.0866 | N22: =M21*EXP(-V21-M$5*$Y21)*(1-M$6) -> 8.2012616 | O22: 0.60899123 | P22: =O22-1 -> -0.39100877 | Q22: =MeMin+Mden*H22+P22 -> 3.5313815 | R22: =I$4+Mseal*AN22/40+Mhatch*AO22/30+Mtemp*(AP22-14.5) -> 2.8 | S22: =J$4 -> 0.3 | T22: =K$4+MSSLNRKWq*AQ22 -> 0.3 | U22: =L$4+MSSLNRKWq*AQ22 -> 0.3 | V22: =M$4 -> 0.3 | W22: =N$4 -> 0.3 | X22: =Q22+R23+S24+T25+U26+V27 -> 7.5313815 | Y22: =IF(UseRetro,RetroF,Ftest*ER!$D29+AS22) -> 0.3 | Z22: =Ssum*J22*EXP(-J$5*$Y22)*J$6 -> 7986.5715 | AA22: =Ssum*K22*EXP(-K$5*$Y22)*K$6 -> 15905.591 | AB22: =Ssum*L22*EXP(-L$5*$Y22)*L$6 -> 30391.324 | AC22: =Ssum*M22*EXP(-M$5*$Y22)*M$6 -> 637.66481 | AD22: =Ssum*N22*EXP(-N$5*$Y22)*N$6 -> 3.6453864 | AE22: =(1-EXP(-J$5*$Y22))*J22 -> 3685.2623 | AF22: =(1-EXP(-K$5*$Y22))*K22 -> 40323.994 | AG22: =(1-EXP(-L$5*$Y22))*L22 -> 18712.905 | AH22: =(1-EXP(-M$5*$Y22))*M22 -> 375.57685 | AI22: =(1-EXP(-N$5*$Y22))*N22 -> 2.1256176 | AJ22: =G22 -> 1987 | AK22: =SUM(AE22:AI22) -> 63099.864 | AL22: =SUM(Z22:AD22) -> 54924.797 | AM22: =AK22/(AK22+AL22) -> 0.53463287 | AN22: 21.559445 | AO22: 33.270881 | AP22: 15.293 | AQ22: =stressors!U17/stressors!U$49 -> 0.34693537 | AR22: =CHOOSE(stockcode,Esc!F37,Esc!G37,Esc!H37,Esc!I37,Esc!J37,Esc!K37,Esc!L37,Esc!M37,Esc!N36,Esc!O36,Esc!P36) -> 61979.185 | AS22: 0 | AT22: =AJ22 -> 1987 | AU22: 10000 | AV22: =AU21*J22/I21 -> 608.10063 | AW22: =AV21*K22/J21 -> 389.0884 | AX22: =AW21*L22/K21 -> 164.4229 | AY22: =AX21*M22/L21 -> 4.7825718 | AZ22: =AY21*N22/M21 -> 0.02624731 | BA22: =AV22*Z22/J22 -> 38.948483 | BB22: =AW22*AA22/K22 -> 39.777641 | BC22: =AX22*AB22/L22 -> 69.211012 | BD22: =AY22*AC22/M22 -> 2.1045517 | BE22: =AZ22*AD22/N22 -> 0.011666691 | BF22: =AV22*AE22/J22 -> 17.97209 | BG22: =AW22*AF22/K22 -> 100.84462 | BH22: =AX22*AG22/L22 -> 42.615421 | BI22: =AY22*AH22/M22 -> 1.2395555 | BJ22: =AZ22*AI22/N22 -> 0.0068028246 | BK22: =AT22-2 -> 1985 | BL22: =(AE22+AF23+AG24+AH25+AI26)/(AE22+AF23+AG24+AH25+AI26+Z22+AA23+AB24+AC25+AD26) -> 0.52018524 | BM22: =AT22 -> 1987 | BN22: =BF23 -> 17.97209 | BO22: =BG24 -> 100.84462 | BP22: =BH25 -> 42.615421 | BQ22: =BI26 -> 1.2395555 | BR22: =BJ27 -> 0.0068028246 | BS22: =BA23 -> 38.948483 | BT22: =BB24 -> 39.777641 | BU22: =BC25 -> 69.211012 | BV22: =BD26 -> 2.1045517 | BW22: =BE27 -> 0.011666691 | BX22: =BY22*EXP(J$4)+BN22+BS22/Ssum -> 608.10063 | BY22: =BZ22*EXP(K$4)+BO22+BT22/Ssum -> 389.0884 | BZ22: =CA22*EXP(L$4)+BP22+BU22/Ssum -> 164.4229 | CA22: =CB22*EXP(M$4)+BQ22+BV22/Ssum -> 4.7825718 | CB22: =BR22+BW22/Ssum -> 0.02624731 | CC22: =BX22/AU22 -> 0.060810063
A23: Mhatch | B23: 0 | C23: added M at hatchery release 30 million | G23: 1988 | H23: =SUMPRODUCT(J$7:N$7,Z23:AD23) -> 69905618 | I23: =IF(LHT=1,H22*EXP(-Q22),H21*EXP(-Q21)) -> 2389086.1 | J23: =I22*EXP(-R22-I$5*$Y22)*(1-I$6) -> 230303.72 | K23: =J22*EXP(-S22-J$5*$Y22)*(1-J$6) -> 79784.424 | L23: =K22*EXP(-T22-K$5*$Y22)*(1-K$6) -> 65746.571 | M23: =L22*EXP(-U22-L$5*$Y22)*(1-L$6) -> 2100.0804 | N23: =M22*EXP(-V22-M$5*$Y22)*(1-M$6) -> 7.952756 | O23: 1.0271816 | P23: =O23-1 -> 0.027181587 | Q23: =MeMin+Mden*H23+P23 -> 3.6858968 | R23: =I$4+Mseal*AN23/40+Mhatch*AO23/30+Mtemp*(AP23-14.5) -> 2.8 | S23: =J$4 -> 0.3 | T23: =K$4+MSSLNRKWq*AQ23 -> 0.3 | U23: =L$4+MSSLNRKWq*AQ23 -> 0.3 | V23: =M$4 -> 0.3 | W23: =N$4 -> 0.3 | X23: =Q23+R24+S25+T26+U27+V28 -> 7.6858968 | Y23: =IF(UseRetro,RetroF,Ftest*ER!$D30+AS23) -> 0.3 | Z23: =Ssum*J23*EXP(-J$5*$Y23)*J$6 -> 14750.816 | AA23: =Ssum*K23*EXP(-K$5*$Y23)*K$6 -> 8156.5942 | AB23: =Ssum*L23*EXP(-L$5*$Y23)*L$6 -> 27674.896 | AC23: =Ssum*M23*EXP(-M$5*$Y23)*M$6 -> 924.13203 | AD23: =Ssum*N23*EXP(-N$5*$Y23)*N$6 -> 3.5349279 | AE23: =(1-EXP(-J$5*$Y23))*J23 -> 6806.5036 | AF23: =(1-EXP(-K$5*$Y23))*K23 -> 20678.669 | AG23: =(1-EXP(-L$5*$Y23))*L23 -> 17040.313 | AH23: =(1-EXP(-M$5*$Y23))*M23 -> 544.30258 | AI23: =(1-EXP(-N$5*$Y23))*N23 -> 2.0612095 | AJ23: =G23 -> 1988 | AK23: =SUM(AE23:AI23) -> 45071.85 | AL23: =SUM(Z23:AD23) -> 51509.973 | AM23: =AK23/(AK23+AL23) -> 0.46667011 | AN23: 23.969612 | AO23: 32.180595 | AP23: 15.997 | AQ23: =stressors!U18/stressors!U$49 -> 0.36094411 | AR23: =CHOOSE(stockcode,Esc!F38,Esc!G38,Esc!H38,Esc!I38,Esc!J38,Esc!K38,Esc!L38,Esc!M38,Esc!N37,Esc!O37,Esc!P37) -> 54064.134 | AS23: 0 | AT23: =AJ23 -> 1988 | AU23: 10000 | AV23: =AU22*J23/I22 -> 608.10063 | AW23: =AV22*K23/J22 -> 389.0884 | AX23: =AW22*L23/K22 -> 164.4229 | AY23: =AX22*M23/L22 -> 4.7825718 | AZ23: =AY22*N23/M22 -> 0.02624731 | BA23: =AV23*Z23/J23 -> 38.948483 | BB23: =AW23*AA23/K23 -> 39.777641 | BC23: =AX23*AB23/L23 -> 69.211012 | BD23: =AY23*AC23/M23 -> 2.1045517 | BE23: =AZ23*AD23/N23 -> 0.011666691 | BF23: =AV23*AE23/J23 -> 17.97209 | BG23: =AW23*AF23/K23 -> 100.84462 | BH23: =AX23*AG23/L23 -> 42.615421 | BI23: =AY23*AH23/M23 -> 1.2395555 | BJ23: =AZ23*AI23/N23 -> 0.0068028246 | BK23: =AT23-2 -> 1986 | BL23: =(AE23+AF24+AG25+AH26+AI27)/(AE23+AF24+AG25+AH26+AI27+Z23+AA24+AB25+AC26+AD27) -> 0.52018524 | BM23: =AT23 -> 1988 | BN23: =BF24 -> 17.97209 | BO23: =BG25 -> 100.84462 | BP23: =BH26 -> 42.615421 | BQ23: =BI27 -> 1.2395555 | BR23: =BJ28 -> 0.0068028246 | BS23: =BA24 -> 38.948483 | BT23: =BB25 -> 39.777641 | BU23: =BC26 -> 69.211012 | BV23: =BD27 -> 2.1045517 | BW23: =BE28 -> 0.011666691 | BX23: =BY23*EXP(J$4)+BN23+BS23/Ssum -> 608.10063 | BY23: =BZ23*EXP(K$4)+BO23+BT23/Ssum -> 389.0884 | BZ23: =CA23*EXP(L$4)+BP23+BU23/Ssum -> 164.4229 | CA23: =CB23*EXP(M$4)+BQ23+BV23/Ssum -> 4.7825718 | CB23: =BR23+BW23/Ssum -> 0.02624731 | CC23: =BX23/AU23 -> 0.060810063
A24: Mtemp | B24: 0 | C24: added M at temperature>14.5 | G24: 1989 | H24: =SUMPRODUCT(J$7:N$7,Z24:AD24) -> 53100551 | I24: =IF(LHT=1,H23*EXP(-Q23),H22*EXP(-Q22)) -> 2523946.5 | J24: =I23*EXP(-R23-I$5*$Y23)*(1-I$6) -> 145280.47 | K24: =J23*EXP(-S23-J$5*$Y23)*(1-J$6) -> 147358.02 | L24: =K23*EXP(-T23-K$5*$Y23)*(1-K$6) -> 33715.697 | M24: =L23*EXP(-U23-L$5*$Y23)*(1-L$6) -> 1912.3716 | N24: =M23*EXP(-V23-M$5*$Y23)*(1-M$6) -> 11.525486 | O24: 0.061937969 | P24: =O24-1 -> -0.93806203 | Q24: =MeMin+Mden*H24+P24 -> 2.449482 | R24: =I$4+Mseal*AN24/40+Mhatch*AO24/30+Mtemp*(AP24-14.5) -> 2.8 | S24: =J$4 -> 0.3 | T24: =K$4+MSSLNRKWq*AQ24 -> 0.3 | U24: =L$4+MSSLNRKWq*AQ24 -> 0.3 | V24: =M$4 -> 0.3 | W24: =N$4 -> 0.3 | X24: =Q24+R25+S26+T27+U28+V29 -> 6.449482 | Y24: =IF(UseRetro,RetroF,Ftest*ER!$D31+AS24) -> 0.3 | Z24: =Ssum*J24*EXP(-J$5*$Y24)*J$6 -> 9305.128 | AA24: =Ssum*K24*EXP(-K$5*$Y24)*K$6 -> 15064.84 | AB24: =Ssum*L24*EXP(-L$5*$Y24)*L$6 -> 14192.047 | AC24: =Ssum*M24*EXP(-M$5*$Y24)*M$6 -> 841.53153 | AD24: =Ssum*N24*EXP(-N$5*$Y24)*N$6 -> 5.1229739 | AE24: =(1-EXP(-J$5*$Y24))*J24 -> 4293.6869 | AF24: =(1-EXP(-K$5*$Y24))*K24 -> 38192.514 | AG24: =(1-EXP(-L$5*$Y24))*L24 -> 8738.4945 | AH24: =(1-EXP(-M$5*$Y24))*M24 -> 495.65188 | AI24: =(1-EXP(-N$5*$Y24))*N24 -> 2.9871959 | AJ24: =G24 -> 1989 | AK24: =SUM(AE24:AI24) -> 51723.335 | AL24: =SUM(Z24:AD24) -> 39408.669 | AM24: =AK24/(AK24+AL24) -> 0.56756499 | AN24: 26.424648 | AO24: 30.065616 | AP24: 16.347 | AQ24: =stressors!U19/stressors!U$49 -> 0.37110747 | AR24: =CHOOSE(stockcode,Esc!F39,Esc!G39,Esc!H39,Esc!I39,Esc!J39,Esc!K39,Esc!L39,Esc!M39,Esc!N38,Esc!O38,Esc!P38) -> 37950.629 | AS24: 0 | AT24: =AJ24 -> 1989 | AU24: 10000 | AV24: =AU23*J24/I23 -> 608.10063 | AW24: =AV23*K24/J23 -> 389.0884 | AX24: =AW23*L24/K23 -> 164.4229 | AY24: =AX23*M24/L23 -> 4.7825718 | AZ24: =AY23*N24/M23 -> 0.02624731 | BA24: =AV24*Z24/J24 -> 38.948483 | BB24: =AW24*AA24/K24 -> 39.777641 | BC24: =AX24*AB24/L24 -> 69.211012 | BD24: =AY24*AC24/M24 -> 2.1045517 | BE24: =AZ24*AD24/N24 -> 0.011666691 | BF24: =AV24*AE24/J24 -> 17.97209 | BG24: =AW24*AF24/K24 -> 100.84462 | BH24: =AX24*AG24/L24 -> 42.615421 | BI24: =AY24*AH24/M24 -> 1.2395555 | BJ24: =AZ24*AI24/N24 -> 0.0068028246 | BK24: =AT24-2 -> 1987 | BL24: =(AE24+AF25+AG26+AH27+AI28)/(AE24+AF25+AG26+AH27+AI28+Z24+AA25+AB26+AC27+AD28) -> 0.52018524 | BM24: =AT24 -> 1989 | BN24: =BF25 -> 17.97209 | BO24: =BG26 -> 100.84462 | BP24: =BH27 -> 42.615421 | BQ24: =BI28 -> 1.2395555 | BR24: =BJ29 -> 0.0068028246 | BS24: =BA25 -> 38.948483 | BT24: =BB26 -> 39.777641 | BU24: =BC27 -> 69.211012 | BV24: =BD28 -> 2.1045517 | BW24: =BE29 -> 0.011666691 | BX24: =BY24*EXP(J$4)+BN24+BS24/Ssum -> 608.10063 | BY24: =BZ24*EXP(K$4)+BO24+BT24/Ssum -> 389.0884 | BZ24: =CA24*EXP(L$4)+BP24+BU24/Ssum -> 164.4229 | CA24: =CB24*EXP(M$4)+BQ24+BV24/Ssum -> 4.7825718 | CB24: =BR24+BW24/Ssum -> 0.02624731 | CC24: =BX24/AU24 -> 0.060810063
A25: MSSLNRKWq | B25: 0 | C25: added M at peak SSL+NRKW Q | G25: 1990 | H25: =SUMPRODUCT(J$7:N$7,Z25:AD25) -> 67771763 | I25: =IF(LHT=1,H24*EXP(-Q24),H23*EXP(-Q23)) -> 1752860.9 | J25: =I24*EXP(-R24-I$5*$Y24)*(1-I$6) -> 153481.35 | K25: =J24*EXP(-S24-J$5*$Y24)*(1-J$6) -> 92956.567 | L25: =K24*EXP(-T24-K$5*$Y24)*(1-K$6) -> 62271.283 | M25: =L24*EXP(-U24-L$5*$Y24)*(1-L$6) -> 980.68905 | N25: =M24*EXP(-V24-M$5*$Y24)*(1-M$6) -> 10.495318 | O25: 0.28646754 | P25: =O25-1 -> -0.71353246 | Q25: =MeMin+Mden*H25+P25 -> 2.9107503 | R25: =I$4+Mseal*AN25/40+Mhatch*AO25/30+Mtemp*(AP25-14.5) -> 2.8 | S25: =J$4 -> 0.3 | T25: =K$4+MSSLNRKWq*AQ25 -> 0.3 | U25: =L$4+MSSLNRKWq*AQ25 -> 0.3 | V25: =M$4 -> 0.3 | W25: =N$4 -> 0.3 | X25: =Q25+R26+S27+T28+U29+V30 -> 6.9107503 | Y25: =IF(UseRetro,RetroF,Ftest*ER!$D32+AS25) -> 0.3 | Z25: =Ssum*J25*EXP(-J$5*$Y25)*J$6 -> 9830.389 | AA25: =Ssum*K25*EXP(-K$5*$Y25)*K$6 -> 9503.2208 | AB25: =Ssum*L25*EXP(-L$5*$Y25)*L$6 -> 26212.033 | AC25: =Ssum*M25*EXP(-M$5*$Y25)*M$6 -> 431.54832 | AD25: =Ssum*N25*EXP(-N$5*$Y25)*N$6 -> 4.6650737 | AE25: =(1-EXP(-J$5*$Y25))*J25 -> 4536.0593 | AF25: =(1-EXP(-K$5*$Y25))*K25 -> 24092.649 | AG25: =(1-EXP(-L$5*$Y25))*L25 -> 16139.582 | AH25: =(1-EXP(-M$5*$Y25))*M25 -> 254.17673 | AI25: =(1-EXP(-N$5*$Y25))*N25 -> 2.7201952 | AJ25: =G25 -> 1990 | AK25: =SUM(AE25:AI25) -> 45025.187 | AL25: =SUM(Z25:AD25) -> 45981.856 | AM25: =AK25/(AK25+AL25) -> 0.49474398 | AN25: 28.864553 | AO25: 33.204686 | AP25: 15.516 | AQ25: =stressors!U20/stressors!U$49 -> 0.3810889 | AR25: =CHOOSE(stockcode,Esc!F40,Esc!G40,Esc!H40,Esc!I40,Esc!J40,Esc!K40,Esc!L40,Esc!M40,Esc!N39,Esc!O39,Esc!P39) -> 51157.855 | AS25: 0 | AT25: =AJ25 -> 1990 | AU25: 10000 | AV25: =AU24*J25/I24 -> 608.10063 | AW25: =AV24*K25/J24 -> 389.0884 | AX25: =AW24*L25/K24 -> 164.4229 | AY25: =AX24*M25/L24 -> 4.7825718 | AZ25: =AY24*N25/M24 -> 0.02624731 | BA25: =AV25*Z25/J25 -> 38.948483 | BB25: =AW25*AA25/K25 -> 39.777641 | BC25: =AX25*AB25/L25 -> 69.211012 | BD25: =AY25*AC25/M25 -> 2.1045517 | BE25: =AZ25*AD25/N25 -> 0.011666691 | BF25: =AV25*AE25/J25 -> 17.97209 | BG25: =AW25*AF25/K25 -> 100.84462 | BH25: =AX25*AG25/L25 -> 42.615421 | BI25: =AY25*AH25/M25 -> 1.2395555 | BJ25: =AZ25*AI25/N25 -> 0.0068028246 | BK25: =AT25-2 -> 1988 | BL25: =(AE25+AF26+AG27+AH28+AI29)/(AE25+AF26+AG27+AH28+AI29+Z25+AA26+AB27+AC28+AD29) -> 0.52018524 | BM25: =AT25 -> 1990 | BN25: =BF26 -> 17.97209 | BO25: =BG27 -> 100.84462 | BP25: =BH28 -> 42.615421 | BQ25: =BI29 -> 1.2395555 | BR25: =BJ30 -> 0.0052884073 | BS25: =BA26 -> 38.948483 | BT25: =BB27 -> 39.777641 | BU25: =BC28 -> 69.211012 | BV25: =BD29 -> 2.1045517 | BW25: =BE30 -> 0.012575342 | BX25: =BY25*EXP(J$4)+BN25+BS25/Ssum -> 608.10063 | BY25: =BZ25*EXP(K$4)+BO25+BT25/Ssum -> 389.0884 | BZ25: =CA25*EXP(L$4)+BP25+BU25/Ssum -> 164.4229 | CA25: =CB25*EXP(M$4)+BQ25+BV25/Ssum -> 4.7825718 | CB25: =BR25+BW25/Ssum -> 0.02624731 | CC25: =BX25/AU25 -> 0.060810063
G26: 1991 | H26: =SUMPRODUCT(J$7:N$7,Z26:AD26) -> 50129509 | I26: =IF(LHT=1,H25*EXP(-Q25),H24*EXP(-Q24)) -> 4584611.1 | J26: =I25*EXP(-R25-I$5*$Y25)*(1-I$6) -> 106591.58 | K26: =J25*EXP(-S25-J$5*$Y25)*(1-J$6) -> 98203.831 | L26: =K25*EXP(-T25-K$5*$Y25)*(1-K$6) -> 39282.047 | M26: =L25*EXP(-U25-L$5*$Y25)*(1-L$6) -> 1811.2859 | N26: =M25*EXP(-V25-M$5*$Y25)*(1-M$6) -> 5.3821356 | O26: 0.67064636 | P26: =O26-1 -> -0.32935364 | Q26: =MeMin+Mden*H26+P26 -> 3.0102489 | R26: =I$4+Mseal*AN26/40+Mhatch*AO26/30+Mtemp*(AP26-14.5) -> 2.8 | S26: =J$4 -> 0.3 | T26: =K$4+MSSLNRKWq*AQ26 -> 0.3 | U26: =L$4+MSSLNRKWq*AQ26 -> 0.3 | V26: =M$4 -> 0.3 | W26: =N$4 -> 0.3 | X26: =Q26+R27+S28+T29+U30+V31 -> 7.0102489 | Y26: =IF(UseRetro,RetroF,Ftest*ER!$D33+AS26) -> 0.3 | Z26: =Ssum*J26*EXP(-J$5*$Y26)*J$6 -> 6827.1272 | AA26: =Ssum*K26*EXP(-K$5*$Y26)*K$6 -> 10039.664 | AB26: =Ssum*L26*EXP(-L$5*$Y26)*L$6 -> 16535.107 | AC26: =Ssum*M26*EXP(-M$5*$Y26)*M$6 -> 797.04914 | AD26: =Ssum*N26*EXP(-N$5*$Y26)*N$6 -> 2.3923105 | AE26: =(1-EXP(-J$5*$Y26))*J26 -> 3150.2572 | AF26: =(1-EXP(-K$5*$Y26))*K26 -> 25452.644 | AG26: =(1-EXP(-L$5*$Y26))*L26 -> 10181.191 | AH26: =(1-EXP(-M$5*$Y26))*M26 -> 469.45229 | AI26: =(1-EXP(-N$5*$Y26))*N26 -> 1.3949515 | AJ26: =G26 -> 1991 | AK26: =SUM(AE26:AI26) -> 39254.939 | AL26: =SUM(Z26:AD26) -> 34201.339 | AM26: =AK26/(AK26+AL26) -> 0.53439869 | AN26: 31.221511 | AO26: 27.483294 | AP26: 16.361 | AQ26: =stressors!U21/stressors!U$49 -> 0.3916024 | AR26: =CHOOSE(stockcode,Esc!F41,Esc!G41,Esc!H41,Esc!I41,Esc!J41,Esc!K41,Esc!L41,Esc!M41,Esc!N40,Esc!O40,Esc!P40) -> 34767.352 | AS26: 0 | AT26: =AJ26 -> 1991 | AU26: 10000 | AV26: =AU25*J26/I25 -> 608.10063 | AW26: =AV25*K26/J25 -> 389.0884 | AX26: =AW25*L26/K25 -> 164.4229 | AY26: =AX25*M26/L25 -> 4.7825718 | AZ26: =AY25*N26/M25 -> 0.02624731 | BA26: =AV26*Z26/J26 -> 38.948483 | BB26: =AW26*AA26/K26 -> 39.777641 | BC26: =AX26*AB26/L26 -> 69.211012 | BD26: =AY26*AC26/M26 -> 2.1045517 | BE26: =AZ26*AD26/N26 -> 0.011666691 | BF26: =AV26*AE26/J26 -> 17.97209 | BG26: =AW26*AF26/K26 -> 100.84462 | BH26: =AX26*AG26/L26 -> 42.615421 | BI26: =AY26*AH26/M26 -> 1.2395555 | BJ26: =AZ26*AI26/N26 -> 0.0068028246 | BK26: =AT26-2 -> 1989 | BL26: =(AE26+AF27+AG28+AH29+AI30)/(AE26+AF27+AG28+AH29+AI30+Z26+AA27+AB28+AC29+AD30) -> 0.52018141 | BM26: =AT26 -> 1991 | BN26: =BF27 -> 17.97209 | BO26: =BG28 -> 100.84462 | BP26: =BH29 -> 42.615421 | BQ26: =BI30 -> 0.96361064 | BR26: =BJ31 -> 0.0057002904 | BS26: =BA27 -> 38.948483 | BT26: =BB28 -> 39.777641 | BU26: =BC29 -> 69.211012 | BV26: =BD30 -> 2.2684629 | BW26: =BE31 -> 0.013554762 | BX26: =BY26*EXP(J$4)+BN26+BS26/Ssum -> 608.10063 | BY26: =BZ26*EXP(K$4)+BO26+BT26/Ssum -> 389.0884 | BZ26: =CA26*EXP(L$4)+BP26+BU26/Ssum -> 164.4229 | CA26: =CB26*EXP(M$4)+BQ26+BV26/Ssum -> 4.7825718 | CB26: =BR26+BW26/Ssum -> 0.02829156 | CC26: =BX26/AU26 -> 0.060810063
A27: stockcode | B27: 11 | C27: 1=cow,2=che,3=nan,4=qual,5=pun,6=quin,7=eng,8=total,9=Harrison,10=sum41 | G27: 1992 | H27: =SUMPRODUCT(J$7:N$7,Z27:AD27) -> 46665923 | I27: =IF(LHT=1,H26*EXP(-Q26),H25*EXP(-Q25)) -> 3689147.3 | J27: =I26*EXP(-R26-I$5*$Y26)*(1-I$6) -> 278790.49 | K27: =J26*EXP(-S26-J$5*$Y26)*(1-J$6) -> 68201.782 | L27: =K26*EXP(-T26-K$5*$Y26)*(1-K$6) -> 41499.462 | M27: =L26*EXP(-U26-L$5*$Y26)*(1-L$6) -> 1142.5976 | N27: =M26*EXP(-V26-M$5*$Y26)*(1-M$6) -> 9.9405476 | O27: 0.56179562 | P27: =O27-1 -> -0.43820438 | Q27: =MeMin+Mden*H27+P27 -> 2.8455088 | R27: =I$4+Mseal*AN27/40+Mhatch*AO27/30+Mtemp*(AP27-14.5) -> 2.8 | S27: =J$4 -> 0.3 | T27: =K$4+MSSLNRKWq*AQ27 -> 0.3 | U27: =L$4+MSSLNRKWq*AQ27 -> 0.3 | V27: =M$4 -> 0.3 | W27: =N$4 -> 0.3 | X27: =Q27+R28+S29+T30+U31+V32 -> 6.8455088 | Y27: =IF(UseRetro,RetroF,Ftest*ER!$D34+AS27) -> 0.3 | Z27: =Ssum*J27*EXP(-J$5*$Y27)*J$6 -> 17856.365 | AA27: =Ssum*K27*EXP(-K$5*$Y27)*K$6 -> 6972.4669 | AB27: =Ssum*L27*EXP(-L$5*$Y27)*L$6 -> 17468.489 | AC27: =Ssum*M27*EXP(-M$5*$Y27)*M$6 -> 502.79552 | AD27: =Ssum*N27*EXP(-N$5*$Y27)*N$6 -> 4.4184833 | AE27: =(1-EXP(-J$5*$Y27))*J27 -> 8239.5042 | AF27: =(1-EXP(-K$5*$Y27))*K27 -> 17676.659 | AG27: =(1-EXP(-L$5*$Y27))*L27 -> 10755.904 | AH27: =(1-EXP(-M$5*$Y27))*M27 -> 296.14047 | AI27: =(1-EXP(-N$5*$Y27))*N27 -> 2.5764088 | AJ27: =G27 -> 1992 | AK27: =SUM(AE27:AI27) -> 36970.785 | AL27: =SUM(Z27:AD27) -> 42804.535 | AM27: =AK27/(AK27+AL27) -> 0.46343637 | AN27: 33.424904 | AO27: 26.055396 | AP27: 16.343 | AQ27: =stressors!U22/stressors!U$49 -> 0.37870725 | AR27: =CHOOSE(stockcode,Esc!F42,Esc!G42,Esc!H42,Esc!I42,Esc!J42,Esc!K42,Esc!L42,Esc!M42,Esc!N41,Esc!O41,Esc!P41) -> 42483.844 | AS27: 0 | AT27: =AJ27 -> 1992 | AU27: 10000 | AV27: =AU26*J27/I26 -> 608.10063 | AW27: =AV26*K27/J26 -> 389.0884 | AX27: =AW26*L27/K26 -> 164.4229 | AY27: =AX26*M27/L26 -> 4.7825718 | AZ27: =AY26*N27/M26 -> 0.02624731 | BA27: =AV27*Z27/J27 -> 38.948483 | BB27: =AW27*AA27/K27 -> 39.777641 | BC27: =AX27*AB27/L27 -> 69.211012 | BD27: =AY27*AC27/M27 -> 2.1045517 | BE27: =AZ27*AD27/N27 -> 0.011666691 | BF27: =AV27*AE27/J27 -> 17.97209 | BG27: =AW27*AF27/K27 -> 100.84462 | BH27: =AX27*AG27/L27 -> 42.615421 | BI27: =AY27*AH27/M27 -> 1.2395555 | BJ27: =AZ27*AI27/N27 -> 0.0068028246 | BK27: =AT27-2 -> 1990 | BL27: =(AE27+AF28+AG29+AH30+AI31)/(AE27+AF28+AG29+AH30+AI31+Z27+AA28+AB29+AC30+AD31) -> 0.51948415 | BM27: =AT27 -> 1992 | BN27: =BF28 -> 17.97209 | BO27: =BG29 -> 100.84462 | BP27: =BH30 -> 33.128548 | BQ27: =BI31 -> 1.0386606 | BR27: =BJ32 -> 0.0056833685 | BS27: =BA28 -> 38.948483 | BT27: =BB29 -> 39.777641 | BU27: =BC30 -> 74.601453 | BV27: =BD31 -> 2.4451402 | BW27: =BE32 -> 0.014886993 | BX27: =BY27*EXP(J$4)+BN27+BS27/Ssum -> 608.10063 | BY27: =BZ27*EXP(K$4)+BO27+BT27/Ssum -> 389.0884 | BZ27: =CA27*EXP(L$4)+BP27+BU27/Ssum -> 164.4229 | CA27: =CB27*EXP(M$4)+BQ27+BV27/Ssum -> 5.1550583 | CB27: =BR27+BW27/Ssum -> 0.030495024 | CC27: =BX27/AU27 -> 0.060810063
A28: YPR | B28: =SUMPRODUCT(Lhist,(1-EXP(-vul*Fhist))) -> 0.016267849 | E28: 11=spring42 | G28: 1993 | H28: =SUMPRODUCT(J$7:N$7,Z28:AD28) -> 52954513 | I28: =IF(LHT=1,H27*EXP(-Q27),H26*EXP(-Q26)) -> 2470352.8 | J28: =I27*EXP(-R27-I$5*$Y27)*(1-I$6) -> 224337.28 | K28: =J27*EXP(-S27-J$5*$Y27)*(1-J$6) -> 178381.9 | L28: =K27*EXP(-T27-K$5*$Y27)*(1-K$6) -> 28821.047 | M28: =L27*EXP(-U27-L$5*$Y27)*(1-L$6) -> 1207.0955 | N28: =M27*EXP(-V27-M$5*$Y27)*(1-M$6) -> 6.2707084 | O28: 0.69701129 | P28: =O28-1 -> -0.30298871 | Q28: =MeMin+Mden*H28+P28 -> 3.0821988 | R28: =I$4+Mseal*AN28/40+Mhatch*AO28/30+Mtemp*(AP28-14.5) -> 2.8 | S28: =J$4 -> 0.3 | T28: =K$4+MSSLNRKWq*AQ28 -> 0.3 | U28: =L$4+MSSLNRKWq*AQ28 -> 0.3 | V28: =M$4 -> 0.3 | W28: =N$4 -> 0.3 | X28: =Q28+R29+S30+T31+U32+V33 -> 7.0821988 | Y28: =IF(UseRetro,RetroF,Ftest*ER!$D35+AS28) -> 0.3 | Z28: =Ssum*J28*EXP(-J$5*$Y28)*J$6 -> 14368.669 | AA28: =Ssum*K28*EXP(-K$5*$Y28)*K$6 -> 18236.501 | AB28: =Ssum*L28*EXP(-L$5*$Y28)*L$6 -> 12131.727 | AC28: =Ssum*M28*EXP(-M$5*$Y28)*M$6 -> 531.17759 | AD28: =Ssum*N28*EXP(-N$5*$Y28)*N$6 -> 2.787273 | AE28: =(1-EXP(-J$5*$Y28))*J28 -> 6630.1686 | AF28: =(1-EXP(-K$5*$Y28))*K28 -> 46233.338 | AG28: =(1-EXP(-L$5*$Y28))*L28 -> 7469.8903 | AH28: =(1-EXP(-M$5*$Y28))*M28 -> 312.85717 | AI28: =(1-EXP(-N$5*$Y28))*N28 -> 1.6252534 | AJ28: =G28 -> 1993 | AK28: =SUM(AE28:AI28) -> 60647.879 | AL28: =SUM(Z28:AD28) -> 45270.863 | AM28: =AK28/(AK28+AL28) -> 0.57258874 | AN28: 35.407846 | AO28: 22.782777 | AP28: 16.461 | AQ28: =stressors!U23/stressors!U$49 -> 0.37865475 | AR28: =CHOOSE(stockcode,Esc!F43,Esc!G43,Esc!H43,Esc!I43,Esc!J43,Esc!K43,Esc!L43,Esc!M43,Esc!N42,Esc!O42,Esc!P42) -> 43757.978 | AS28: 0 | AT28: =AJ28 -> 1993 | AU28: 10000 | AV28: =AU27*J28/I27 -> 608.10063 | AW28: =AV27*K28/J27 -> 389.0884 | AX28: =AW27*L28/K27 -> 164.4229 | AY28: =AX27*M28/L27 -> 4.7825718 | AZ28: =AY27*N28/M27 -> 0.02624731 | BA28: =AV28*Z28/J28 -> 38.948483 | BB28: =AW28*AA28/K28 -> 39.777641 | BC28: =AX28*AB28/L28 -> 69.211012 | BD28: =AY28*AC28/M28 -> 2.1045517 | BE28: =AZ28*AD28/N28 -> 0.011666691 | BF28: =AV28*AE28/J28 -> 17.97209 | BG28: =AW28*AF28/K28 -> 100.84462 | BH28: =AX28*AG28/L28 -> 42.615421 | BI28: =AY28*AH28/M28 -> 1.2395555 | BJ28: =AZ28*AI28/N28 -> 0.0068028246 | BK28: =AT28-2 -> 1991 | BL28: =(AE28+AF29+AG30+AH31+AI32)/(AE28+AF29+AG30+AH31+AI32+Z28+AA29+AB30+AC31+AD32) -> 0.49546923 | BM28: =AT28 -> 1993 | BN28: =BF29 -> 17.97209 | BO28: =BG30 -> 78.395001 | BP28: =BH31 -> 35.708737 | BQ28: =BI32 -> 1.0355773 | BR28: =BJ33 -> 0.0057261964 | BS28: =BA29 -> 38.948483 | BT28: =BB30 -> 42.875688 | BU28: =BC31 -> 80.411724 | BV28: =BD32 -> 2.6854612 | BW28: =BE33 -> 0.016659621 | BX28: =BY28*EXP(J$4)+BN28+BS28/Ssum -> 608.10063 | BY28: =BZ28*EXP(K$4)+BO28+BT28/Ssum -> 389.0884 | BZ28: =CA28*EXP(L$4)+BP28+BU28/Ssum -> 177.22884 | CA28: =CB28*EXP(M$4)+BQ28+BV28/Ssum -> 5.5565556 | CB28: =BR28+BW28/Ssum -> 0.033492232 | CC28: =BX28/AU28 -> 0.060810063
A29: Equilibrium catch vs F | G29: 1994 | H29: =SUMPRODUCT(J$7:N$7,Z29:AD29) -> 86404032 | I29: =IF(LHT=1,H28*EXP(-Q28),H27*EXP(-Q27)) -> 2711509.4 | J29: =I28*EXP(-R28-I$5*$Y28)*(1-I$6) -> 150222.31 | K29: =J28*EXP(-S28-J$5*$Y28)*(1-J$6) -> 143540.44 | L29: =K28*EXP(-T28-K$5*$Y28)*(1-K$6) -> 75381.507 | M29: =L28*EXP(-U28-L$5*$Y28)*(1-L$6) -> 838.31828 | N29: =M28*EXP(-V28-M$5*$Y28)*(1-M$6) -> 6.6246808 | O29: 1.213154 | P29: =O29-1 -> 0.21315403 | Q29: =MeMin+Mden*H29+P29 -> 4.1380922 | R29: =I$4+Mseal*AN29/40+Mhatch*AO29/30+Mtemp*(AP29-14.5) -> 2.8 | S29: =J$4 -> 0.3 | T29: =K$4+MSSLNRKWq*AQ29 -> 0.3 | U29: =L$4+MSSLNRKWq*AQ29 -> 0.3 | V29: =M$4 -> 0.3 | W29: =N$4 -> 0.3 | X29: =Q29+R30+S31+T32+U33+V34 -> 8.1380922 | Y29: =IF(UseRetro,RetroF,Ftest*ER!$D36+AS29) -> 0.3 | Z29: =Ssum*J29*EXP(-J$5*$Y29)*J$6 -> 9621.6495 | AA29: =Ssum*K29*EXP(-K$5*$Y29)*K$6 -> 14674.558 | AB29: =Ssum*L29*EXP(-L$5*$Y29)*L$6 -> 31730.558 | AC29: =Ssum*M29*EXP(-M$5*$Y29)*M$6 -> 368.89863 | AD29: =Ssum*N29*EXP(-N$5*$Y29)*N$6 -> 2.9446105 | AE29: =(1-EXP(-J$5*$Y29))*J29 -> 4439.7402 | AF29: =(1-EXP(-K$5*$Y29))*K29 -> 37203.067 | AG29: =(1-EXP(-L$5*$Y29))*L29 -> 19537.513 | AH29: =(1-EXP(-M$5*$Y29))*M29 -> 217.27682 | AI29: =(1-EXP(-N$5*$Y29))*N29 -> 1.7169966 | AJ29: =G29 -> 1994 | AK29: =SUM(AE29:AI29) -> 61399.314 | AL29: =SUM(Z29:AD29) -> 56398.608 | AM29: =AK29/(AK29+AL29) -> 0.52122578 | AN29: 37.114527 | AO29: 24.666446 | AP29: 16.315 | AQ29: =stressors!U24/stressors!U$49 -> 0.39280696 | AR29: =CHOOSE(stockcode,Esc!F44,Esc!G44,Esc!H44,Esc!I44,Esc!J44,Esc!K44,Esc!L44,Esc!M44,Esc!N43,Esc!O43,Esc!P43) -> 65814.376 | AS29: 0 | AT29: =AJ29 -> 1994 | AU29: 10000 | AV29: =AU28*J29/I28 -> 608.10063 | AW29: =AV28*K29/J28 -> 389.0884 | AX29: =AW28*L29/K28 -> 164.4229 | AY29: =AX28*M29/L28 -> 4.7825718 | AZ29: =AY28*N29/M28 -> 0.02624731 | BA29: =AV29*Z29/J29 -> 38.948483 | BB29: =AW29*AA29/K29 -> 39.777641 | BC29: =AX29*AB29/L29 -> 69.211012 | BD29: =AY29*AC29/M29 -> 2.1045517 | BE29: =AZ29*AD29/N29 -> 0.011666691 | BF29: =AV29*AE29/J29 -> 17.97209 | BG29: =AW29*AF29/K29 -> 100.84462 | BH29: =AX29*AG29/L29 -> 42.615421 | BI29: =AY29*AH29/M29 -> 1.2395555 | BJ29: =AZ29*AI29/N29 -> 0.0068028246 | BK29: =AT29-2 -> 1992 | BL29: =(AE29+AF30+AG31+AH32+AI33)/(AE29+AF30+AG31+AH32+AI33+Z29+AA30+AB31+AC32+AD33) -> 0.44661913 | BM29: =AT29 -> 1994 | BN29: =BF30 -> 13.529487 | BO29: =BG31 -> 78.985174 | BP29: =BH32 -> 33.27886 | BQ29: =BI33 -> 0.97527715 | BR29: =BJ34 -> 0.0054400476 | BS29: =BA30 -> 39.241695 | BT29: =BB31 -> 43.198465 | BU29: =BC32 -> 82.55048 | BV29: =BD33 -> 2.8090672 | BW29: =BE34 -> 0.017756256 | BX29: =BY29*EXP(J$4)+BN29+BS29/Ssum -> 608.10063 | BY29: =BZ29*EXP(K$4)+BO29+BT29/Ssum -> 392.01753 | BZ29: =CA29*EXP(L$4)+BP29+BU29/Ssum -> 178.56306 | CA29: =CB29*EXP(M$4)+BQ29+BV29/Ssum -> 5.7043465 | CB29: =BR29+BW29/Ssum -> 0.035033807 | CC29: =BX29/AU29 -> 0.060810063
B30: =AK79 -> 1815.2356 | G30: 1995 | H30: =SUMPRODUCT(J$7:N$7,Z30:AD30) -> 73537480 | I30: =IF(LHT=1,H29*EXP(-Q29),H28*EXP(-Q28)) -> 2428404.5 | J30: =I29*EXP(-R29-I$5*$Y29)*(1-I$6) -> 164887.06 | K30: =J29*EXP(-S29-J$5*$Y29)*(1-J$6) -> 96118.561 | L30: =K29*EXP(-T29-K$5*$Y29)*(1-K$6) -> 60658.032 | M30: =L29*EXP(-U29-L$5*$Y29)*(1-L$6) -> 2192.6232 | N30: =M29*EXP(-V29-M$5*$Y29)*(1-M$6) -> 4.6007883 | O30: 1.1191617 | P30: =O30-1 -> 0.11916167 | Q30: =MeMin+Mden*H30+P30 -> 3.8364816 | R30: =I$4+Mseal*AN30/40+Mhatch*AO30/30+Mtemp*(AP30-14.5) -> 2.8 | S30: =J$4 -> 0.3 | T30: =K$4+MSSLNRKWq*AQ30 -> 0.3 | U30: =L$4+MSSLNRKWq*AQ30 -> 0.3 | V30: =M$4 -> 0.3 | W30: =N$4 -> 0.3 | X30: =Q30+R31+S32+T33+U34+V35 -> 7.8364816 | Y30: =IF(UseRetro,RetroF,Ftest*ER!$D37+AS30) -> 0.225 | Z30: =Ssum*J30*EXP(-J$5*$Y30)*J$6 -> 10640.422 | AA30: =Ssum*K30*EXP(-K$5*$Y30)*K$6 -> 10591.808 | AB30: =Ssum*L30*EXP(-L$5*$Y30)*L$6 -> 27521.575 | AC30: =Ssum*M30*EXP(-M$5*$Y30)*M$6 -> 1040.002 | AD30: =Ssum*N30*EXP(-N$5*$Y30)*N$6 -> 2.2042824 | AE30: =(1-EXP(-J$5*$Y30))*J30 -> 3668.533 | AF30: =(1-EXP(-K$5*$Y30))*K30 -> 19366.331 | AG30: =(1-EXP(-L$5*$Y30))*L30 -> 12221.61 | AH30: =(1-EXP(-M$5*$Y30))*M30 -> 441.77801 | AI30: =(1-EXP(-N$5*$Y30))*N30 -> 0.92698422 | AJ30: =G30 -> 1995 | AK30: =SUM(AE30:AI30) -> 35699.179 | AL30: =SUM(Z30:AD30) -> 49796.012 | AM30: =AK30/(AK30+AL30) -> 0.41755774 | AN30: 38.50714 | AO30: 20.354689 | AP30: 15.488 | AQ30: =stressors!U25/stressors!U$49 -> 0.4102972 | AR30: =CHOOSE(stockcode,Esc!F45,Esc!G45,Esc!H45,Esc!I45,Esc!J45,Esc!K45,Esc!L45,Esc!M45,Esc!N44,Esc!O44,Esc!P44) -> 52326.452 | AS30: 0 | AT30: =AJ30 -> 1995 | AU30: 10000 | AV30: =AU29*J30/I29 -> 608.10063 | AW30: =AV29*K30/J29 -> 389.0884 | AX30: =AW29*L30/K29 -> 164.4229 | AY30: =AX29*M30/L29 -> 4.7825718 | AZ30: =AY29*N30/M29 -> 0.02624731 | BA30: =AV30*Z30/J30 -> 39.241695 | BB30: =AW30*AA30/K30 -> 42.875688 | BC30: =AX30*AB30/L30 -> 74.601453 | BD30: =AY30*AC30/M30 -> 2.2684629 | BE30: =AZ30*AD30/N30 -> 0.012575342 | BF30: =AV30*AE30/J30 -> 13.529487 | BG30: =AW30*AF30/K30 -> 78.395001 | BH30: =AX30*AG30/L30 -> 33.128548 | BI30: =AY30*AH30/M30 -> 0.96361064 | BJ30: =AZ30*AI30/N30 -> 0.0052884073 | BK30: =AT30-2 -> 1993 | BL30: =(AE30+AF31+AG32+AH33+AI34)/(AE30+AF31+AG32+AH33+AI34+Z30+AA31+AB32+AC33+AD34) -> 0.4303388 | BM30: =AT30 -> 1995 | BN30: =BF31 -> 13.529487 | BO30: =BG32 -> 73.060447 | BP30: =BH33 -> 31.106904 | BQ30: =BI34 -> 0.91961766 | BR30: =BJ35 -> 0.005162293 | BS30: =BA31 -> 39.241695 | BT30: =BB32 -> 44.016077 | BU30: =BC33 -> 85.704898 | BV30: =BD34 -> 2.9716058 | BW30: =BE35 -> 0.019139187 | BX30: =BY30*EXP(J$4)+BN30+BS30/Ssum -> 608.10063 | BY30: =BZ30*EXP(K$4)+BO30+BT30/Ssum -> 392.01753 | BZ30: =CA30*EXP(L$4)+BP30+BU30/Ssum -> 181.9427 | CA30: =CB30*EXP(M$4)+BQ30+BV30/Ssum -> 5.922321 | CB30: =BR30+BW30/Ssum -> 0.037060938 | CC30: =BX30/AU30 -> 0.060810063
A31: 0 | B31: 0 | G31: 1996 | H31: =SUMPRODUCT(J$7:N$7,Z31:AD31) -> 59572786 | I31: =IF(LHT=1,H30*EXP(-Q30),H29*EXP(-Q29)) -> 1378425.9 | J31: =I30*EXP(-R30-I$5*$Y30)*(1-I$6) -> 147671.43 | K31: =J30*EXP(-S30-J$5*$Y30)*(1-J$6) -> 106295.92 | L31: =K30*EXP(-T30-K$5*$Y30)*(1-K$6) -> 43781.777 | M31: =L30*EXP(-U30-L$5*$Y30)*(1-L$6) -> 1901.777 | N31: =M30*EXP(-V30-M$5*$Y30)*(1-M$6) -> 12.97058 | O31: 1.3409606 | P31: =O31-1 -> 0.34096063 | Q31: =MeMin+Mden*H31+P31 -> 3.8329424 | R31: =I$4+Mseal*AN31/40+Mhatch*AO31/30+Mtemp*(AP31-14.5) -> 2.8 | S31: =J$4 -> 0.3 | T31: =K$4+MSSLNRKWq*AQ31 -> 0.3 | U31: =L$4+MSSLNRKWq*AQ31 -> 0.3 | V31: =M$4 -> 0.3 | W31: =N$4 -> 0.3 | X31: =Q31+R32+S33+T34+U35+V36 -> 7.8329424 | Y31: =IF(UseRetro,RetroF,Ftest*ER!$D38+AS31) -> 0.225 | Z31: =Ssum*J31*EXP(-J$5*$Y31)*J$6 -> 9529.4711 | AA31: =Ssum*K31*EXP(-K$5*$Y31)*K$6 -> 11713.304 | AB31: =Ssum*L31*EXP(-L$5*$Y31)*L$6 -> 19864.533 | AC31: =Ssum*M31*EXP(-M$5*$Y31)*M$6 -> 902.04825 | AD31: =Ssum*N31*EXP(-N$5*$Y31)*N$6 -> 6.2143311 | AE31: =(1-EXP(-J$5*$Y31))*J31 -> 3285.5067 | AF31: =(1-EXP(-K$5*$Y31))*K31 -> 21416.904 | AG31: =(1-EXP(-L$5*$Y31))*L31 -> 8821.3179 | AH31: =(1-EXP(-M$5*$Y31))*M31 -> 383.17721 | AI31: =(1-EXP(-N$5*$Y31))*N31 -> 2.6133615 | AJ31: =G31 -> 1996 | AK31: =SUM(AE31:AI31) -> 33909.519 | AL31: =SUM(Z31:AD31) -> 42015.571 | AM31: =AK31/(AK31+AL31) -> 0.4466181 | AN31: 39.570878 | AO31: 25.425556 | AP31: 16.018 | AQ31: =stressors!U26/stressors!U$49 -> 0.42394207 | AR31: =CHOOSE(stockcode,Esc!F46,Esc!G46,Esc!H46,Esc!I46,Esc!J46,Esc!K46,Esc!L46,Esc!M46,Esc!N45,Esc!O45,Esc!P45) -> 41132.629 | AS31: 0 | AT31: =AJ31 -> 1996 | AU31: 10000 | AV31: =AU30*J31/I30 -> 608.10063 | AW31: =AV30*K31/J30 -> 392.01753 | AX31: =AW30*L31/K30 -> 177.22884 | AY31: =AX30*M31/L30 -> 5.1550583 | AZ31: =AY30*N31/M30 -> 0.02829156 | BA31: =AV31*Z31/J31 -> 39.241695 | BB31: =AW31*AA31/K31 -> 43.198465 | BC31: =AX31*AB31/L31 -> 80.411724 | BD31: =AY31*AC31/M31 -> 2.4451402 | BE31: =AZ31*AD31/N31 -> 0.013554762 | BF31: =AV31*AE31/J31 -> 13.529487 | BG31: =AW31*AF31/K31 -> 78.985174 | BH31: =AX31*AG31/L31 -> 35.708737 | BI31: =AY31*AH31/M31 -> 1.0386606 | BJ31: =AZ31*AI31/N31 -> 0.0057002904 | BK31: =AT31-2 -> 1994 | BL31: =(AE31+AF32+AG33+AH34+AI35)/(AE31+AF32+AG33+AH34+AI35+Z31+AA32+AB33+AC34+AD35) -> 0.40823059 | BM31: =AT31 -> 1996 | BN31: =BF32 -> 12.41362 | BO31: =BG33 -> 67.14937 | BP31: =BH34 -> 28.840801 | BQ31: =BI35 -> 0.85806173 | BR31: =BJ36 -> 0.0054712432 | BS31: =BA32 -> 39.315342 | BT31: =BB33 -> 44.933336 | BU31: =BC34 -> 89.146848 | BV31: =BD35 -> 3.1494488 | BW31: =BE36 -> 0.020284619 | BX31: =BY31*EXP(J$4)+BN31+BS31/Ssum -> 608.10063 | BY31: =BZ31*EXP(K$4)+BO31+BT31/Ssum -> 392.75325 | BZ31: =CA31*EXP(L$4)+BP31+BU31/Ssum -> 185.73423 | CA31: =CB31*EXP(M$4)+BQ31+BV31/Ssum -> 6.1601642 | CB31: =BR31+BW31/Ssum -> 0.039278941 | CC31: =BX31/AU31 -> 0.060810063
A32: 0.1 | B32: 1626.4016 | G32: 1997 | H32: =SUMPRODUCT(J$7:N$7,Z32:AD32) -> 62475592 | I32: =IF(LHT=1,H31*EXP(-Q31),H30*EXP(-Q30)) -> 1586156.2 | J32: =I31*EXP(-R31-I$5*$Y31)*(1-I$6) -> 83822.165 | K32: =J31*EXP(-S31-J$5*$Y31)*(1-J$6) -> 95197.715 | L32: =K31*EXP(-T31-K$5*$Y31)*(1-K$6) -> 48417.54 | M32: =L31*EXP(-U31-L$5*$Y31)*(1-L$6) -> 1372.6653 | N32: =M31*EXP(-V31-M$5*$Y31)*(1-M$6) -> 11.250064 | O32: 0.98731597 | P32: =O32-1 -> -0.012684025 | Q32: =MeMin+Mden*H32+P32 -> 3.5261382 | R32: =I$4+Mseal*AN32/40+Mhatch*AO32/30+Mtemp*(AP32-14.5) -> 2.8 | S32: =J$4 -> 0.3 | T32: =K$4+MSSLNRKWq*AQ32 -> 0.3 | U32: =L$4+MSSLNRKWq*AQ32 -> 0.3 | V32: =M$4 -> 0.3 | W32: =N$4 -> 0.3 | X32: =Q32+R33+S34+T35+U36+V37 -> 7.5261382 | Y32: =IF(UseRetro,RetroF,Ftest*ER!$D39+AS32) -> 0.20625 | Z32: =Ssum*J32*EXP(-J$5*$Y32)*J$6 -> 5419.3286 | AA32: =Ssum*K32*EXP(-K$5*$Y32)*K$6 -> 10688.884 | AB32: =Ssum*L32*EXP(-L$5*$Y32)*L$6 -> 22383.64 | AC32: =Ssum*M32*EXP(-M$5*$Y32)*M$6 -> 663.40365 | AD32: =Ssum*N32*EXP(-N$5*$Y32)*N$6 -> 5.4920312 | AE32: =(1-EXP(-J$5*$Y32))*J32 -> 1711.1255 | AF32: =(1-EXP(-K$5*$Y32))*K32 -> 17742.032 | AG32: =(1-EXP(-L$5*$Y32))*L32 -> 9023.5942 | AH32: =(1-EXP(-M$5*$Y32))*M32 -> 255.82412 | AI32: =(1-EXP(-N$5*$Y32))*N32 -> 2.0966784 | AJ32: =G32 -> 1997 | AK32: =SUM(AE32:AI32) -> 28734.673 | AL32: =SUM(Z32:AD32) -> 39160.749 | AM32: =AK32/(AK32+AL32) -> 0.42321959 | AN32: 40.315663 | AO32: 21.199694 | AP32: 16.985 | AQ32: =stressors!U27/stressors!U$49 -> 0.43843159 | AR32: =CHOOSE(stockcode,Esc!F47,Esc!G47,Esc!H47,Esc!I47,Esc!J47,Esc!K47,Esc!L47,Esc!M47,Esc!N46,Esc!O46,Esc!P46) -> 41380.396 | AS32: 0 | AT32: =AJ32 -> 1997 | AU32: 10000 | AV32: =AU31*J32/I31 -> 608.10063 | AW32: =AV31*K32/J31 -> 392.01753 | AX32: =AW31*L32/K31 -> 178.56306 | AY32: =AX31*M32/L31 -> 5.5565556 | AZ32: =AY31*N32/M31 -> 0.030495024 | BA32: =AV32*Z32/J32 -> 39.315342 | BB32: =AW32*AA32/K32 -> 44.016077 | BC32: =AX32*AB32/L32 -> 82.55048 | BD32: =AY32*AC32/M32 -> 2.6854612 | BE32: =AZ32*AD32/N32 -> 0.014886993 | BF32: =AV32*AE32/J32 -> 12.41362 | BG32: =AW32*AF32/K32 -> 73.060447 | BH32: =AX32*AG32/L32 -> 33.27886 | BI32: =AY32*AH32/M32 -> 1.0355773 | BJ32: =AZ32*AI32/N32 -> 0.0056833685 | BK32: =AT32-2 -> 1995 | BL32: =(AE32+AF33+AG34+AH35+AI36)/(AE32+AF33+AG34+AH35+AI36+Z32+AA33+AB34+AC35+AD36) -> 0.38227735 | BM32: =AT32 -> 1997 | BN32: =BF33 -> 11.295659 | BO32: =BG34 -> 61.10116 | BP32: =BH35 -> 26.410433 | BQ32: =BI36 -> 0.89252189 | BR32: =BJ37 -> 0.0056909709 | BS32: =BA33 -> 39.389128 | BT32: =BB34 -> 45.869709 | BU32: =BC35 -> 92.727027 | BV32: =BD36 -> 3.2759322 | BW32: =BE37 -> 0.021099258 | BX32: =BY32*EXP(J$4)+BN32+BS32/Ssum -> 608.10063 | BY32: =BZ32*EXP(K$4)+BO32+BT32/Ssum -> 393.49035 | BZ32: =CA32*EXP(L$4)+BP32+BU32/Ssum -> 189.60478 | CA32: =CB32*EXP(M$4)+BQ32+BV32/Ssum -> 6.4075592 | CB32: =BR32+BW32/Ssum -> 0.040856402 | CC32: =BX32/AU32 -> 0.060810063
A33: 0.2 | B33: 1815.2356 | G33: 1998 | H33: =SUMPRODUCT(J$7:N$7,Z33:AD33) -> 52832373 | I33: =IF(LHT=1,H32*EXP(-Q32),H31*EXP(-Q31)) -> 1289502.4 | J33: =I32*EXP(-R32-I$5*$Y32)*(1-I$6) -> 96454.259 | K33: =J32*EXP(-S32-J$5*$Y32)*(1-J$6) -> 54138.125 | L33: =K32*EXP(-T32-K$5*$Y32)*(1-K$6) -> 44183.047 | M33: =L32*EXP(-U32-L$5*$Y32)*(1-L$6) -> 1546.7389 | N33: =M32*EXP(-V32-M$5*$Y32)*(1-M$6) -> 8.2737628 | O33: 0.27820788 | P33: =O33-1 -> -0.72179212 | Q33: =MeMin+Mden*H33+P33 -> 2.6614245 | R33: =I$4+Mseal*AN33/40+Mhatch*AO33/30+Mtemp*(AP33-14.5) -> 2.8 | S33: =J$4 -> 0.3 | T33: =K$4+MSSLNRKWq*AQ33 -> 0.3 | U33: =L$4+MSSLNRKWq*AQ33 -> 0.3 | V33: =M$4 -> 0.3 | W33: =N$4 -> 0.3 | X33: =Q33+R34+S35+T36+U37+V38 -> 6.6614245 | Y33: =IF(UseRetro,RetroF,Ftest*ER!$D40+AS33) -> 0.1875 | Z33: =Ssum*J33*EXP(-J$5*$Y33)*J$6 -> 6247.731 | AA33: =Ssum*K33*EXP(-K$5*$Y33)*K$6 -> 6193.7273 | AB33: =Ssum*L33*EXP(-L$5*$Y33)*L$6 -> 20812.616 | AC33: =Ssum*M33*EXP(-M$5*$Y33)*M$6 -> 761.6812 | AD33: =Ssum*N33*EXP(-N$5*$Y33)*N$6 -> 4.1155142 | AE33: =(1-EXP(-J$5*$Y33))*J33 -> 1791.668 | AF33: =(1-EXP(-K$5*$Y33))*K33 -> 9256.043 | AG33: =(1-EXP(-L$5*$Y33))*L33 -> 7554.0146 | AH33: =(1-EXP(-M$5*$Y33))*M33 -> 264.44731 | AI33: =(1-EXP(-N$5*$Y33))*N33 -> 1.4145725 | AJ33: =G33 -> 1998 | AK33: =SUM(AE33:AI33) -> 18867.587 | AL33: =SUM(Z33:AD33) -> 34019.871 | AM33: =AK33/(AK33+AL33) -> 0.35674974 | AN33: 40.774011 | AO33: 25.866125 | AP33: 15.563 | AQ33: =stressors!U28/stressors!U$49 -> 0.43969568 | AR33: =CHOOSE(stockcode,Esc!F48,Esc!G48,Esc!H48,Esc!I48,Esc!J48,Esc!K48,Esc!L48,Esc!M48,Esc!N47,Esc!O47,Esc!P47) -> 34563.517 | AS33: 0 | AT33: =AJ33 -> 1998 | AU33: 10000 | AV33: =AU32*J33/I32 -> 608.10063 | AW33: =AV32*K33/J32 -> 392.75325 | AX33: =AW32*L33/K32 -> 181.9427 | AY33: =AX32*M33/L32 -> 5.7043465 | AZ33: =AY32*N33/M32 -> 0.033492232 | BA33: =AV33*Z33/J33 -> 39.389128 | BB33: =AW33*AA33/K33 -> 44.933336 | BC33: =AX33*AB33/L33 -> 85.704898 | BD33: =AY33*AC33/M33 -> 2.8090672 | BE33: =AZ33*AD33/N33 -> 0.016659621 | BF33: =AV33*AE33/J33 -> 11.295659 | BG33: =AW33*AF33/K33 -> 67.14937 | BH33: =AX33*AG33/L33 -> 31.106904 | BI33: =AY33*AH33/M33 -> 0.97527715 | BJ33: =AZ33*AI33/N33 -> 0.0057261964 | BK33: =AT33-2 -> 1996 | BL33: =(AE33+AF34+AG35+AH36+AI37)/(AE33+AF34+AG35+AH36+AI37+Z33+AA34+AB35+AC36+AD37) -> 0.35483842 | BM33: =AT33 -> 1998 | BN33: =BF34 -> 10.1756 | BO33: =BG35 -> 54.912933 | BP33: =BH36 -> 26.960805 | BQ33: =BI37 -> 0.91112131 | BR33: =BJ38 -> 0.0058095659 | BS33: =BA34 -> 39.463052 | BT33: =BB35 -> 46.825595 | BU33: =BC36 -> 94.659381 | BV33: =BD37 -> 3.3441999 | BW33: =BE38 -> 0.021538949 | BX33: =BY33*EXP(J$4)+BN33+BS33/Ssum -> 608.10063 | BY33: =BZ33*EXP(K$4)+BO33+BT33/Ssum -> 394.22884 | BZ33: =CA33*EXP(L$4)+BP33+BU33/Ssum -> 193.55598 | CA33: =CB33*EXP(M$4)+BQ33+BV33/Ssum -> 6.5410874 | CB33: =BR33+BW33/Ssum -> 0.041707815 | CC33: =BX33/AU33 -> 0.060810063
A34: 0.3 | B34: 1433.0522 | G34: 1999 | H34: =SUMPRODUCT(J$7:N$7,Z34:AD34) -> 37308452 | I34: =IF(LHT=1,H33*EXP(-Q33),H32*EXP(-Q32)) -> 1837925.9 | J34: =I33*EXP(-R33-I$5*$Y33)*(1-I$6) -> 78414.723 | K34: =J33*EXP(-S33-J$5*$Y33)*(1-J$6) -> 62413.717 | L34: =K33*EXP(-T33-K$5*$Y33)*(1-K$6) -> 25602.087 | M34: =L33*EXP(-U33-L$5*$Y33)*(1-L$6) -> 1438.1791 | N34: =M33*EXP(-V33-M$5*$Y33)*(1-M$6) -> 9.4994497 | O34: 0.71415201 | P34: =O34-1 -> -0.28584799 | Q34: =MeMin+Mden*H34+P34 -> 2.8468704 | R34: =I$4+Mseal*AN34/40+Mhatch*AO34/30+Mtemp*(AP34-14.5) -> 2.8 | S34: =J$4 -> 0.3 | T34: =K$4+MSSLNRKWq*AQ34 -> 0.3 | U34: =L$4+MSSLNRKWq*AQ34 -> 0.3 | V34: =M$4 -> 0.3 | W34: =N$4 -> 0.3 | X34: =Q34+R35+S36+T37+U38+V39 -> 6.8468704 | Y34: =IF(UseRetro,RetroF,Ftest*ER!$D41+AS34) -> 0.16875 | Z34: =Ssum*J34*EXP(-J$5*$Y34)*J$6 -> 5088.7701 | AA34: =Ssum*K34*EXP(-K$5*$Y34)*K$6 -> 7275.6524 | AB34: =Ssum*L34*EXP(-L$5*$Y34)*L$6 -> 12288.232 | AC34: =Ssum*M34*EXP(-M$5*$Y34)*M$6 -> 721.62609 | AD34: =Ssum*N34*EXP(-N$5*$Y34)*N$6 -> 4.8146254 | AE34: =(1-EXP(-J$5*$Y34))*J34 -> 1312.1461 | AF34: =(1-EXP(-K$5*$Y34))*K34 -> 9691.5985 | AG34: =(1-EXP(-L$5*$Y34))*L34 -> 3975.4907 | AH34: =(1-EXP(-M$5*$Y34))*M34 -> 223.32037 | AI34: =(1-EXP(-N$5*$Y34))*N34 -> 1.475074 | AJ34: =G34 -> 1999 | AK34: =SUM(AE34:AI34) -> 15204.031 | AL34: =SUM(Z34:AD34) -> 25379.095 | AM34: =AK34/(AK34+AL34) -> 0.37463922 | AN34: 40.995356 | AO34: 27.72084 | AP34: 15.443 | AQ34: =stressors!U29/stressors!U$49 -> 0.45077696 | AR34: =CHOOSE(stockcode,Esc!F49,Esc!G49,Esc!H49,Esc!I49,Esc!J49,Esc!K49,Esc!L49,Esc!M49,Esc!N48,Esc!O48,Esc!P48) -> 23548.531 | AS34: 0 | AT34: =AJ34 -> 1999 | AU34: 10000 | AV34: =AU33*J34/I33 -> 608.10063 | AW34: =AV33*K34/J33 -> 393.49035 | AX34: =AW33*L34/K33 -> 185.73423 | AY34: =AX33*M34/L33 -> 5.922321 | AZ34: =AY33*N34/M33 -> 0.035033807 | BA34: =AV34*Z34/J34 -> 39.463052 | BB34: =AW34*AA34/K34 -> 45.869709 | BC34: =AX34*AB34/L34 -> 89.146848 | BD34: =AY34*AC34/M34 -> 2.9716058 | BE34: =AZ34*AD34/N34 -> 0.017756256 | BF34: =AV34*AE34/J34 -> 10.1756 | BG34: =AW34*AF34/K34 -> 61.10116 | BH34: =AX34*AG34/L34 -> 28.840801 | BI34: =AY34*AH34/M34 -> 0.91961766 | BJ34: =AZ34*AI34/N34 -> 0.0054400476 | BK34: =AT34-2 -> 1997 | BL34: =(AE34+AF35+AG36+AH37+AI38)/(AE34+AF35+AG36+AH37+AI38+Z34+AA35+AB36+AC37+AD38) -> 0.33527934 | BM34: =AT34 -> 1999 | BN34: =BF35 -> 9.0534389 | BO34: =BG36 -> 55.015991 | BP34: =BH37 -> 27.011404 | BQ34: =BI38 -> 0.91283126 | BR34: =BJ39 -> 0.0058204691 | BS34: =BA35 -> 39.537114 | BT34: =BB36 -> 46.913476 | BU34: =BC37 -> 94.837034 | BV34: =BD38 -> 3.3504761 | BW34: =BE39 -> 0.021579373 | BX34: =BY34*EXP(J$4)+BN34+BS34/Ssum -> 608.10063 | BY34: =BZ34*EXP(K$4)+BO34+BT34/Ssum -> 394.96871 | BZ34: =CA34*EXP(L$4)+BP34+BU34/Ssum -> 193.91924 | CA34: =CB34*EXP(M$4)+BQ34+BV34/Ssum -> 6.5533635 | CB34: =BR34+BW34/Ssum -> 0.04178609 | CC34: =BX34/AU34 -> 0.060810063
A35: 0.4 | B35: 966.88201 | G35: 2000 | H35: =SUMPRODUCT(J$7:N$7,Z35:AD35) -> 39572432 | I35: =IF(LHT=1,H34*EXP(-Q34),H33*EXP(-Q33)) -> 3690269.9 | J35: =I34*EXP(-R34-I$5*$Y34)*(1-I$6) -> 111764.39 | K35: =J34*EXP(-S34-J$5*$Y34)*(1-J$6) -> 50835.905 | L35: =K34*EXP(-T34-K$5*$Y34)*(1-K$6) -> 30074.28 | M35: =L34*EXP(-U34-L$5*$Y34)*(1-L$6) -> 849.13298 | N35: =M34*EXP(-V34-M$5*$Y34)*(1-M$6) -> 8.9998949 | O35: 1.1568049 | P35: =O35-1 -> 0.15680495 | Q35: =MeMin+Mden*H35+P35 -> 3.3260556 | R35: =I$4+Mseal*AN35/40+Mhatch*AO35/30+Mtemp*(AP35-14.5) -> 2.8 | S35: =J$4 -> 0.3 | T35: =K$4+MSSLNRKWq*AQ35 -> 0.3 | U35: =L$4+MSSLNRKWq*AQ35 -> 0.3 | V35: =M$4 -> 0.3 | W35: =N$4 -> 0.3 | X35: =Q35+R36+S37+T38+U39+V40 -> 7.3260556 | Y35: =IF(UseRetro,RetroF,Ftest*ER!$D42+AS35) -> 0.15 | Z35: =Ssum*J35*EXP(-J$5*$Y35)*J$6 -> 7266.6286 | AA35: =Ssum*K35*EXP(-K$5*$Y35)*K$6 -> 6038.1719 | AB35: =Ssum*L35*EXP(-L$5*$Y35)*L$6 -> 14707.955 | AC35: =Ssum*M35*EXP(-M$5*$Y35)*M$6 -> 434.12818 | AD35: =Ssum*N35*EXP(-N$5*$Y35)*N$6 -> 4.6477688 | AE35: =(1-EXP(-J$5*$Y35))*J35 -> 1663.955 | AF35: =(1-EXP(-K$5*$Y35))*K35 -> 7081.036 | AG35: =(1-EXP(-L$5*$Y35))*L35 -> 4189.1073 | AH35: =(1-EXP(-M$5*$Y35))*M35 -> 118.27745 | AI35: =(1-EXP(-N$5*$Y35))*N35 -> 1.2536136 | AJ35: =G35 -> 2000 | AK35: =SUM(AE35:AI35) -> 13053.629 | AL35: =SUM(Z35:AD35) -> 28451.532 | AM35: =AK35/(AK35+AL35) -> 0.31450617 | AN35: 41.038144 | AO35: 24.000294 | AP35: 15.262 | AQ35: =stressors!U30/stressors!U$49 -> 0.45673107 | AR35: =CHOOSE(stockcode,Esc!F50,Esc!G50,Esc!H50,Esc!I50,Esc!J50,Esc!K50,Esc!L50,Esc!M50,Esc!N49,Esc!O49,Esc!P49) -> 29009.824 | AS35: 0 | AT35: =AJ35 -> 2000 | AU35: 10000 | AV35: =AU34*J35/I34 -> 608.10063 | AW35: =AV34*K35/J34 -> 394.22884 | AX35: =AW34*L35/K34 -> 189.60478 | AY35: =AX34*M35/L34 -> 6.1601642 | AZ35: =AY34*N35/M34 -> 0.037060938 | BA35: =AV35*Z35/J35 -> 39.537114 | BB35: =AW35*AA35/K35 -> 46.825595 | BC35: =AX35*AB35/L35 -> 92.727027 | BD35: =AY35*AC35/M35 -> 3.1494488 | BE35: =AZ35*AD35/N35 -> 0.019139187 | BF35: =AV35*AE35/J35 -> 9.0534389 | BG35: =AW35*AF35/K35 -> 54.912933 | BH35: =AX35*AG35/L35 -> 26.410433 | BI35: =AY35*AH35/M35 -> 0.85806173 | BJ35: =AZ35*AI35/N35 -> 0.005162293 | BK35: =AT35-2 -> 1998 | BL35: =(AE35+AF36+AG37+AH38+AI39)/(AE35+AF36+AG37+AH38+AI39+Z35+AA36+AB37+AC38+AD39) -> 0.33253728 | BM35: =AT35 -> 2000 | BN35: =BF36 -> 9.0534389 | BO35: =BG37 -> 55.015991 | BP35: =BH38 -> 27.011404 | BQ35: =BI39 -> 0.91283126 | BR35: =BJ40 -> 0.0058204691 | BS35: =BA36 -> 39.537114 | BT35: =BB37 -> 46.913476 | BU35: =BC38 -> 94.837034 | BV35: =BD39 -> 3.3504761 | BW35: =BE40 -> 0.021579373 | BX35: =BY35*EXP(J$4)+BN35+BS35/Ssum -> 608.10063 | BY35: =BZ35*EXP(K$4)+BO35+BT35/Ssum -> 394.96871 | BZ35: =CA35*EXP(L$4)+BP35+BU35/Ssum -> 193.91924 | CA35: =CB35*EXP(M$4)+BQ35+BV35/Ssum -> 6.5533635 | CB35: =BR35+BW35/Ssum -> 0.04178609 | CC35: =BX35/AU35 -> 0.060810063
A36: 0.5 | B36: 596.91085 | G36: 2001 | H36: =SUMPRODUCT(J$7:N$7,Z36:AD36) -> 38653647 | I36: =IF(LHT=1,H35*EXP(-Q35),H34*EXP(-Q34)) -> 2164846.5 | J36: =I35*EXP(-R35-I$5*$Y35)*(1-I$6) -> 224405.54 | K36: =J35*EXP(-S35-J$5*$Y35)*(1-J$6) -> 72592.323 | L36: =K35*EXP(-T35-K$5*$Y35)*(1-K$6) -> 24959.091 | M36: =L35*EXP(-U35-L$5*$Y35)*(1-L$6) -> 1016.339 | N36: =M35*EXP(-V35-M$5*$Y35)*(1-M$6) -> 5.4143109 | O36: 0.91651505 | P36: =O36-1 -> -0.08348495 | Q36: =MeMin+Mden*H36+P36 -> 3.0709399 | R36: =I$4+Mseal*AN36/40+Mhatch*AO36/30+Mtemp*(AP36-14.5) -> 2.8 | S36: =J$4 -> 0.3 | T36: =K$4+MSSLNRKWq*AQ36 -> 0.3 | U36: =L$4+MSSLNRKWq*AQ36 -> 0.3 | V36: =M$4 -> 0.3 | W36: =N$4 -> 0.3 | X36: =Q36+R37+S38+T39+U40+V41 -> 7.0709399 | Y36: =IF(UseRetro,RetroF,Ftest*ER!$D43+AS36) -> 0.15 | Z36: =Ssum*J36*EXP(-J$5*$Y36)*J$6 -> 14590.262 | AA36: =Ssum*K36*EXP(-K$5*$Y36)*K$6 -> 8622.3492 | AB36: =Ssum*L36*EXP(-L$5*$Y36)*L$6 -> 12206.35 | AC36: =Ssum*M36*EXP(-M$5*$Y36)*M$6 -> 519.61402 | AD36: =Ssum*N36*EXP(-N$5*$Y36)*N$6 -> 2.7960843 | AE36: =(1-EXP(-J$5*$Y36))*J36 -> 3340.9633 | AF36: =(1-EXP(-K$5*$Y36))*K36 -> 10111.532 | AG36: =(1-EXP(-L$5*$Y36))*L36 -> 3476.6023 | AH36: =(1-EXP(-M$5*$Y36))*M36 -> 141.56792 | AI36: =(1-EXP(-N$5*$Y36))*N36 -> 0.75417032 | AJ36: =G36 -> 2001 | AK36: =SUM(AE36:AI36) -> 17071.419 | AL36: =SUM(Z36:AD36) -> 35941.372 | AM36: =AK36/(AK36+AL36) -> 0.32202453 | AN36: 40.96146 | AO36: 29.483872 | AP36: 16.061 | AQ36: =stressors!U31/stressors!U$49 -> 0.47732399 | AR36: =CHOOSE(stockcode,Esc!F51,Esc!G51,Esc!H51,Esc!I51,Esc!J51,Esc!K51,Esc!L51,Esc!M51,Esc!N50,Esc!O50,Esc!P50) -> 34058.806 | AS36: 0 | AT36: =AJ36 -> 2001 | AU36: 10000 | AV36: =AU35*J36/I35 -> 608.10063 | AW36: =AV35*K36/J35 -> 394.96871 | AX36: =AW35*L36/K35 -> 193.55598 | AY36: =AX35*M36/L35 -> 6.4075592 | AZ36: =AY35*N36/M35 -> 0.039278941 | BA36: =AV36*Z36/J36 -> 39.537114 | BB36: =AW36*AA36/K36 -> 46.913476 | BC36: =AX36*AB36/L36 -> 94.659381 | BD36: =AY36*AC36/M36 -> 3.2759322 | BE36: =AZ36*AD36/N36 -> 0.020284619 | BF36: =AV36*AE36/J36 -> 9.0534389 | BG36: =AW36*AF36/K36 -> 55.015991 | BH36: =AX36*AG36/L36 -> 26.960805 | BI36: =AY36*AH36/M36 -> 0.89252189 | BJ36: =AZ36*AI36/N36 -> 0.0054712432 | BK36: =AT36-2 -> 1999 | BL36: =(AE36+AF37+AG38+AH39+AI40)/(AE36+AF37+AG38+AH39+AI40+Z36+AA37+AB38+AC39+AD40) -> 0.33253728 | BM36: =AT36 -> 2001 | BN36: =BF37 -> 9.0534389 | BO36: =BG38 -> 55.015991 | BP36: =BH39 -> 27.011404 | BQ36: =BI40 -> 0.91283126 | BR36: =BJ41 -> 0.0058204691 | BS36: =BA37 -> 39.537114 | BT36: =BB38 -> 46.913476 | BU36: =BC39 -> 94.837034 | BV36: =BD40 -> 3.3504761 | BW36: =BE41 -> 0.021579373 | BX36: =BY36*EXP(J$4)+BN36+BS36/Ssum -> 608.10063 | BY36: =BZ36*EXP(K$4)+BO36+BT36/Ssum -> 394.96871 | BZ36: =CA36*EXP(L$4)+BP36+BU36/Ssum -> 193.91924 | CA36: =CB36*EXP(M$4)+BQ36+BV36/Ssum -> 6.5533635 | CB36: =BR36+BW36/Ssum -> 0.04178609 | CC36: =BX36/AU36 -> 0.060810063
A37: 0.6 | B37: 349.00141 | G37: 2002 | H37: =SUMPRODUCT(J$7:N$7,Z37:AD37) -> 61917324 | I37: =IF(LHT=1,H36*EXP(-Q36),H35*EXP(-Q35)) -> 1422018.2 | J37: =I36*EXP(-R36-I$5*$Y36)*(1-I$6) -> 131644.45 | K37: =J36*EXP(-S36-J$5*$Y36)*(1-J$6) -> 145754.11 | L37: =K36*EXP(-T36-K$5*$Y36)*(1-K$6) -> 35640.92 | M37: =L36*EXP(-U36-L$5*$Y36)*(1-L$6) -> 843.47481 | N37: =M36*EXP(-V36-M$5*$Y36)*(1-M$6) -> 6.4804636 | O37: 2.0770644 | P37: =O37-1 -> 1.0770644 | Q37: =MeMin+Mden*H37+P37 -> 4.6068783 | R37: =I$4+Mseal*AN37/40+Mhatch*AO37/30+Mtemp*(AP37-14.5) -> 2.8 | S37: =J$4 -> 0.3 | T37: =K$4+MSSLNRKWq*AQ37 -> 0.3 | U37: =L$4+MSSLNRKWq*AQ37 -> 0.3 | V37: =M$4 -> 0.3 | W37: =N$4 -> 0.3 | X37: =Q37+R38+S39+T40+U41+V42 -> 8.6068783 | Y37: =IF(UseRetro,RetroF,Ftest*ER!$D44+AS37) -> 0.15 | Z37: =Ssum*J37*EXP(-J$5*$Y37)*J$6 -> 8559.1784 | AA37: =Ssum*K37*EXP(-K$5*$Y37)*K$6 -> 17312.339 | AB37: =Ssum*L37*EXP(-L$5*$Y37)*L$6 -> 17430.344 | AC37: =Ssum*M37*EXP(-M$5*$Y37)*M$6 -> 431.23539 | AD37: =Ssum*N37*EXP(-N$5*$Y37)*N$6 -> 3.346672 | AE37: =(1-EXP(-J$5*$Y37))*J37 -> 1959.9306 | AF37: =(1-EXP(-K$5*$Y37))*K37 -> 20302.386 | AG37: =(1-EXP(-L$5*$Y37))*L37 -> 4964.4958 | AH37: =(1-EXP(-M$5*$Y37))*M37 -> 117.48931 | AI37: =(1-EXP(-N$5*$Y37))*N37 -> 0.90267688 | AJ37: =G37 -> 2002 | AK37: =SUM(AE37:AI37) -> 27345.204 | AL37: =SUM(Z37:AD37) -> 43736.443 | AM37: =AK37/(AK37+AL37) -> 0.38470133 | AN37: 40.817933 | AO37: 25.436934 | AP37: 16.76075 | AQ37: =stressors!U32/stressors!U$49 -> 0.4853026 | AR37: =CHOOSE(stockcode,Esc!F52,Esc!G52,Esc!H52,Esc!I52,Esc!J52,Esc!K52,Esc!L52,Esc!M52,Esc!N51,Esc!O51,Esc!P51) -> 44481.594 | AS37: 0 | AT37: =AJ37 -> 2002 | AU37: 10000 | AV37: =AU36*J37/I36 -> 608.10063 | AW37: =AV36*K37/J36 -> 394.96871 | AX37: =AW36*L37/K36 -> 193.91924 | AY37: =AX36*M37/L36 -> 6.5410874 | AZ37: =AY36*N37/M36 -> 0.040856402 | BA37: =AV37*Z37/J37 -> 39.537114 | BB37: =AW37*AA37/K37 -> 46.913476 | BC37: =AX37*AB37/L37 -> 94.837034 | BD37: =AY37*AC37/M37 -> 3.3441999 | BE37: =AZ37*AD37/N37 -> 0.021099258 | BF37: =AV37*AE37/J37 -> 9.0534389 | BG37: =AW37*AF37/K37 -> 55.015991 | BH37: =AX37*AG37/L37 -> 27.011404 | BI37: =AY37*AH37/M37 -> 0.91112131 | BJ37: =AZ37*AI37/N37 -> 0.0056909709 | BK37: =AT37-2 -> 2000 | BL37: =(AE37+AF38+AG39+AH40+AI41)/(AE37+AF38+AG39+AH40+AI41+Z37+AA38+AB39+AC40+AD41) -> 0.33253728 | BM37: =AT37 -> 2002 | BN37: =BF38 -> 9.0534389 | BO37: =BG39 -> 55.015991 | BP37: =BH40 -> 27.011404 | BQ37: =BI41 -> 0.91283126 | BR37: =BJ42 -> 0.0058204691 | BS37: =BA38 -> 39.537114 | BT37: =BB39 -> 46.913476 | BU37: =BC40 -> 94.837034 | BV37: =BD41 -> 3.3504761 | BW37: =BE42 -> 0.021579373 | BX37: =BY37*EXP(J$4)+BN37+BS37/Ssum -> 608.10063 | BY37: =BZ37*EXP(K$4)+BO37+BT37/Ssum -> 394.96871 | BZ37: =CA37*EXP(L$4)+BP37+BU37/Ssum -> 193.91924 | CA37: =CB37*EXP(M$4)+BQ37+BV37/Ssum -> 6.5533635 | CB37: =BR37+BW37/Ssum -> 0.04178609 | CC37: =BX37/AU37 -> 0.060810063
A38: 0.8 | B38: 108.95196 | G38: 2003 | H38: =SUMPRODUCT(J$7:N$7,Z38:AD38) -> 86776735 | I38: =IF(LHT=1,H37*EXP(-Q37),H36*EXP(-Q36)) -> 1792661.2 | J38: =I37*EXP(-R37-I$5*$Y37)*(1-I$6) -> 86473.017 | K38: =J37*EXP(-S37-J$5*$Y37)*(1-J$6) -> 85504.664 | L38: =K37*EXP(-T37-K$5*$Y37)*(1-K$6) -> 71561.434 | M38: =L37*EXP(-U37-L$5*$Y37)*(1-L$6) -> 1204.4596 | N38: =M37*EXP(-V37-M$5*$Y37)*(1-M$6) -> 5.3782328 | O38: 1.945073 | P38: =O38-1 -> 0.94507298 | Q38: =MeMin+Mden*H38+P38 -> 4.8760251 | R38: =I$4+Mseal*AN38/40+Mhatch*AO38/30+Mtemp*(AP38-14.5) -> 2.8 | S38: =J$4 -> 0.3 | T38: =K$4+MSSLNRKWq*AQ38 -> 0.3 | U38: =L$4+MSSLNRKWq*AQ38 -> 0.3 | V38: =M$4 -> 0.3 | W38: =N$4 -> 0.3 | X38: =Q38+R39+S40+T41+U42+V43 -> 8.8760251 | Y38: =IF(UseRetro,RetroF,Ftest*ER!$D45+AS38) -> 0.15 | Z38: =Ssum*J38*EXP(-J$5*$Y38)*J$6 -> 5622.2497 | AA38: =Ssum*K38*EXP(-K$5*$Y38)*K$6 -> 10156.047 | AB38: =Ssum*L38*EXP(-L$5*$Y38)*L$6 -> 34997.425 | AC38: =Ssum*M38*EXP(-M$5*$Y38)*M$6 -> 615.79268 | AD38: =Ssum*N38*EXP(-N$5*$Y38)*N$6 -> 2.7774527 | AE38: =(1-EXP(-J$5*$Y38))*J38 -> 1287.4155 | AF38: =(1-EXP(-K$5*$Y38))*K38 -> 11910.118 | AG38: =(1-EXP(-L$5*$Y38))*L38 -> 9967.9369 | AH38: =(1-EXP(-M$5*$Y38))*M38 -> 167.77162 | AI38: =(1-EXP(-N$5*$Y38))*N38 -> 0.74914494 | AJ38: =G38 -> 2003 | AK38: =SUM(AE38:AI38) -> 23333.991 | AL38: =SUM(Z38:AD38) -> 51394.292 | AM38: =AK38/(AK38+AL38) -> 0.31225113 | AN38: 40.649113 | AO38: 25.292628 | AP38: 16.89 | AQ38: =stressors!U33/stressors!U$49 -> 0.52412845 | AR38: =CHOOSE(stockcode,Esc!F53,Esc!G53,Esc!H53,Esc!I53,Esc!J53,Esc!K53,Esc!L53,Esc!M53,Esc!N52,Esc!O52,Esc!P52) -> 55297.15 | AS38: 0 | AT38: =AJ38 -> 2003 | AU38: 10000 | AV38: =AU37*J38/I37 -> 608.10063 | AW38: =AV37*K38/J37 -> 394.96871 | AX38: =AW37*L38/K37 -> 193.91924 | AY38: =AX37*M38/L37 -> 6.5533635 | AZ38: =AY37*N38/M37 -> 0.041707815 | BA38: =AV38*Z38/J38 -> 39.537114 | BB38: =AW38*AA38/K38 -> 46.913476 | BC38: =AX38*AB38/L38 -> 94.837034 | BD38: =AY38*AC38/M38 -> 3.3504761 | BE38: =AZ38*AD38/N38 -> 0.021538949 | BF38: =AV38*AE38/J38 -> 9.0534389 | BG38: =AW38*AF38/K38 -> 55.015991 | BH38: =AX38*AG38/L38 -> 27.011404 | BI38: =AY38*AH38/M38 -> 0.91283126 | BJ38: =AZ38*AI38/N38 -> 0.0058095659 | BK38: =AT38-2 -> 2001 | BL38: =(AE38+AF39+AG40+AH41+AI42)/(AE38+AF39+AG40+AH41+AI42+Z38+AA39+AB40+AC41+AD42) -> 0.33253728 | BM38: =AT38 -> 2003 | BN38: =BF39 -> 9.0534389 | BO38: =BG40 -> 55.015991 | BP38: =BH41 -> 27.011404 | BQ38: =BI42 -> 0.91283126 | BR38: =BJ43 -> 0.0058204691 | BS38: =BA39 -> 39.537114 | BT38: =BB40 -> 46.913476 | BU38: =BC41 -> 94.837034 | BV38: =BD42 -> 3.3504761 | BW38: =BE43 -> 0.021579373 | BX38: =BY38*EXP(J$4)+BN38+BS38/Ssum -> 608.10063 | BY38: =BZ38*EXP(K$4)+BO38+BT38/Ssum -> 394.96871 | BZ38: =CA38*EXP(L$4)+BP38+BU38/Ssum -> 193.91924 | CA38: =CB38*EXP(M$4)+BQ38+BV38/Ssum -> 6.5533635 | CB38: =BR38+BW38/Ssum -> 0.04178609 | CC38: =BX38/AU38 -> 0.060810063
A39: 1 | B39: 32.094454 | G39: 2004 | H39: =SUMPRODUCT(J$7:N$7,Z39:AD39) -> 54171236 | I39: =IF(LHT=1,H38*EXP(-Q38),H37*EXP(-Q37)) -> 618116.52 | J39: =I38*EXP(-R38-I$5*$Y38)*(1-I$6) -> 109011.84 | K39: =J38*EXP(-S38-J$5*$Y38)*(1-J$6) -> 56165.271 | L39: =K38*EXP(-T38-K$5*$Y38)*(1-K$6) -> 41980.539 | M39: =L38*EXP(-U38-L$5*$Y38)*(1-L$6) -> 2418.368 | N39: =M38*EXP(-V38-M$5*$Y38)*(1-M$6) -> 7.6799738 | O39: 1.203467 | P39: =O39-1 -> 0.20346702 | Q39: =MeMin+Mden*H39+P39 -> 3.6082879 | R39: =I$4+Mseal*AN39/40+Mhatch*AO39/30+Mtemp*(AP39-14.5) -> 2.8 | S39: =J$4 -> 0.3 | T39: =K$4+MSSLNRKWq*AQ39 -> 0.3 | U39: =L$4+MSSLNRKWq*AQ39 -> 0.3 | V39: =M$4 -> 0.3 | W39: =N$4 -> 0.3 | X39: =Q39+R40+S41+T42+U43+V44 -> 7.6082879 | Y39: =IF(UseRetro,RetroF,Ftest*ER!$D46+AS39) -> 0.15 | Z39: =Ssum*J39*EXP(-J$5*$Y39)*J$6 -> 7087.6652 | AA39: =Ssum*K39*EXP(-K$5*$Y39)*K$6 -> 6671.1817 | AB39: =Ssum*L39*EXP(-L$5*$Y39)*L$6 -> 20530.762 | AC39: =Ssum*M39*EXP(-M$5*$Y39)*M$6 -> 1236.4161 | AD39: =Ssum*N39*EXP(-N$5*$Y39)*N$6 -> 3.9661288 | AE39: =(1-EXP(-J$5*$Y39))*J39 -> 1622.9749 | AF39: =(1-EXP(-K$5*$Y39))*K39 -> 7823.3742 | AG39: =(1-EXP(-L$5*$Y39))*L39 -> 5847.5543 | AH39: =(1-EXP(-M$5*$Y39))*M39 -> 336.85937 | AI39: =(1-EXP(-N$5*$Y39))*N39 -> 1.0697591 | AJ39: =G39 -> 2004 | AK39: =SUM(AE39:AI39) -> 15631.832 | AL39: =SUM(Z39:AD39) -> 35529.991 | AM39: =AK39/(AK39+AL39) -> 0.30553705 | AN39: 40.483678 | AO39: 23.240472 | AP39: 16.316 | AQ39: =stressors!U34/stressors!U$49 -> 0.57064506 | AR39: =CHOOSE(stockcode,Esc!F54,Esc!G54,Esc!H54,Esc!I54,Esc!J54,Esc!K54,Esc!L54,Esc!M54,Esc!N53,Esc!O53,Esc!P53) -> 35737.06 | AS39: 0 | AT39: =AJ39 -> 2004 | AU39: 10000 | AV39: =AU38*J39/I38 -> 608.10063 | AW39: =AV38*K39/J38 -> 394.96871 | AX39: =AW38*L39/K38 -> 193.91924 | AY39: =AX38*M39/L38 -> 6.5533635 | AZ39: =AY38*N39/M38 -> 0.04178609 | BA39: =AV39*Z39/J39 -> 39.537114 | BB39: =AW39*AA39/K39 -> 46.913476 | BC39: =AX39*AB39/L39 -> 94.837034 | BD39: =AY39*AC39/M39 -> 3.3504761 | BE39: =AZ39*AD39/N39 -> 0.021579373 | BF39: =AV39*AE39/J39 -> 9.0534389 | BG39: =AW39*AF39/K39 -> 55.015991 | BH39: =AX39*AG39/L39 -> 27.011404 | BI39: =AY39*AH39/M39 -> 0.91283126 | BJ39: =AZ39*AI39/N39 -> 0.0058204691 | BK39: =AT39-2 -> 2002 | BL39: =(AE39+AF40+AG41+AH42+AI43)/(AE39+AF40+AG41+AH42+AI43+Z39+AA40+AB41+AC42+AD43) -> 0.33253728 | BM39: =AT39 -> 2004 | BN39: =BF40 -> 9.0534389 | BO39: =BG41 -> 55.015991 | BP39: =BH42 -> 27.011404 | BQ39: =BI43 -> 0.91283126 | BR39: =BJ44 -> 0.0058204691 | BS39: =BA40 -> 39.537114 | BT39: =BB41 -> 46.913476 | BU39: =BC42 -> 94.837034 | BV39: =BD43 -> 3.3504761 | BW39: =BE44 -> 0.021579373 | BX39: =BY39*EXP(J$4)+BN39+BS39/Ssum -> 608.10063 | BY39: =BZ39*EXP(K$4)+BO39+BT39/Ssum -> 394.96871 | BZ39: =CA39*EXP(L$4)+BP39+BU39/Ssum -> 193.91924 | CA39: =CB39*EXP(M$4)+BQ39+BV39/Ssum -> 6.5533635 | CB39: =BR39+BW39/Ssum -> 0.04178609 | CC39: =BX39/AU39 -> 0.060810063
A40: 1.2 | B40: 9.2702935 | G40: 2005 | H40: =SUMPRODUCT(J$7:N$7,Z40:AD40) -> 41424200 | I40: =IF(LHT=1,H39*EXP(-Q39),H38*EXP(-Q38)) -> 661869.69 | J40: =I39*EXP(-R39-I$5*$Y39)*(1-I$6) -> 37587.704 | K40: =J39*EXP(-S39-J$5*$Y39)*(1-J$6) -> 70804.509 | L40: =K39*EXP(-T39-K$5*$Y39)*(1-K$6) -> 27575.669 | M40: =L39*EXP(-U39-L$5*$Y39)*(1-L$6) -> 1418.7026 | N40: =M39*EXP(-V39-M$5*$Y39)*(1-M$6) -> 15.420195 | O40: 1.0923905 | P40: =O40-1 -> 0.092390478 | Q40: =MeMin+Mden*H40+P40 -> 3.2915217 | R40: =I$4+Mseal*AN40/40+Mhatch*AO40/30+Mtemp*(AP40-14.5) -> 2.8 | S40: =J$4 -> 0.3 | T40: =K$4+MSSLNRKWq*AQ40 -> 0.3 | U40: =L$4+MSSLNRKWq*AQ40 -> 0.3 | V40: =M$4 -> 0.3 | W40: =N$4 -> 0.3 | X40: =Q40+R41+S42+T43+U44+V45 -> 7.2915217 | Y40: =IF(UseRetro,RetroF,Ftest*ER!$D47+AS40) -> 0.15 | Z40: =Ssum*J40*EXP(-J$5*$Y40)*J$6 -> 2443.8543 | AA40: =Ssum*K40*EXP(-K$5*$Y40)*K$6 -> 8409.9968 | AB40: =Ssum*L40*EXP(-L$5*$Y40)*L$6 -> 13485.999 | AC40: =Ssum*M40*EXP(-M$5*$Y40)*M$6 -> 725.32666 | AD40: =Ssum*N40*EXP(-N$5*$Y40)*N$6 -> 7.963371 | AE40: =(1-EXP(-J$5*$Y40))*J40 -> 559.60801 | AF40: =(1-EXP(-K$5*$Y40))*K40 -> 9862.5034 | AG40: =(1-EXP(-L$5*$Y40))*L40 -> 3841.0708 | AH40: =(1-EXP(-M$5*$Y40))*M40 -> 197.61396 | AI40: =(1-EXP(-N$5*$Y40))*N40 -> 2.1479102 | AJ40: =G40 -> 2005 | AK40: =SUM(AE40:AI40) -> 14462.944 | AL40: =SUM(Z40:AD40) -> 25073.14 | AM40: =AK40/(AK40+AL40) -> 0.3658163 | AN40: 40.338114 | AO40: 21.452685 | AP40: 16.33 | AQ40: =stressors!U35/stressors!U$49 -> 0.6001403 | AR40: =CHOOSE(stockcode,Esc!F55,Esc!G55,Esc!H55,Esc!I55,Esc!J55,Esc!K55,Esc!L55,Esc!M55,Esc!N54,Esc!O54,Esc!P54) -> 24122.325 | AS40: 0 | AT40: =AJ40 -> 2005 | AU40: 10000 | AV40: =AU39*J40/I39 -> 608.10063 | AW40: =AV39*K40/J39 -> 394.96871 | AX40: =AW39*L40/K39 -> 193.91924 | AY40: =AX39*M40/L39 -> 6.5533635 | AZ40: =AY39*N40/M39 -> 0.04178609 | BA40: =AV40*Z40/J40 -> 39.537114 | BB40: =AW40*AA40/K40 -> 46.913476 | BC40: =AX40*AB40/L40 -> 94.837034 | BD40: =AY40*AC40/M40 -> 3.3504761 | BE40: =AZ40*AD40/N40 -> 0.021579373 | BF40: =AV40*AE40/J40 -> 9.0534389 | BG40: =AW40*AF40/K40 -> 55.015991 | BH40: =AX40*AG40/L40 -> 27.011404 | BI40: =AY40*AH40/M40 -> 0.91283126 | BJ40: =AZ40*AI40/N40 -> 0.0058204691 | BK40: =AT40-2 -> 2003 | BL40: =(AE40+AF41+AG42+AH43+AI44)/(AE40+AF41+AG42+AH43+AI44+Z40+AA41+AB42+AC43+AD44) -> 0.33253728 | BM40: =AT40 -> 2005 | BN40: =BF41 -> 9.0534389 | BO40: =BG42 -> 55.015991 | BP40: =BH43 -> 27.011404 | BQ40: =BI44 -> 0.91283126 | BR40: =BJ45 -> 0.0058204691 | BS40: =BA41 -> 39.537114 | BT40: =BB42 -> 46.913476 | BU40: =BC43 -> 94.837034 | BV40: =BD44 -> 3.3504761 | BW40: =BE45 -> 0.021579373 | BX40: =BY40*EXP(J$4)+BN40+BS40/Ssum -> 608.10063 | BY40: =BZ40*EXP(K$4)+BO40+BT40/Ssum -> 394.96871 | BZ40: =CA40*EXP(L$4)+BP40+BU40/Ssum -> 193.91924 | CA40: =CB40*EXP(M$4)+BQ40+BV40/Ssum -> 6.5533635 | CB40: =BR40+BW40/Ssum -> 0.04178609 | CC40: =BX40/AU40 -> 0.060810063
A41: 1.4 | B41: 2.6745313 | G41: 2006 | H41: =SUMPRODUCT(J$7:N$7,Z41:AD41) -> 39556958 | I41: =IF(LHT=1,H40*EXP(-Q40),H39*EXP(-Q39)) -> 1467943 | J41: =I40*EXP(-R40-I$5*$Y40)*(1-I$6) -> 40248.337 | K41: =J40*EXP(-S40-J$5*$Y40)*(1-J$6) -> 24413.668 | L41: =K40*EXP(-T40-K$5*$Y40)*(1-K$6) -> 34763.15 | M41: =L40*EXP(-U40-L$5*$Y40)*(1-L$6) -> 931.90023 | N41: =M40*EXP(-V40-M$5*$Y40)*(1-M$6) -> 9.0460472 | O41: 1.4947318 | P41: =O41-1 -> 0.49473175 | Q41: =MeMin+Mden*H41+P41 -> 3.6637327 | R41: =I$4+Mseal*AN41/40+Mhatch*AO41/30+Mtemp*(AP41-14.5) -> 2.8 | S41: =J$4 -> 0.3 | T41: =K$4+MSSLNRKWq*AQ41 -> 0.3 | U41: =L$4+MSSLNRKWq*AQ41 -> 0.3 | V41: =M$4 -> 0.3 | W41: =N$4 -> 0.3 | X41: =Q41+R42+S43+T44+U45+V46 -> 7.6637327 | Y41: =IF(UseRetro,RetroF,Ftest*ER!$D48+AS41) -> 0.15 | Z41: =Ssum*J41*EXP(-J$5*$Y41)*J$6 -> 2616.8418 | AA41: =Ssum*K41*EXP(-K$5*$Y41)*K$6 -> 2899.7994 | AB41: =Ssum*L41*EXP(-L$5*$Y41)*L$6 -> 17001.067 | AC41: =Ssum*M41*EXP(-M$5*$Y41)*M$6 -> 476.44381 | AD41: =Ssum*N41*EXP(-N$5*$Y41)*N$6 -> 4.671603 | AE41: =(1-EXP(-J$5*$Y41))*J41 -> 599.21967 | AF41: =(1-EXP(-K$5*$Y41))*K41 -> 3400.6293 | AG41: =(1-EXP(-L$5*$Y41))*L41 -> 4842.2296 | AH41: =(1-EXP(-M$5*$Y41))*M41 -> 129.80627 | AI41: =(1-EXP(-N$5*$Y41))*N41 -> 1.2600422 | AJ41: =G41 -> 2006 | AK41: =SUM(AE41:AI41) -> 8973.1448 | AL41: =SUM(Z41:AD41) -> 22998.824 | AM41: =AK41/(AK41+AL41) -> 0.28065663 | AN41: 40.219034 | AO41: 21.566597 | AP41: 15.98 | AQ41: =stressors!U36/stressors!U$49 -> 0.59454426 | AR41: =CHOOSE(stockcode,Esc!F56,Esc!G56,Esc!H56,Esc!I56,Esc!J56,Esc!K56,Esc!L56,Esc!M56,Esc!N55,Esc!O55,Esc!P55) -> 24357.474 | AS41: 0 | AT41: =AJ41 -> 2006 | AU41: 10000 | AV41: =AU40*J41/I40 -> 608.10063 | AW41: =AV40*K41/J40 -> 394.96871 | AX41: =AW40*L41/K40 -> 193.91924 | AY41: =AX40*M41/L40 -> 6.5533635 | AZ41: =AY40*N41/M40 -> 0.04178609 | BA41: =AV41*Z41/J41 -> 39.537114 | BB41: =AW41*AA41/K41 -> 46.913476 | BC41: =AX41*AB41/L41 -> 94.837034 | BD41: =AY41*AC41/M41 -> 3.3504761 | BE41: =AZ41*AD41/N41 -> 0.021579373 | BF41: =AV41*AE41/J41 -> 9.0534389 | BG41: =AW41*AF41/K41 -> 55.015991 | BH41: =AX41*AG41/L41 -> 27.011404 | BI41: =AY41*AH41/M41 -> 0.91283126 | BJ41: =AZ41*AI41/N41 -> 0.0058204691 | BK41: =AT41-2 -> 2004 | BL41: =(AE41+AF42+AG43+AH44+AI45)/(AE41+AF42+AG43+AH44+AI45+Z41+AA42+AB43+AC44+AD45) -> 0.33253728 | BM41: =AT41 -> 2006 | BN41: =BF42 -> 9.0534389 | BO41: =BG43 -> 55.015991 | BP41: =BH44 -> 27.011404 | BQ41: =BI45 -> 0.91283126 | BR41: =BJ46 -> 0.0058204691 | BS41: =BA42 -> 39.537114 | BT41: =BB43 -> 46.913476 | BU41: =BC44 -> 94.837034 | BV41: =BD45 -> 3.3504761 | BW41: =BE46 -> 0.021579373 | BX41: =BY41*EXP(J$4)+BN41+BS41/Ssum -> 608.10063 | BY41: =BZ41*EXP(K$4)+BO41+BT41/Ssum -> 394.96871 | BZ41: =CA41*EXP(L$4)+BP41+BU41/Ssum -> 193.91924 | CA41: =CB41*EXP(M$4)+BQ41+BV41/Ssum -> 6.5533635 | CB41: =BR41+BW41/Ssum -> 0.04178609 | CC41: =BX41/AU41 -> 0.060810063
A42: 1.6 | B42: 0.77767208 | G42: 2007 | H42: =SUMPRODUCT(J$7:N$7,Z42:AD42) -> 17892431 | I42: =IF(LHT=1,H41*EXP(-Q41),H40*EXP(-Q40)) -> 1540864.3 | J42: =I41*EXP(-R41-I$5*$Y41)*(1-I$6) -> 89265.709 | K42: =J41*EXP(-S41-J$5*$Y41)*(1-J$6) -> 26141.782 | L42: =K41*EXP(-T41-K$5*$Y41)*(1-K$6) -> 11986.469 | M42: =L41*EXP(-U41-L$5*$Y41)*(1-L$6) -> 1174.7961 | N42: =M41*EXP(-V41-M$5*$Y41)*(1-M$6) -> 5.9420582 | O42: 1.8202557 | P42: =O42-1 -> 0.82025566 | Q42: =MeMin+Mden*H42+P42 -> 3.6396719 | R42: =I$4+Mseal*AN42/40+Mhatch*AO42/30+Mtemp*(AP42-14.5) -> 2.8 | S42: =J$4 -> 0.3 | T42: =K$4+MSSLNRKWq*AQ42 -> 0.3 | U42: =L$4+MSSLNRKWq*AQ42 -> 0.3 | V42: =M$4 -> 0.3 | W42: =N$4 -> 0.3 | X42: =Q42+R43+S44+T45+U46+V47 -> 7.6396719 | Y42: =IF(UseRetro,RetroF,Ftest*ER!$D49+AS42) -> 0.15 | Z42: =Ssum*J42*EXP(-J$5*$Y42)*J$6 -> 5803.8232 | AA42: =Ssum*K42*EXP(-K$5*$Y42)*K$6 -> 3105.0608 | AB42: =Ssum*L42*EXP(-L$5*$Y42)*L$6 -> 5862.0337 | AC42: =Ssum*M42*EXP(-M$5*$Y42)*M$6 -> 600.62686 | AD42: =Ssum*N42*EXP(-N$5*$Y42)*N$6 -> 3.0686261 | AE42: =(1-EXP(-J$5*$Y42))*J42 -> 1328.9933 | AF42: =(1-EXP(-K$5*$Y42))*K42 -> 3641.3417 | AG42: =(1-EXP(-L$5*$Y42))*L42 -> 1669.6195 | AH42: =(1-EXP(-M$5*$Y42))*M42 -> 163.63972 | AI42: =(1-EXP(-N$5*$Y42))*N42 -> 0.82768131 | AJ42: =G42 -> 2007 | AK42: =SUM(AE42:AI42) -> 6804.4218 | AL42: =SUM(Z42:AD42) -> 15374.613 | AM42: =AK42/(AK42+AL42) -> 0.30679522 | AN42: 40.126215 | AO42: 18.791229 | AP42: 15.61 | AQ42: =stressors!U37/stressors!U$49 -> 0.59915706 | AR42: =CHOOSE(stockcode,Esc!F57,Esc!G57,Esc!H57,Esc!I57,Esc!J57,Esc!K57,Esc!L57,Esc!M57,Esc!N56,Esc!O56,Esc!P56) -> 13201.512 | AS42: 0 | AT42: =AJ42 -> 2007 | AU42: 10000 | AV42: =AU41*J42/I41 -> 608.10063 | AW42: =AV41*K42/J41 -> 394.96871 | AX42: =AW41*L42/K41 -> 193.91924 | AY42: =AX41*M42/L41 -> 6.5533635 | AZ42: =AY41*N42/M41 -> 0.04178609 | BA42: =AV42*Z42/J42 -> 39.537114 | BB42: =AW42*AA42/K42 -> 46.913476 | BC42: =AX42*AB42/L42 -> 94.837034 | BD42: =AY42*AC42/M42 -> 3.3504761 | BE42: =AZ42*AD42/N42 -> 0.021579373 | BF42: =AV42*AE42/J42 -> 9.0534389 | BG42: =AW42*AF42/K42 -> 55.015991 | BH42: =AX42*AG42/L42 -> 27.011404 | BI42: =AY42*AH42/M42 -> 0.91283126 | BJ42: =AZ42*AI42/N42 -> 0.0058204691 | BK42: =AT42-2 -> 2005 | BL42: =(AE42+AF43+AG44+AH45+AI46)/(AE42+AF43+AG44+AH45+AI46+Z42+AA43+AB44+AC45+AD46) -> 0.33253728 | BM42: =AT42 -> 2007 | BN42: =BF43 -> 9.0534389 | BO42: =BG44 -> 55.015991 | BP42: =BH45 -> 27.011404 | BQ42: =BI46 -> 0.91283126 | BR42: =BJ47 -> 0.0058204691 | BS42: =BA43 -> 39.537114 | BT42: =BB44 -> 46.913476 | BU42: =BC45 -> 94.837034 | BV42: =BD46 -> 3.3504761 | BW42: =BE47 -> 0.021579373 | BX42: =BY42*EXP(J$4)+BN42+BS42/Ssum -> 608.10063 | BY42: =BZ42*EXP(K$4)+BO42+BT42/Ssum -> 394.96871 | BZ42: =CA42*EXP(L$4)+BP42+BU42/Ssum -> 193.91924 | CA42: =CB42*EXP(M$4)+BQ42+BV42/Ssum -> 6.5533635 | CB42: =BR42+BW42/Ssum -> 0.04178609 | CC42: =BX42/AU42 -> 0.060810063
A43: 1.8 | B43: 0.22881897 | G43: 2008 | H43: =SUMPRODUCT(J$7:N$7,Z43:AD43) -> 23413250 | I43: =IF(LHT=1,H42*EXP(-Q42),H41*EXP(-Q41)) -> 1014107.5 | J43: =I42*EXP(-R42-I$5*$Y42)*(1-I$6) -> 93700.057 | K43: =J42*EXP(-S42-J$5*$Y42)*(1-J$6) -> 57979.158 | L43: =K42*EXP(-T42-K$5*$Y42)*(1-K$6) -> 12834.927 | M43: =L42*EXP(-U42-L$5*$Y42)*(1-L$6) -> 405.07422 | N43: =M42*EXP(-V42-M$5*$Y42)*(1-M$6) -> 7.4908304 | O43: 1.9091115 | P43: =O43-1 -> 0.90911153 | Q43: =MeMin+Mden*H43+P43 -> 3.8176132 | R43: =I$4+Mseal*AN43/40+Mhatch*AO43/30+Mtemp*(AP43-14.5) -> 2.8 | S43: =J$4 -> 0.3 | T43: =K$4+MSSLNRKWq*AQ43 -> 0.3 | U43: =L$4+MSSLNRKWq*AQ43 -> 0.3 | V43: =M$4 -> 0.3 | W43: =N$4 -> 0.3 | X43: =Q43+R44+S45+T46+U47+V48 -> 7.8176132 | Y43: =IF(UseRetro,RetroF,Ftest*ER!$D50+AS43) -> 0.15 | Z43: =Ssum*J43*EXP(-J$5*$Y43)*J$6 -> 6092.133 | AA43: =Ssum*K43*EXP(-K$5*$Y43)*K$6 -> 6886.6311 | AB43: =Ssum*L43*EXP(-L$5*$Y43)*L$6 -> 6276.9758 | AC43: =Ssum*M43*EXP(-M$5*$Y43)*M$6 -> 207.09846 | AD43: =Ssum*N43*EXP(-N$5*$Y43)*N$6 -> 3.8684505 | AE43: =(1-EXP(-J$5*$Y43))*J43 -> 1395.0121 | AF43: =(1-EXP(-K$5*$Y43))*K43 -> 8076.0342 | AG43: =(1-EXP(-L$5*$Y43))*L43 -> 1787.8029 | AH43: =(1-EXP(-M$5*$Y43))*M43 -> 56.423608 | AI43: =(1-EXP(-N$5*$Y43))*N43 -> 1.0434129 | AJ43: =G43 -> 2008 | AK43: =SUM(AE43:AI43) -> 11316.316 | AL43: =SUM(Z43:AD43) -> 19466.707 | AM43: =AK43/(AK43+AL43) -> 0.3676155 | AN43: 39.960158 | AO43: 17.881678 | AP43: 16.651 | AQ43: =stressors!U38/stressors!U$49 -> 0.63721549 | AR43: =CHOOSE(stockcode,Esc!F58,Esc!G58,Esc!H58,Esc!I58,Esc!J58,Esc!K58,Esc!L58,Esc!M58,Esc!N57,Esc!O57,Esc!P57) -> 18415.974 | AS43: 0 | AT43: =AJ43 -> 2008 | AU43: 10000 | AV43: =AU42*J43/I42 -> 608.10063 | AW43: =AV42*K43/J42 -> 394.96871 | AX43: =AW42*L43/K42 -> 193.91924 | AY43: =AX42*M43/L42 -> 6.5533635 | AZ43: =AY42*N43/M42 -> 0.04178609 | BA43: =AV43*Z43/J43 -> 39.537114 | BB43: =AW43*AA43/K43 -> 46.913476 | BC43: =AX43*AB43/L43 -> 94.837034 | BD43: =AY43*AC43/M43 -> 3.3504761 | BE43: =AZ43*AD43/N43 -> 0.021579373 | BF43: =AV43*AE43/J43 -> 9.0534389 | BG43: =AW43*AF43/K43 -> 55.015991 | BH43: =AX43*AG43/L43 -> 27.011404 | BI43: =AY43*AH43/M43 -> 0.91283126 | BJ43: =AZ43*AI43/N43 -> 0.0058204691 | BK43: =AT43-2 -> 2006 | BL43: =(AE43+AF44+AG45+AH46+AI47)/(AE43+AF44+AG45+AH46+AI47+Z43+AA44+AB45+AC46+AD47) -> 0.33253728 | BM43: =AT43 -> 2008 | BN43: =BF44 -> 9.0534389 | BO43: =BG45 -> 55.015991 | BP43: =BH46 -> 27.011404 | BQ43: =BI47 -> 0.91283126 | BR43: =BJ48 -> 0.0058204691 | BS43: =BA44 -> 39.537114 | BT43: =BB45 -> 46.913476 | BU43: =BC46 -> 94.837034 | BV43: =BD47 -> 3.3504761 | BW43: =BE48 -> 0.021579373 | BX43: =BY43*EXP(J$4)+BN43+BS43/Ssum -> 608.10063 | BY43: =BZ43*EXP(K$4)+BO43+BT43/Ssum -> 394.96871 | BZ43: =CA43*EXP(L$4)+BP43+BU43/Ssum -> 193.91924 | CA43: =CB43*EXP(M$4)+BQ43+BV43/Ssum -> 6.5533635 | CB43: =BR43+BW43/Ssum -> 0.04178609 | CC43: =BX43/AU43 -> 0.060810063
G44: 2009 | H44: =SUMPRODUCT(J$7:N$7,Z44:AD44) -> 39244564 | I44: =IF(LHT=1,H43*EXP(-Q43),H42*EXP(-Q42)) -> 469872.42 | J44: =I43*EXP(-R43-I$5*$Y43)*(1-I$6) -> 61667.941 | K44: =J43*EXP(-S43-J$5*$Y43)*(1-J$6) -> 60859.32 | L44: =K43*EXP(-T43-K$5*$Y43)*(1-K$6) -> 28466.24 | M44: =L43*EXP(-U43-L$5*$Y43)*(1-L$6) -> 433.74726 | N44: =M43*EXP(-V43-M$5*$Y43)*(1-M$6) -> 2.5828673 | O44: 0.90387426 | P44: =O44-1 -> -0.096125743 | Q44: =MeMin+Mden*H44+P44 -> 3.0678343 | R44: =I$4+Mseal*AN44/40+Mhatch*AO44/30+Mtemp*(AP44-14.5) -> 2.8 | S44: =J$4 -> 0.3 | T44: =K$4+MSSLNRKWq*AQ44 -> 0.3 | U44: =L$4+MSSLNRKWq*AQ44 -> 0.3 | V44: =M$4 -> 0.3 | W44: =N$4 -> 0.3 | X44: =Q44+R45+S46+T47+U48+V49 -> 7.0678343 | Y44: =IF(UseRetro,RetroF,Ftest*ER!$D51+AS44) -> 0.15 | Z44: =Ssum*J44*EXP(-J$5*$Y44)*J$6 -> 4009.4885 | AA44: =Ssum*K44*EXP(-K$5*$Y44)*K$6 -> 7228.7302 | AB44: =Ssum*L44*EXP(-L$5*$Y44)*L$6 -> 13921.536 | AC44: =Ssum*M44*EXP(-M$5*$Y44)*M$6 -> 221.75786 | AD44: =Ssum*N44*EXP(-N$5*$Y44)*N$6 -> 1.3338567 | AE44: =(1-EXP(-J$5*$Y44))*J44 -> 918.11603 | AF44: =(1-EXP(-K$5*$Y44))*K44 -> 8477.2179 | AG44: =(1-EXP(-L$5*$Y44))*L44 -> 3965.1202 | AH44: =(1-EXP(-M$5*$Y44))*M44 -> 60.417534 | AI44: =(1-EXP(-N$5*$Y44))*N44 -> 0.35977281 | AJ44: =G44 -> 2009 | AK44: =SUM(AE44:AI44) -> 13421.231 | AL44: =SUM(Z44:AD44) -> 25382.847 | AM44: =AK44/(AK44+AL44) -> 0.34587167 | AN44: 39.730052 | AO44: 17.952368 | AP44: 16.043 | AQ44: =stressors!U39/stressors!U$49 -> 0.68691199 | AR44: =CHOOSE(stockcode,Esc!F59,Esc!G59,Esc!H59,Esc!I59,Esc!J59,Esc!K59,Esc!L59,Esc!M59,Esc!N58,Esc!O58,Esc!P58) -> 29362.512 | AS44: 0 | AT44: =AJ44 -> 2009 | AU44: 10000 | AV44: =AU43*J44/I43 -> 608.10063 | AW44: =AV43*K44/J43 -> 394.96871 | AX44: =AW43*L44/K43 -> 193.91924 | AY44: =AX43*M44/L43 -> 6.5533635 | AZ44: =AY43*N44/M43 -> 0.04178609 | BA44: =AV44*Z44/J44 -> 39.537114 | BB44: =AW44*AA44/K44 -> 46.913476 | BC44: =AX44*AB44/L44 -> 94.837034 | BD44: =AY44*AC44/M44 -> 3.3504761 | BE44: =AZ44*AD44/N44 -> 0.021579373 | BF44: =AV44*AE44/J44 -> 9.0534389 | BG44: =AW44*AF44/K44 -> 55.015991 | BH44: =AX44*AG44/L44 -> 27.011404 | BI44: =AY44*AH44/M44 -> 0.91283126 | BJ44: =AZ44*AI44/N44 -> 0.0058204691 | BK44: =AT44-2 -> 2007 | BL44: =(AE44+AF45+AG46+AH47+AI48)/(AE44+AF45+AG46+AH47+AI48+Z44+AA45+AB46+AC47+AD48) -> 0.33253728 | BM44: =AT44 -> 2009 | BN44: =BF45 -> 9.0534389 | BO44: =BG46 -> 55.015991 | BP44: =BH47 -> 27.011404 | BQ44: =BI48 -> 0.91283126 | BR44: =BJ49 -> 0.0058204691 | BS44: =BA45 -> 39.537114 | BT44: =BB46 -> 46.913476 | BU44: =BC47 -> 94.837034 | BV44: =BD48 -> 3.3504761 | BW44: =BE49 -> 0.021579373 | BX44: =BY44*EXP(J$4)+BN44+BS44/Ssum -> 608.10063 | BY44: =BZ44*EXP(K$4)+BO44+BT44/Ssum -> 394.96871 | BZ44: =CA44*EXP(L$4)+BP44+BU44/Ssum -> 193.91924 | CA44: =CB44*EXP(M$4)+BQ44+BV44/Ssum -> 6.5533635 | CB44: =BR44+BW44/Ssum -> 0.04178609 | CC44: =BX44/AU44 -> 0.060810063
A45: Ssspawn | B45: =SUMPRODUCT(LN(AL14:AL59/AR14:AR59)^2) -> 0.40975677 | G45: 2010 | H45: =SUMPRODUCT(J$7:N$7,Z45:AD45) -> 37596359 | I45: =IF(LHT=1,H44*EXP(-Q44),H43*EXP(-Q43)) -> 514627.94 | J45: =I44*EXP(-R44-I$5*$Y44)*(1-I$6) -> 28572.972 | K45: =J44*EXP(-S44-J$5*$Y44)*(1-J$6) -> 40054.074 | L45: =K44*EXP(-T44-K$5*$Y44)*(1-K$6) -> 29880.324 | M45: =L44*EXP(-U44-L$5*$Y44)*(1-L$6) -> 961.99644 | N45: =M44*EXP(-V44-M$5*$Y44)*(1-M$6) -> 2.7656947 | O45: 0.76163717 | P45: =O45-1 -> -0.23836283 | Q45: =MeMin+Mden*H45+P45 -> 2.8990013 | R45: =I$4+Mseal*AN45/40+Mhatch*AO45/30+Mtemp*(AP45-14.5) -> 2.8 | S45: =J$4 -> 0.3 | T45: =K$4+MSSLNRKWq*AQ45 -> 0.3 | U45: =L$4+MSSLNRKWq*AQ45 -> 0.3 | V45: =M$4 -> 0.3 | W45: =N$4 -> 0.3 | X45: =Q45+R46+S47+T48+U49+V50 -> 6.8990013 | Y45: =IF(UseRetro,RetroF,Ftest*ER!$D52+AS45) -> 0.15 | Z45: =Ssum*J45*EXP(-J$5*$Y45)*J$6 -> 1857.74 | AA45: =Ssum*K45*EXP(-K$5*$Y45)*K$6 -> 4757.5308 | AB45: =Ssum*L45*EXP(-L$5*$Y45)*L$6 -> 14613.1 | AC45: =Ssum*M45*EXP(-M$5*$Y45)*M$6 -> 491.83082 | AD45: =Ssum*N45*EXP(-N$5*$Y45)*N$6 -> 1.4282733 | AE45: =(1-EXP(-J$5*$Y45))*J45 -> 425.39613 | AF45: =(1-EXP(-K$5*$Y45))*K45 -> 5579.213 | AG45: =(1-EXP(-L$5*$Y45))*L45 -> 4162.0908 | AH45: =(1-EXP(-M$5*$Y45))*M45 -> 133.99843 | AI45: =(1-EXP(-N$5*$Y45))*N45 -> 0.38523921 | AJ45: =G45 -> 2010 | AK45: =SUM(AE45:AI45) -> 10301.084 | AL45: =SUM(Z45:AD45) -> 21721.63 | AM45: =AK45/(AK45+AL45) -> 0.32168053 | AN45: 39.261613 | AO45: 16.094467 | AP45: 15.809 | AQ45: =stressors!U40/stressors!U$49 -> 0.71569415 | AR45: =CHOOSE(stockcode,Esc!F60,Esc!G60,Esc!H60,Esc!I60,Esc!J60,Esc!K60,Esc!L60,Esc!M60,Esc!N59,Esc!O59,Esc!P59) -> 20592.989 | AS45: 0 | AT45: =AJ45 -> 2010 | AU45: 10000 | AV45: =AU44*J45/I44 -> 608.10063 | AW45: =AV44*K45/J44 -> 394.96871 | AX45: =AW44*L45/K44 -> 193.91924 | AY45: =AX44*M45/L44 -> 6.5533635 | AZ45: =AY44*N45/M44 -> 0.04178609 | BA45: =AV45*Z45/J45 -> 39.537114 | BB45: =AW45*AA45/K45 -> 46.913476 | BC45: =AX45*AB45/L45 -> 94.837034 | BD45: =AY45*AC45/M45 -> 3.3504761 | BE45: =AZ45*AD45/N45 -> 0.021579373 | BF45: =AV45*AE45/J45 -> 9.0534389 | BG45: =AW45*AF45/K45 -> 55.015991 | BH45: =AX45*AG45/L45 -> 27.011404 | BI45: =AY45*AH45/M45 -> 0.91283126 | BJ45: =AZ45*AI45/N45 -> 0.0058204691 | BK45: =AT45-2 -> 2008 | BL45: =(AE45+AF46+AG47+AH48+AI49)/(AE45+AF46+AG47+AH48+AI49+Z45+AA46+AB47+AC48+AD49) -> 0.33253728 | BM45: =AT45 -> 2010 | BN45: =BF46 -> 9.0534389 | BO45: =BG47 -> 55.015991 | BP45: =BH48 -> 27.011404 | BQ45: =BI49 -> 0.91283126 | BR45: =BJ50 -> 0.0051397519 | BS45: =BA46 -> 39.537114 | BT45: =BB47 -> 46.913476 | BU45: =BC48 -> 94.837034 | BV45: =BD49 -> 3.3504761 | BW45: =BE50 -> 0.021987803 | BX45: =BY45*EXP(J$4)+BN45+BS45/Ssum -> 608.10063 | BY45: =BZ45*EXP(K$4)+BO45+BT45/Ssum -> 394.96871 | BZ45: =CA45*EXP(L$4)+BP45+BU45/Ssum -> 193.91924 | CA45: =CB45*EXP(M$4)+BQ45+BV45/Ssum -> 6.5533635 | CB45: =BR45+BW45/Ssum -> 0.04178609 | CC45: =BX45/AU45 -> 0.060810063
A46: Ssrecanom | B46: =SUMPRODUCT((RelmYr-1)^2) -> 15.165341 | G46: 2011 | H46: =SUMPRODUCT(J$7:N$7,Z46:AD46) -> 23841652 | I46: =IF(LHT=1,H45*EXP(-Q45),H44*EXP(-Q44)) -> 1825727.7 | J46: =I45*EXP(-R45-I$5*$Y45)*(1-I$6) -> 31294.557 | K46: =J45*EXP(-S45-J$5*$Y45)*(1-J$6) -> 18558.491 | L46: =K45*EXP(-T45-K$5*$Y45)*(1-K$6) -> 19665.496 | M46: =L45*EXP(-U45-L$5*$Y45)*(1-L$6) -> 1009.7844 | N46: =M45*EXP(-V45-M$5*$Y45)*(1-M$6) -> 6.1339601 | O46: 1.1529667 | P46: =O46-1 -> 0.15296673 | Q46: =MeMin+Mden*H46+P46 -> 3.0683812 | R46: =I$4+Mseal*AN46/40+Mhatch*AO46/30+Mtemp*(AP46-14.5) -> 2.8 | S46: =J$4 -> 0.3 | T46: =K$4+MSSLNRKWq*AQ46 -> 0.3 | U46: =L$4+MSSLNRKWq*AQ46 -> 0.3 | V46: =M$4 -> 0.3 | W46: =N$4 -> 0.3 | X46: =Q46+R47+S48+T49+U50+V51 -> 7.0683812 | Y46: =IF(UseRetro,RetroF,Ftest*ER!$D53+AS46) -> 0.15 | Z46: =Ssum*J46*EXP(-J$5*$Y46)*J$6 -> 2034.6904 | AA46: =Ssum*K46*EXP(-K$5*$Y46)*K$6 -> 2204.3349 | AB46: =Ssum*L46*EXP(-L$5*$Y46)*L$6 -> 9617.4948 | AC46: =Ssum*M46*EXP(-M$5*$Y46)*M$6 -> 516.26292 | AD46: =Ssum*N46*EXP(-N$5*$Y46)*N$6 -> 3.167729 | AE46: =(1-EXP(-J$5*$Y46))*J46 -> 465.91526 | AF46: =(1-EXP(-K$5*$Y46))*K46 -> 2585.0497 | AG46: =(1-EXP(-L$5*$Y46))*L46 -> 2739.2467 | AH46: =(1-EXP(-M$5*$Y46))*M46 -> 140.65491 | AI46: =(1-EXP(-N$5*$Y46))*N46 -> 0.85441171 | AJ46: =G46 -> 2011 | AK46: =SUM(AE46:AI46) -> 5931.721 | AL46: =SUM(Z46:AD46) -> 14375.951 | AM46: =AK46/(AK46+AL46) -> 0.29209262 | AN46: 38.395458 | AO46: 17.743709 | AP46: 15.368 | AQ46: =stressors!U41/stressors!U$49 -> 0.74426567 | AR46: =CHOOSE(stockcode,Esc!F61,Esc!G61,Esc!H61,Esc!I61,Esc!J61,Esc!K61,Esc!L61,Esc!M61,Esc!N60,Esc!O60,Esc!P60) -> 13471.582 | AS46: 0 | AT46: =AJ46 -> 2011 | AU46: 10000 | AV46: =AU45*J46/I45 -> 608.10063 | AW46: =AV45*K46/J45 -> 394.96871 | AX46: =AW45*L46/K45 -> 193.91924 | AY46: =AX45*M46/L45 -> 6.5533635 | AZ46: =AY45*N46/M45 -> 0.04178609 | BA46: =AV46*Z46/J46 -> 39.537114 | BB46: =AW46*AA46/K46 -> 46.913476 | BC46: =AX46*AB46/L46 -> 94.837034 | BD46: =AY46*AC46/M46 -> 3.3504761 | BE46: =AZ46*AD46/N46 -> 0.021579373 | BF46: =AV46*AE46/J46 -> 9.0534389 | BG46: =AW46*AF46/K46 -> 55.015991 | BH46: =AX46*AG46/L46 -> 27.011404 | BI46: =AY46*AH46/M46 -> 0.91283126 | BJ46: =AZ46*AI46/N46 -> 0.0058204691 | BK46: =AT46-2 -> 2009 | BL46: =(AE46+AF47+AG48+AH49+AI50)/(AE46+AF47+AG48+AH49+AI50+Z46+AA47+AB48+AC49+AD50) -> 0.33253514 | BM46: =AT46 -> 2011 | BN46: =BF47 -> 9.0534389 | BO46: =BG48 -> 55.015991 | BP46: =BH49 -> 27.011404 | BQ46: =BI50 -> 0.80607356 | BR46: =BJ51 -> 0.0045303027 | BS46: =BA47 -> 39.537114 | BT46: =BB48 -> 46.913476 | BU46: =BC49 -> 94.837034 | BV46: =BD50 -> 3.4138902 | BW46: =BE51 -> 0.022828001 | BX46: =BY46*EXP(J$4)+BN46+BS46/Ssum -> 608.10063 | BY46: =BZ46*EXP(K$4)+BO46+BT46/Ssum -> 394.96871 | BZ46: =CA46*EXP(L$4)+BP46+BU46/Ssum -> 193.91924 | CA46: =CB46*EXP(M$4)+BQ46+BV46/Ssum -> 6.5533635 | CB46: =BR46+BW46/Ssum -> 0.042576971 | CC46: =BX46/AU46 -> 0.060810063
A47: Ssfanom | B47: =SUMPRODUCT(fanom^2) -> 0 | G47: 2012 | H47: =SUMPRODUCT(J$7:N$7,Z47:AD47) -> 13393120 | I47: =IF(LHT=1,H46*EXP(-Q46),H45*EXP(-Q45)) -> 2070739.7 | J47: =I46*EXP(-R46-I$5*$Y46)*(1-I$6) -> 111022.61 | K47: =J46*EXP(-S46-J$5*$Y46)*(1-J$6) -> 20326.194 | L47: =K46*EXP(-T46-K$5*$Y46)*(1-K$6) -> 9111.7304 | M47: =L46*EXP(-U46-L$5*$Y46)*(1-L$6) -> 664.58151 | N47: =M46*EXP(-V46-M$5*$Y46)*(1-M$6) -> 6.4386697 | O47: 1.3698059 | P47: =O47-1 -> 0.36980594 | Q47: =MeMin+Mden*H47+P47 -> 3.11662 | R47: =I$4+Mseal*AN47/40+Mhatch*AO47/30+Mtemp*(AP47-14.5) -> 2.8 | S47: =J$4 -> 0.3 | T47: =K$4+MSSLNRKWq*AQ47 -> 0.3 | U47: =L$4+MSSLNRKWq*AQ47 -> 0.3 | V47: =M$4 -> 0.3 | W47: =N$4 -> 0.3 | X47: =Q47+R48+S49+T50+U51+V52 -> 7.11662 | Y47: =IF(UseRetro,RetroF,Ftest*ER!$D54+AS47) -> 0.15 | Z47: =Ssum*J47*EXP(-J$5*$Y47)*J$6 -> 7218.4004 | AA47: =Ssum*K47*EXP(-K$5*$Y47)*K$6 -> 2414.2985 | AB47: =Ssum*L47*EXP(-L$5*$Y47)*L$6 -> 4456.1307 | AC47: =Ssum*M47*EXP(-M$5*$Y47)*M$6 -> 339.7743 | AD47: =Ssum*N47*EXP(-N$5*$Y47)*N$6 -> 3.3250886 | AE47: =(1-EXP(-J$5*$Y47))*J47 -> 1652.9114 | AF47: =(1-EXP(-K$5*$Y47))*K47 -> 2831.2766 | AG47: =(1-EXP(-L$5*$Y47))*L47 -> 1269.1914 | AH47: =(1-EXP(-M$5*$Y47))*M47 -> 92.570904 | AI47: =(1-EXP(-N$5*$Y47))*N47 -> 0.89685532 | AJ47: =G47 -> 2012 | AK47: =SUM(AE47:AI47) -> 5846.8471 | AL47: =SUM(Z47:AD47) -> 14431.929 | AM47: =AK47/(AK47+AL47) -> 0.28832347 | AN47: 37.701417 | AO47: 14.362679 | AP47: 16.097 | AQ47: =stressors!U42/stressors!U$49 -> 0.78542677 | AR47: =CHOOSE(stockcode,Esc!F62,Esc!G62,Esc!H62,Esc!I62,Esc!J62,Esc!K62,Esc!L62,Esc!M62,Esc!N61,Esc!O61,Esc!P61) -> 12879.133 | AS47: 0 | AT47: =AJ47 -> 2012 | AU47: 10000 | AV47: =AU46*J47/I46 -> 608.10063 | AW47: =AV46*K47/J46 -> 394.96871 | AX47: =AW46*L47/K46 -> 193.91924 | AY47: =AX46*M47/L46 -> 6.5533635 | AZ47: =AY46*N47/M46 -> 0.04178609 | BA47: =AV47*Z47/J47 -> 39.537114 | BB47: =AW47*AA47/K47 -> 46.913476 | BC47: =AX47*AB47/L47 -> 94.837034 | BD47: =AY47*AC47/M47 -> 3.3504761 | BE47: =AZ47*AD47/N47 -> 0.021579373 | BF47: =AV47*AE47/J47 -> 9.0534389 | BG47: =AW47*AF47/K47 -> 55.015991 | BH47: =AX47*AG47/L47 -> 27.011404 | BI47: =AY47*AH47/M47 -> 0.91283126 | BJ47: =AZ47*AI47/N47 -> 0.0058204691 | BK47: =AT47-2 -> 2010 | BL47: =(AE47+AF48+AG49+AH50+AI51)/(AE47+AF48+AG49+AH50+AI51+Z47+AA48+AB49+AC50+AD51) -> 0.33219883 | BM47: =AT47 -> 2012 | BN47: =BF48 -> 9.0534389 | BO47: =BG49 -> 55.015991 | BP47: =BH50 -> 23.852358 | BQ47: =BI51 -> 0.71049289 | BR47: =BJ52 -> 0.0047034146 | BS47: =BA48 -> 39.537114 | BT47: =BB49 -> 46.913476 | BU47: =BC50 -> 96.632003 | BV47: =BD51 -> 3.5443418 | BW47: =BE52 -> 0.023700304 | BX47: =BY47*EXP(J$4)+BN47+BS47/Ssum -> 608.10063 | BY47: =BZ47*EXP(K$4)+BO47+BT47/Ssum -> 394.96871 | BZ47: =CA47*EXP(L$4)+BP47+BU47/Ssum -> 193.91924 | CA47: =CB47*EXP(M$4)+BQ47+BV47/Ssum -> 6.6773982 | CB47: =BR47+BW47/Ssum -> 0.044203922 | CC47: =BX47/AU47 -> 0.060810063
A48: varlnS | B48: 0.05 | G48: 2013 | H48: =SUMPRODUCT(J$7:N$7,Z48:AD48) -> 23008981 | I48: =IF(LHT=1,H47*EXP(-Q47),H46*EXP(-Q46)) -> 1108550.1 | J48: =I47*EXP(-R47-I$5*$Y47)*(1-I$6) -> 125921.81 | K48: =J47*EXP(-S47-J$5*$Y47)*(1-J$6) -> 72110.531 | L48: =K47*EXP(-T47-K$5*$Y47)*(1-K$6) -> 9979.626 | M48: =L47*EXP(-U47-L$5*$Y47)*(1-L$6) -> 307.92448 | N48: =M47*EXP(-V47-M$5*$Y47)*(1-M$6) -> 4.2375588 | O48: 1.9008164 | P48: =O48-1 -> 0.90081637 | Q48: =MeMin+Mden*H48+P48 -> 3.8027946 | R48: =I$4+Mseal*AN48/40+Mhatch*AO48/30+Mtemp*(AP48-14.5) -> 2.8 | S48: =J$4 -> 0.3 | T48: =K$4+MSSLNRKWq*AQ48 -> 0.3 | U48: =L$4+MSSLNRKWq*AQ48 -> 0.3 | V48: =M$4 -> 0.3 | W48: =N$4 -> 0.3 | X48: =Q48+R49+S50+T51+U52+V53 -> 7.8027946 | Y48: =IF(UseRetro,RetroF,Ftest*ER!$D55+AS48) -> 0.15 | Z48: =Ssum*J48*EXP(-J$5*$Y48)*J$6 -> 8187.1071 | AA48: =Ssum*K48*EXP(-K$5*$Y48)*K$6 -> 8565.1231 | AB48: =Ssum*L48*EXP(-L$5*$Y48)*L$6 -> 4880.5787 | AC48: =Ssum*M48*EXP(-M$5*$Y48)*M$6 -> 157.42963 | AD48: =Ssum*N48*EXP(-N$5*$Y48)*N$6 -> 2.1883804 | AE48: =(1-EXP(-J$5*$Y48))*J48 -> 1874.7315 | AF48: =(1-EXP(-K$5*$Y48))*K48 -> 10044.422 | AG48: =(1-EXP(-L$5*$Y48))*L48 -> 1390.0823 | AH48: =(1-EXP(-M$5*$Y48))*M48 -> 42.891424 | AI48: =(1-EXP(-N$5*$Y48))*N48 -> 0.59025814 | AJ48: =G48 -> 2013 | AK48: =SUM(AE48:AI48) -> 13352.717 | AL48: =SUM(Z48:AD48) -> 21792.427 | AM48: =AK48/(AK48+AL48) -> 0.37993064 | AN48: 37.194959 | AO48: 11.426698 | AP48: 16.385 | AQ48: =stressors!U43/stressors!U$49 -> 0.83324375 | AR48: =CHOOSE(stockcode,Esc!F63,Esc!G63,Esc!H63,Esc!I63,Esc!J63,Esc!K63,Esc!L63,Esc!M63,Esc!N62,Esc!O62,Esc!P62) -> 19732.35 | AS48: 0 | AT48: =AJ48 -> 2013 | AU48: 10000 | AV48: =AU47*J48/I47 -> 608.10063 | AW48: =AV47*K48/J47 -> 394.96871 | AX48: =AW47*L48/K47 -> 193.91924 | AY48: =AX47*M48/L47 -> 6.5533635 | AZ48: =AY47*N48/M47 -> 0.04178609 | BA48: =AV48*Z48/J48 -> 39.537114 | BB48: =AW48*AA48/K48 -> 46.913476 | BC48: =AX48*AB48/L48 -> 94.837034 | BD48: =AY48*AC48/M48 -> 3.3504761 | BE48: =AZ48*AD48/N48 -> 0.021579373 | BF48: =AV48*AE48/J48 -> 9.0534389 | BG48: =AW48*AF48/K48 -> 55.015991 | BH48: =AX48*AG48/L48 -> 27.011404 | BI48: =AY48*AH48/M48 -> 0.91283126 | BJ48: =AZ48*AI48/N48 -> 0.0058204691 | BK48: =AT48-2 -> 2011 | BL48: =(AE48+AF49+AG50+AH51+AI52)/(AE48+AF49+AG50+AH51+AI52+Z48+AA49+AB50+AC51+AD52) -> 0.32197955 | BM48: =AT48 -> 2013 | BN48: =BF49 -> 9.0534389 | BO48: =BG50 -> 48.581745 | BP48: =BH51 -> 21.02405 | BQ48: =BI52 -> 0.73764224 | BR48: =BJ53 -> 0.0048831414 | BS48: =BA49 -> 39.537114 | BT48: =BB50 -> 47.801402 | BU48: =BC51 -> 100.3245 | BV48: =BD52 -> 3.6797782 | BW48: =BE53 -> 0.02460594 | BX48: =BY48*EXP(J$4)+BN48+BS48/Ssum -> 608.10063 | BY48: =BZ48*EXP(K$4)+BO48+BT48/Ssum -> 394.96871 | BZ48: =CA48*EXP(L$4)+BP48+BU48/Ssum -> 197.58953 | CA48: =CB48*EXP(M$4)+BQ48+BV48/Ssum -> 6.932555 | CB48: =BR48+BW48/Ssum -> 0.045893042 | CC48: =BX48/AU48 -> 0.060810063
A49: varanom | B49: 0.6 | G49: 2014 | H49: =SUMPRODUCT(J$7:N$7,Z49:AD49) -> 49635263 | I49: =IF(LHT=1,H48*EXP(-Q48),H47*EXP(-Q47)) -> 593404.57 | J49: =I48*EXP(-R48-I$5*$Y48)*(1-I$6) -> 67411.002 | K49: =J48*EXP(-S48-J$5*$Y48)*(1-J$6) -> 81787.738 | L49: =K48*EXP(-T48-K$5*$Y48)*(1-K$6) -> 35404.373 | M49: =L48*EXP(-U48-L$5*$Y48)*(1-L$6) -> 337.2544 | N49: =M48*EXP(-V48-M$5*$Y48)*(1-M$6) -> 1.9634132 | O49: 1.9754293 | P49: =O49-1 -> 0.97542927 | Q49: =MeMin+Mden*H49+P49 -> 4.3070565 | R49: =I$4+Mseal*AN49/40+Mhatch*AO49/30+Mtemp*(AP49-14.5) -> 2.8 | S49: =J$4 -> 0.3 | T49: =K$4+MSSLNRKWq*AQ49 -> 0.3 | U49: =L$4+MSSLNRKWq*AQ49 -> 0.3 | V49: =M$4 -> 0.3 | W49: =N$4 -> 0.3 | X49: =Q49+R50+S51+T52+U53+V54 -> 8.3070565 | Y49: =IF(UseRetro,RetroF,Ftest*ER!$D56+AS49) -> 0.15 | Z49: =Ssum*J49*EXP(-J$5*$Y49)*J$6 -> 4382.8873 | AA49: =Ssum*K49*EXP(-K$5*$Y49)*K$6 -> 9714.5595 | AB49: =Ssum*L49*EXP(-L$5*$Y49)*L$6 -> 17314.66 | AC49: =Ssum*M49*EXP(-M$5*$Y49)*M$6 -> 172.42486 | AD49: =Ssum*N49*EXP(-N$5*$Y49)*N$6 -> 1.0139552 | AE49: =(1-EXP(-J$5*$Y49))*J49 -> 1003.6191 | AF49: =(1-EXP(-K$5*$Y49))*K49 -> 11392.38 | AG49: =(1-EXP(-L$5*$Y49))*L49 -> 4931.5467 | AH49: =(1-EXP(-M$5*$Y49))*M49 -> 46.976847 | AI49: =(1-EXP(-N$5*$Y49))*N49 -> 0.27348779 | AJ49: =G49 -> 2014 | AK49: =SUM(AE49:AI49) -> 17374.796 | AL49: =SUM(Z49:AD49) -> 31585.545 | AM49: =AK49/(AK49+AL49) -> 0.35487489 | AN49: 36.834119 | AO49: 13.835594 | AP49: 16.364 | AQ49: =stressors!U44/stressors!U$49 -> 0.87010992 | AR49: =CHOOSE(stockcode,Esc!F64,Esc!G64,Esc!H64,Esc!I64,Esc!J64,Esc!K64,Esc!L64,Esc!M64,Esc!N63,Esc!O63,Esc!P63) -> 40935.953 | AS49: 0 | AT49: =AJ49 -> 2014 | AU49: 10000 | AV49: =AU48*J49/I48 -> 608.10063 | AW49: =AV48*K49/J48 -> 394.96871 | AX49: =AW48*L49/K48 -> 193.91924 | AY49: =AX48*M49/L48 -> 6.5533635 | AZ49: =AY48*N49/M48 -> 0.04178609 | BA49: =AV49*Z49/J49 -> 39.537114 | BB49: =AW49*AA49/K49 -> 46.913476 | BC49: =AX49*AB49/L49 -> 94.837034 | BD49: =AY49*AC49/M49 -> 3.3504761 | BE49: =AZ49*AD49/N49 -> 0.021579373 | BF49: =AV49*AE49/J49 -> 9.0534389 | BG49: =AW49*AF49/K49 -> 55.015991 | BH49: =AX49*AG49/L49 -> 27.011404 | BI49: =AY49*AH49/M49 -> 0.91283126 | BJ49: =AZ49*AI49/N49 -> 0.0058204691 | BK49: =AT49-2 -> 2012 | BL49: =(AE49+AF50+AG51+AH52+AI53)/(AE49+AF50+AG51+AH52+AI53+Z49+AA50+AB51+AC52+AD53) -> 0.29324521 | BM49: =AT49 -> 2014 | BN49: =BF50 -> 7.9291717 | BO49: =BG51 -> 42.104591 | BP49: =BH52 -> 21.462174 | BQ49: =BI53 -> 0.75301409 | BR49: =BJ54 -> 0.0033851754 | BS49: =BA50 -> 39.611316 | BT49: =BB51 -> 48.797543 | BU49: =BC52 -> 102.41518 | BV49: =BD53 -> 3.7564617 | BW49: =BE54 -> 0.026078544 | BX49: =BY49*EXP(J$4)+BN49+BS49/Ssum -> 608.10063 | BY49: =BZ49*EXP(K$4)+BO49+BT49/Ssum -> 395.70997 | BZ49: =CA49*EXP(L$4)+BP49+BU49/Ssum -> 201.70713 | CA49: =CB49*EXP(M$4)+BQ49+BV49/Ssum -> 7.0770236 | CB49: =BR49+BW49/Ssum -> 0.046849415 | CC49: =BX49/AU49 -> 0.060810063
A50: varfanom | B50: 0.01 | G50: 2015 | H50: =SUMPRODUCT(J$7:N$7,Z50:AD50) -> 49530085 | I50: =IF(LHT=1,H49*EXP(-Q49),H48*EXP(-Q48)) -> 513292.21 | J50: =I49*EXP(-R49-I$5*$Y49)*(1-I$6) -> 36084.969 | K50: =J49*EXP(-S49-J$5*$Y49)*(1-J$6) -> 43784.261 | L50: =K49*EXP(-T49-K$5*$Y49)*(1-K$6) -> 40155.627 | M50: =L49*EXP(-U49-L$5*$Y49)*(1-L$6) -> 1196.4657 | N50: =M49*EXP(-V49-M$5*$Y49)*(1-M$6) -> 2.150429 | O50: 1.4994356 | P50: =O50-1 -> 0.49943558 | Q50: =MeMin+Mden*H50+P50 -> 3.8293656 | R50: =I$4+Mseal*AN50/40+Mhatch*AO50/30+Mtemp*(AP50-14.5) -> 2.8 | S50: =J$4 -> 0.3 | T50: =K$4+MSSLNRKWq*AQ50 -> 0.3 | U50: =L$4+MSSLNRKWq*AQ50 -> 0.3 | V50: =M$4 -> 0.3 | W50: =N$4 -> 0.3 | X50: =Q50+R51+S52+T53+U54+V55 -> 7.8293656 | Y50: =IF(UseRetro,RetroF,Ftest*ER!$D57+AS50) -> 0.13125 | Z50: =Ssum*J50*EXP(-J$5*$Y50)*J$6 -> 2350.5536 | AA50: =Ssum*K50*EXP(-K$5*$Y50)*K$6 -> 5299.0249 | AB50: =Ssum*L50*EXP(-L$5*$Y50)*L$6 -> 20009.972 | AC50: =Ssum*M50*EXP(-M$5*$Y50)*M$6 -> 623.28338 | AD50: =Ssum*N50*EXP(-N$5*$Y50)*N$6 -> 1.1315538 | AE50: =(1-EXP(-J$5*$Y50))*J50 -> 470.52067 | AF50: =(1-EXP(-K$5*$Y50))*K50 -> 5385.53 | AG50: =(1-EXP(-L$5*$Y50))*L50 -> 4939.2024 | AH50: =(1-EXP(-M$5*$Y50))*M50 -> 147.16708 | AI50: =(1-EXP(-N$5*$Y50))*N50 -> 0.26450599 | AJ50: =G50 -> 2015 | AK50: =SUM(AE50:AI50) -> 10942.685 | AL50: =SUM(Z50:AD50) -> 28283.966 | AM50: =AK50/(AK50+AL50) -> 0.27896047 | AN50: =AN49 -> 36.834119 | AO50: 12 | AP50: 16.014 | AQ50: =stressors!U45/stressors!U$49 -> 0.90169553 | AR50: =CHOOSE(stockcode,Esc!F65,Esc!G65,Esc!H65,Esc!I65,Esc!J65,Esc!K65,Esc!L65,Esc!M65,Esc!N64,Esc!O64,Esc!P64) -> 27967.584 | AS50: 0 | AT50: =AJ50 -> 2015 | AU50: 10000 | AV50: =AU49*J50/I49 -> 608.10063 | AW50: =AV49*K50/J49 -> 394.96871 | AX50: =AW49*L50/K49 -> 193.91924 | AY50: =AX49*M50/L49 -> 6.5533635 | AZ50: =AY49*N50/M49 -> 0.04178609 | BA50: =AV50*Z50/J50 -> 39.611316 | BB50: =AW50*AA50/K50 -> 47.801402 | BC50: =AX50*AB50/L50 -> 96.632003 | BD50: =AY50*AC50/M50 -> 3.4138902 | BE50: =AZ50*AD50/N50 -> 0.021987803 | BF50: =AV50*AE50/J50 -> 7.9291717 | BG50: =AW50*AF50/K50 -> 48.581745 | BH50: =AX50*AG50/L50 -> 23.852358 | BI50: =AY50*AH50/M50 -> 0.80607356 | BJ50: =AZ50*AI50/N50 -> 0.0051397519 | BK50: =AT50-2 -> 2013 | BL50: =(AE50+AF51+AG52+AH53+AI54)/(AE50+AF51+AG52+AH53+AI54+Z50+AA51+AB52+AC53+AD54) -> 0.27075106 | BM50: =AT50 -> 2015 | BN50: =BF51 -> 6.8027946 | BO50: =BG52 -> 42.183611 | BP50: =BH53 -> 21.502453 | BQ50: =BI54 -> 0.51232076 | BR50: =BJ55 -> 0.0035211256 | BS50: =BA51 -> 39.685657 | BT50: =BB52 -> 48.889124 | BU50: =BC53 -> 102.60739 | BV50: =BD54 -> 3.9073229 | BW50: =BE55 -> 0.02712587 | BX50: =BY50*EXP(J$4)+BN50+BS50/Ssum -> 608.10063 | BY50: =BZ50*EXP(K$4)+BO50+BT50/Ssum -> 396.45263 | BZ50: =CA50*EXP(L$4)+BP50+BU50/Ssum -> 202.08569 | CA50: =CB50*EXP(M$4)+BQ50+BV50/Ssum -> 7.0903055 | CB50: =BR50+BW50/Ssum -> 0.048730909 | CC50: =BX50/AU50 -> 0.060810063
A51: Sstotal | B51: =Ssspawn/varlnS+Ssrecanom/varanom+Ssfanom/varfanom -> 33.470704 | G51: 2016 | H51: =SUMPRODUCT(J$7:N$7,Z51:AD51) -> 28433807 | I51: =IF(LHT=1,H50*EXP(-Q50),H49*EXP(-Q49)) -> 668743.33 | J51: =I50*EXP(-R50-I$5*$Y50)*(1-I$6) -> 31213.331 | K51: =J50*EXP(-S50-J$5*$Y50)*(1-J$6) -> 23481.611 | L51: =K50*EXP(-T50-K$5*$Y50)*(1-K$6) -> 21903.79 | M51: =L50*EXP(-U50-L$5*$Y50)*(1-L$6) -> 1382.7153 | N51: =M50*EXP(-V50-M$5*$Y50)*(1-M$6) -> 7.7733954 | O51: 1.3182386 | P51: =O51-1 -> 0.31823865 | Q51: =MeMin+Mden*H51+P51 -> 3.3077534 | R51: =I$4+Mseal*AN51/40+Mhatch*AO51/30+Mtemp*(AP51-14.5) -> 2.8 | S51: =J$4 -> 0.3 | T51: =K$4+MSSLNRKWq*AQ51 -> 0.3 | U51: =L$4+MSSLNRKWq*AQ51 -> 0.3 | V51: =M$4 -> 0.3 | W51: =N$4 -> 0.3 | X51: =Q51+R52+S53+T54+U55+V56 -> 7.3077534 | Y51: =IF(UseRetro,RetroF,Ftest*ER!$D58+AS51) -> 0.1125 | Z51: =Ssum*J51*EXP(-J$5*$Y51)*J$6 -> 2037.0338 | AA51: =Ssum*K51*EXP(-K$5*$Y51)*K$6 -> 2895.6685 | AB51: =Ssum*L51*EXP(-L$5*$Y51)*L$6 -> 11121.474 | AC51: =Ssum*M51*EXP(-M$5*$Y51)*M$6 -> 733.94091 | AD51: =Ssum*N51*EXP(-N$5*$Y51)*N$6 -> 4.1677713 | AE51: =(1-EXP(-J$5*$Y51))*J51 -> 349.18214 | AF51: =(1-EXP(-K$5*$Y51))*K51 -> 2498.5057 | AG51: =(1-EXP(-L$5*$Y51))*L51 -> 2330.6213 | AH51: =(1-EXP(-M$5*$Y51))*M51 -> 147.12458 | AI51: =(1-EXP(-N$5*$Y51))*N51 -> 0.82710989 | AJ51: =G51 -> 2016 | AK51: =SUM(AE51:AI51) -> 5326.2608 | AL51: =SUM(Z51:AD51) -> 16792.285 | AM51: =AK51/(AK51+AL51) -> 0.2408052 | AN51: =AN50 -> 36.834119 | AO51: 12 | AP51: 15.415 | AQ51: =stressors!U46/stressors!U$49 -> 0.93503753 | AR51: =CHOOSE(stockcode,Esc!F66,Esc!G66,Esc!H66,Esc!I66,Esc!J66,Esc!K66,Esc!L66,Esc!M66,Esc!N65,Esc!O65,Esc!P65) -> 15971.25 | AS51: 0 | AT51: =AJ51 -> 2016 | AU51: 10000 | AV51: =AU50*J51/I50 -> 608.10063 | AW51: =AV50*K51/J50 -> 395.70997 | AX51: =AW50*L51/K50 -> 197.58953 | AY51: =AX50*M51/L50 -> 6.6773982 | AZ51: =AY50*N51/M50 -> 0.042576971 | BA51: =AV51*Z51/J51 -> 39.685657 | BB51: =AW51*AA51/K51 -> 48.797543 | BC51: =AX51*AB51/L51 -> 100.3245 | BD51: =AY51*AC51/M51 -> 3.5443418 | BE51: =AZ51*AD51/N51 -> 0.022828001 | BF51: =AV51*AE51/J51 -> 6.8027946 | BG51: =AW51*AF51/K51 -> 42.104591 | BH51: =AX51*AG51/L51 -> 21.02405 | BI51: =AY51*AH51/M51 -> 0.71049289 | BJ51: =AZ51*AI51/N51 -> 0.0045303027 | BK51: =AT51-2 -> 2014 | BL51: =(AE51+AF52+AG53+AH54+AI55)/(AE51+AF52+AG53+AH54+AI55+Z51+AA52+AB53+AC54+AD55) -> 0.26681327 | BM51: =AT51 -> 2016 | BN51: =BF52 -> 6.8027946 | BO51: =BG53 -> 42.183611 | BP51: =BH54 -> 14.602007 | BQ51: =BI55 -> 0.53189755 | BR51: =BJ56 -> 0.0036556749 | BS51: =BA52 -> 39.685657 | BT51: =BB53 -> 48.889124 | BU51: =BC54 -> 106.52823 | BV51: =BD55 -> 4.0566295 | BW51: =BE56 -> 0.028162404 | BX51: =BY51*EXP(J$4)+BN51+BS51/Ssum -> 608.10063 | BY51: =BZ51*EXP(K$4)+BO51+BT51/Ssum -> 396.45263 | BZ51: =CA51*EXP(L$4)+BP51+BU51/Ssum -> 202.08569 | CA51: =CB51*EXP(M$4)+BQ51+BV51/Ssum -> 7.3612402 | CB51: =BR51+BW51/Ssum -> 0.050593015 | CC51: =BX51/AU51 -> 0.060810063
G52: 2017 | H52: =SUMPRODUCT(J$7:N$7,Z52:AD52) -> 16953416 | I52: =IF(LHT=1,H51*EXP(-Q51),H50*EXP(-Q50)) -> 1075961.5 | J52: =I51*EXP(-R51-I$5*$Y51)*(1-I$6) -> 40666.324 | K52: =J51*EXP(-S51-J$5*$Y51)*(1-J$6) -> 20349.604 | L52: =K51*EXP(-T51-K$5*$Y51)*(1-K$6) -> 11969.393 | M52: =L51*EXP(-U51-L$5*$Y51)*(1-L$6) -> 768.50846 | N52: =M51*EXP(-V51-M$5*$Y51)*(1-M$6) -> 9.1534815 | O52: 0.60309681 | P52: =O52-1 -> -0.39690319 | Q52: =MeMin+Mden*H52+P52 -> 2.4073608 | R52: =I$4+Mseal*AN52/40+Mhatch*AO52/30+Mtemp*(AP52-14.5) -> 2.8 | S52: =J$4 -> 0.3 | T52: =K$4+MSSLNRKWq*AQ52 -> 0.3 | U52: =L$4+MSSLNRKWq*AQ52 -> 0.3 | V52: =M$4 -> 0.3 | W52: =N$4 -> 0.3 | X52: =Q52+R53+S54+T55+U56+V57 -> 6.4073608 | Y52: =IF(UseRetro,RetroF,Ftest*ER!$D59+AS52) -> 0.1125 | Z52: =Ssum*J52*EXP(-J$5*$Y52)*J$6 -> 2653.9518 | AA52: =Ssum*K52*EXP(-K$5*$Y52)*K$6 -> 2509.4406 | AB52: =Ssum*L52*EXP(-L$5*$Y52)*L$6 -> 6077.3638 | AC52: =Ssum*M52*EXP(-M$5*$Y52)*M$6 -> 407.92185 | AD52: =Ssum*N52*EXP(-N$5*$Y52)*N$6 -> 4.9077161 | AE52: =(1-EXP(-J$5*$Y52))*J52 -> 454.93235 | AF52: =(1-EXP(-K$5*$Y52))*K52 -> 2165.2519 | AG52: =(1-EXP(-L$5*$Y52))*L52 -> 1273.5752 | AH52: =(1-EXP(-M$5*$Y52))*M52 -> 81.771339 | AI52: =(1-EXP(-N$5*$Y52))*N52 -> 0.97395471 | AJ52: =G52 -> 2017 | AK52: =SUM(AE52:AI52) -> 3976.5047 | AL52: =SUM(Z52:AD52) -> 11653.586 | AM52: =AK52/(AK52+AL52) -> 0.25441342 | AN52: =AN51 -> 36.834119 | AO52: 12 | AP52: =AP51 -> 15.415 | AQ52: =stressors!U47/stressors!U$49 -> 0.97949134 | AR52: =CHOOSE(stockcode,Esc!F67,Esc!G67,Esc!H67,Esc!I67,Esc!J67,Esc!K67,Esc!L67,Esc!M67,Esc!N66,Esc!O66,Esc!P66) -> 10921.815 | AS52: 0 | AT52: =AJ52 -> 2017 | AU52: 10000 | AV52: =AU51*J52/I51 -> 608.10063 | AW52: =AV51*K52/J51 -> 396.45263 | AX52: =AW51*L52/K51 -> 201.70713 | AY52: =AX51*M52/L51 -> 6.932555 | AZ52: =AY51*N52/M51 -> 0.044203922 | BA52: =AV52*Z52/J52 -> 39.685657 | BB52: =AW52*AA52/K52 -> 48.889124 | BC52: =AX52*AB52/L52 -> 102.41518 | BD52: =AY52*AC52/M52 -> 3.6797782 | BE52: =AZ52*AD52/N52 -> 0.023700304 | BF52: =AV52*AE52/J52 -> 6.8027946 | BG52: =AW52*AF52/K52 -> 42.183611 | BH52: =AX52*AG52/L52 -> 21.462174 | BI52: =AY52*AH52/M52 -> 0.73764224 | BJ52: =AZ52*AI52/N52 -> 0.0047034146 | BK52: =AT52-2 -> 2015 | BL52: =(AE52+AF53+AG54+AH55+AI56)/(AE52+AF53+AG54+AH55+AI56+Z52+AA53+AB54+AC55+AD56) -> 0.24352868 | BM52: =AT52 -> 2017 | BN52: =BF53 -> 6.8027946 | BO52: =BG54 -> 28.646285 | BP52: =BH55 -> 15.159979 | BQ52: =BI56 -> 0.55222242 | BR52: =BJ57 -> 0.0037953655 | BS52: =BA53 -> 39.685657 | BT52: =BB54 -> 50.757275 | BU52: =BC55 -> 110.59888 | BV52: =BD56 -> 4.2116415 | BW52: =BE57 -> 0.029238546 | BX52: =BY52*EXP(J$4)+BN52+BS52/Ssum -> 608.10063 | BY52: =BZ52*EXP(K$4)+BO52+BT52/Ssum -> 396.45263 | BZ52: =CA52*EXP(L$4)+BP52+BU52/Ssum -> 209.80778 | CA52: =CB52*EXP(M$4)+BQ52+BV52/Ssum -> 7.6425279 | CB52: =BR52+BW52/Ssum -> 0.052526275 | CC52: =BX52/AU52 -> 0.060810063
A53: Rhist/Ro vs Fhist | G53: 2018 | H53: =SUMPRODUCT(J$7:N$7,Z53:AD53) -> 16003115 | I53: =IF(LHT=1,H52*EXP(-Q52),H51*EXP(-Q51)) -> 1040629.1 | J53: =I52*EXP(-R52-I$5*$Y52)*(1-I$6) -> 65429.284 | K53: =J52*EXP(-S52-J$5*$Y52)*(1-J$6) -> 26512.505 | L53: =K52*EXP(-T52-K$5*$Y52)*(1-K$6) -> 10372.901 | M53: =L52*EXP(-U52-L$5*$Y52)*(1-L$6) -> 419.95382 | N53: =M52*EXP(-V52-M$5*$Y52)*(1-M$6) -> 5.0874737 | O53: 0.83940212 | P53: =O53-1 -> -0.16059788 | Q53: =MeMin+Mden*H53+P53 -> 2.6283318 | R53: =I$4+Mseal*AN53/40+Mhatch*AO53/30+Mtemp*(AP53-14.5) -> 2.8 | S53: =J$4 -> 0.3 | T53: =K$4+MSSLNRKWq*AQ53 -> 0.3 | U53: =L$4+MSSLNRKWq*AQ53 -> 0.3 | V53: =M$4 -> 0.3 | W53: =N$4 -> 0.3 | X53: =Q53+R54+S55+T56+U57+V58 -> 6.6283318 | Y53: =IF(UseRetro,RetroF,Ftest*ER!$D60+AS53) -> 0.1125 | Z53: =Ssum*J53*EXP(-J$5*$Y53)*J$6 -> 4270.0238 | AA53: =Ssum*K53*EXP(-K$5*$Y53)*K$6 -> 3269.4276 | AB53: =Ssum*L53*EXP(-L$5*$Y53)*L$6 -> 5266.7575 | AC53: =Ssum*M53*EXP(-M$5*$Y53)*M$6 -> 222.91015 | AD53: =Ssum*N53*EXP(-N$5*$Y53)*N$6 -> 2.7276918 | AE53: =(1-EXP(-J$5*$Y53))*J53 -> 731.95448 | AF53: =(1-EXP(-K$5*$Y53))*K53 -> 2821.0009 | AG53: =(1-EXP(-L$5*$Y53))*L53 -> 1103.7042 | AH53: =(1-EXP(-M$5*$Y53))*M53 -> 44.6842 | AI53: =(1-EXP(-N$5*$Y53))*N53 -> 0.5413207 | AJ53: =G53 -> 2018 | AK53: =SUM(AE53:AI53) -> 4701.885 | AL53: =SUM(Z53:AD53) -> 13031.847 | AM53: =AK53/(AK53+AL53) -> 0.26513794 | AN53: =AN52 -> 36.834119 | AO53: 12 | AP53: =AP52 -> 15.415 | AQ53: =stressors!U48/stressors!U$49 -> 0.98974567 | AR53: =CHOOSE(stockcode,Esc!F68,Esc!G68,Esc!H68,Esc!I68,Esc!J68,Esc!K68,Esc!L68,Esc!M68,Esc!N67,Esc!O67,Esc!P67) -> 11071.535 | AS53: 0 | AT53: =AJ53 -> 2018 | AU53: 10000 | AV53: =AU52*J53/I52 -> 608.10063 | AW53: =AV52*K53/J52 -> 396.45263 | AX53: =AW52*L53/K52 -> 202.08569 | AY53: =AX52*M53/L52 -> 7.0770236 | AZ53: =AY52*N53/M52 -> 0.045893042 | BA53: =AV53*Z53/J53 -> 39.685657 | BB53: =AW53*AA53/K53 -> 48.889124 | BC53: =AX53*AB53/L53 -> 102.60739 | BD53: =AY53*AC53/M53 -> 3.7564617 | BE53: =AZ53*AD53/N53 -> 0.02460594 | BF53: =AV53*AE53/J53 -> 6.8027946 | BG53: =AW53*AF53/K53 -> 42.183611 | BH53: =AX53*AG53/L53 -> 21.502453 | BI53: =AY53*AH53/M53 -> 0.75301409 | BJ53: =AZ53*AI53/N53 -> 0.0048831414 | BK53: =AT53-2 -> 2016 | BL53: =(AE53+AF54+AG55+AH56+AI57)/(AE53+AF54+AG55+AH56+AI57+Z53+AA54+AB55+AC56+AD57) -> 0.19951461 | BM53: =AT53 -> 2018 | BN53: =BF54 -> 4.5436945 | BO53: =BG55 -> 28.75391 | BP53: =BH56 -> 15.216936 | BQ53: =BI57 -> 0.55429714 | BR53: =BJ58 -> 0.0038096248 | BS53: =BA54 -> 39.834757 | BT53: =BB55 -> 50.947972 | BU53: =BC56 -> 111.01441 | BV53: =BD57 -> 4.2274648 | BW53: =BE58 -> 0.029348396 | BX53: =BY53*EXP(J$4)+BN53+BS53/Ssum -> 608.10063 | BY53: =BZ53*EXP(K$4)+BO53+BT53/Ssum -> 397.94212 | BZ53: =CA53*EXP(L$4)+BP53+BU53/Ssum -> 210.59604 | CA53: =CB53*EXP(M$4)+BQ53+BV53/Ssum -> 7.6712412 | CB53: =BR53+BW53/Ssum -> 0.052723618 | CC53: =BX53/AU53 -> 0.060810063
B54: =F14 -> 0.80967264 | C54: =MAX(0,Rhist*YPR) -> 23883.03 | G54: 2019 | H54: =SUMPRODUCT(J$7:N$7,Z54:AD54) -> 22945981 | I54: =IF(LHT=1,H53*EXP(-Q53),H52*EXP(-Q52)) -> 1526700 | J54: =I53*EXP(-R53-I$5*$Y53)*(1-I$6) -> 63280.722 | K54: =J53*EXP(-S53-J$5*$Y53)*(1-J$6) -> 42656.775 | L54: =K53*EXP(-T53-K$5*$Y53)*(1-K$6) -> 13514.345 | M54: =L53*EXP(-U53-L$5*$Y53)*(1-L$6) -> 363.93986 | N54: =M53*EXP(-V53-M$5*$Y53)*(1-M$6) -> 2.7800657 | O54: 1.8149527 | P54: =O54-1 -> 0.81495266 | Q54: =MeMin+Mden*H54+P54 -> 3.7159143 | R54: =I$4+Mseal*AN54/40+Mhatch*AO54/30+Mtemp*(AP54-14.5) -> 2.8 | S54: =J$4 -> 0.3 | T54: =K$4+MSSLNRKWq*AQ54 -> 0.3 | U54: =L$4+MSSLNRKWq*AQ54 -> 0.3 | V54: =M$4 -> 0.3 | W54: =N$4 -> 0.3 | X54: =Q54+R55+S56+T57+U58+V59 -> 7.7159143 | Y54: =IF(UseRetro,RetroF,Ftest*ER!$D61+AS54) -> 0.075 | Z54: =Ssum*J54*EXP(-J$5*$Y54)*J$6 -> 4145.3209 | AA54: =Ssum*K54*EXP(-K$5*$Y54)*K$6 -> 5461.2872 | AB54: =Ssum*L54*EXP(-L$5*$Y54)*L$6 -> 7124.004 | AC54: =Ssum*M54*EXP(-M$5*$Y54)*M$6 -> 200.55984 | AD54: =Ssum*N54*EXP(-N$5*$Y54)*N$6 -> 1.5475127 | AE54: =(1-EXP(-J$5*$Y54))*J54 -> 472.83009 | AF54: =(1-EXP(-K$5*$Y54))*K54 -> 3082.2298 | AG54: =(1-EXP(-L$5*$Y54))*L54 -> 976.49948 | AH54: =(1-EXP(-M$5*$Y54))*M54 -> 26.297025 | AI54: =(1-EXP(-N$5*$Y54))*N54 -> 0.20087786 | AJ54: =G54 -> 2019 | AK54: =SUM(AE54:AI54) -> 4558.0573 | AL54: =SUM(Z54:AD54) -> 16932.719 | AM54: =AK54/(AK54+AL54) -> 0.21209365 | AN54: =AN53 -> 36.834119 | AO54: 12 | AP54: =AP53 -> 15.415 | AQ54: =stressors!U49/stressors!U$49 -> 1 | AR54: =CHOOSE(stockcode,Esc!F69,Esc!G69,Esc!H69,Esc!I69,Esc!J69,Esc!K69,Esc!L69,Esc!M69,Esc!N68,Esc!O68,Esc!P68) -> 16823.239 | AS54: 0 | AT54: =AJ54 -> 2019 | AU54: 10000 | AV54: =AU53*J54/I53 -> 608.10063 | AW54: =AV53*K54/J53 -> 396.45263 | AX54: =AW53*L54/K53 -> 202.08569 | AY54: =AX53*M54/L53 -> 7.0903055 | AZ54: =AY53*N54/M53 -> 0.046849415 | BA54: =AV54*Z54/J54 -> 39.834757 | BB54: =AW54*AA54/K54 -> 50.757275 | BC54: =AX54*AB54/L54 -> 106.52823 | BD54: =AY54*AC54/M54 -> 3.9073229 | BE54: =AZ54*AD54/N54 -> 0.026078544 | BF54: =AV54*AE54/J54 -> 4.5436945 | BG54: =AW54*AF54/K54 -> 28.646285 | BH54: =AX54*AG54/L54 -> 14.602007 | BI54: =AY54*AH54/M54 -> 0.51232076 | BJ54: =AZ54*AI54/N54 -> 0.0033851754 | BK54: =AT54-2 -> 2017 | BL54: =(AE54+AF55+AG56+AH57+AI58)/(AE54+AF55+AG56+AH57+AI58+Z54+AA55+AB56+AC57+AD58) -> 0.19234626 | BM54: =AT54 -> 2019 | BN54: =BF55 -> 4.5436945 | BO54: =BG56 -> 28.75391 | BP54: =BH57 -> 15.216936 | BQ54: =BI58 -> 0.55429714 | BR54: =BJ59 -> 0.0095571706 | BS54: =BA55 -> 39.834757 | BT54: =BB56 -> 50.947972 | BU54: =BC57 -> 111.01441 | BV54: =BD58 -> 4.2274648 | BW54: =BE59 -> 0.025899869 | BX54: =BY54*EXP(J$4)+BN54+BS54/Ssum -> 608.10063 | BY54: =BZ54*EXP(K$4)+BO54+BT54/Ssum -> 397.94212 | BZ54: =CA54*EXP(L$4)+BP54+BU54/Ssum -> 210.59604 | CA54: =CB54*EXP(M$4)+BQ54+BV54/Ssum -> 7.6712412 | CB54: =BR54+BW54/Ssum -> 0.052723618 | CC54: =BX54/AU54 -> 0.060810063
A55: 0 | B55: 1 | C55: 0 | G55: 2020 | H55: =SUMPRODUCT(J$7:N$7,Z55:AD55) -> 32435107 | I55: =IF(LHT=1,H54*EXP(-Q54),H53*EXP(-Q53)) -> 1155405.8 | J55: =I54*EXP(-R54-I$5*$Y54)*(1-I$6) -> 92838.725 | K55: =J54*EXP(-S54-J$5*$Y54)*(1-J$6) -> 41411.015 | L55: =K54*EXP(-T54-K$5*$Y54)*(1-K$6) -> 22574.509 | M55: =L54*EXP(-U54-L$5*$Y54)*(1-L$6) -> 492.27803 | N55: =M54*EXP(-V54-M$5*$Y54)*(1-M$6) -> 2.5013196 | O55: 1.8781091 | P55: =O55-1 -> 0.87810915 | Q55: =MeMin+Mden*H55+P55 -> 3.9321899 | R55: =I$4+Mseal*AN55/40+Mhatch*AO55/30+Mtemp*(AP55-14.5) -> 2.8 | S55: =J$4 -> 0.3 | T55: =K$4+MSSLNRKWq*AQ55 -> 0.3 | U55: =L$4+MSSLNRKWq*AQ55 -> 0.3 | V55: =M$4 -> 0.3 | W55: =N$4 -> 0.3 | X55: =Q55+R56+S57+T58+U59+V60 -> 7.9321899 | Y55: =IF(UseRetro,RetroF,Ftest*ER!$D62+AS55) -> 0.075 | Z55: =Ssum*J55*EXP(-J$5*$Y55)*J$6 -> 6081.5726 | AA55: =Ssum*K55*EXP(-K$5*$Y55)*K$6 -> 5301.7944 | AB55: =Ssum*L55*EXP(-L$5*$Y55)*L$6 -> 11900.014 | AC55: =Ssum*M55*EXP(-M$5*$Y55)*M$6 -> 271.28439 | AD55: =Ssum*N55*EXP(-N$5*$Y55)*N$6 -> 1.3923498 | AE55: =(1-EXP(-J$5*$Y55))*J55 -> 693.68586 | AF55: =(1-EXP(-K$5*$Y55))*K55 -> 2992.2156 | AG55: =(1-EXP(-L$5*$Y55))*L55 -> 1631.1553 | AH55: =(1-EXP(-M$5*$Y55))*M55 -> 35.570294 | AI55: =(1-EXP(-N$5*$Y55))*N55 -> 0.18073663 | AJ55: =G55 -> 2020 | AK55: =SUM(AE55:AI55) -> 5352.8078 | AL55: =SUM(Z55:AD55) -> 23556.057 | AM55: =AK55/(AK55+AL55) -> 0.18516147 | AN55: =AN54 -> 36.834119 | AO55: 12 | AP55: =AP54 -> 15.415 | AQ55: =AQ54 -> 1 | AR55: =CHOOSE(stockcode,Esc!F70,Esc!G70,Esc!H70,Esc!I70,Esc!J70,Esc!K70,Esc!L70,Esc!M70,Esc!N69,Esc!O69,Esc!P69) -> 25678.051 | AS55: 0 | AT55: =AJ55 -> 2020 | AU55: 10000 | AV55: =AU54*J55/I54 -> 608.10063 | AW55: =AV54*K55/J54 -> 397.94212 | AX55: =AW54*L55/K54 -> 209.80778 | AY55: =AX54*M55/L54 -> 7.3612402 | AZ55: =AY54*N55/M54 -> 0.048730909 | BA55: =AV55*Z55/J55 -> 39.834757 | BB55: =AW55*AA55/K55 -> 50.947972 | BC55: =AX55*AB55/L55 -> 110.59888 | BD55: =AY55*AC55/M55 -> 4.0566295 | BE55: =AZ55*AD55/N55 -> 0.02712587 | BF55: =AV55*AE55/J55 -> 4.5436945 | BG55: =AW55*AF55/K55 -> 28.75391 | BH55: =AX55*AG55/L55 -> 15.159979 | BI55: =AY55*AH55/M55 -> 0.53189755 | BJ55: =AZ55*AI55/N55 -> 0.0035211256 | BK55: =AT55-2 -> 2018 | BL55: =(AE55+AF56+AG57+AH58+AI59)/(AE55+AF56+AG57+AH58+AI59+Z55+AA56+AB57+AC58+AD59) -> 0.19236706 | BM55: =AT55 -> 2020 | BN55: =BF56 -> 4.5436945 | BO55: =BG57 -> 28.75391 | BP55: =BH58 -> 15.216936 | BQ55: =BI59 -> 1.3905601 | BR55: =BJ60 -> 0.0084341734 | BS55: =BA56 -> 39.834757 | BT55: =BB57 -> 50.947972 | BU55: =BC58 -> 111.01441 | BV55: =BD59 -> 3.7307246 | BW55: =BE60 -> 0.022856554 | BX55: =BY55*EXP(J$4)+BN55+BS55/Ssum -> 608.10063 | BY55: =BZ55*EXP(K$4)+BO55+BT55/Ssum -> 397.94212 | BZ55: =CA55*EXP(L$4)+BP55+BU55/Ssum -> 210.59604 | CA55: =CB55*EXP(M$4)+BQ55+BV55/Ssum -> 7.6712412 | CB55: =BR55+BW55/Ssum -> 0.04652843 | CC55: =BX55/AU55 -> 0.060810063
A56: 0.1 | B56: 0.98899911 | C56: 11480.501 | G56: 2021 | H56: =SUMPRODUCT(J$7:N$7,Z56:AD56) -> 35910847 | I56: =IF(LHT=1,H55*EXP(-Q55),H54*EXP(-Q54)) -> 558348.75 | J56: =I55*EXP(-R55-I$5*$Y55)*(1-I$6) -> 70260.297 | K56: =J55*EXP(-S55-J$5*$Y55)*(1-J$6) -> 60753.824 | L56: =K55*EXP(-T55-K$5*$Y55)*(1-K$6) -> 21915.237 | M56: =L55*EXP(-U55-L$5*$Y55)*(1-L$6) -> 822.30655 | N56: =M55*EXP(-V55-M$5*$Y55)*(1-M$6) -> 3.3833741 | O56: =O55 -> 1.8781091 | P56: =O56-1 -> 0.87810915 | Q56: =MeMin+Mden*H56+P56 -> 3.9882754 | R56: =I$4+Mseal*AN56/40+Mhatch*AO56/30+Mtemp*(AP56-14.5) -> 2.8 | S56: =J$4 -> 0.3 | T56: =K$4+MSSLNRKWq*AQ56 -> 0.3 | U56: =L$4+MSSLNRKWq*AQ56 -> 0.3 | V56: =M$4 -> 0.3 | W56: =N$4 -> 0.3 | X56: =Q56+R57+S58+T59+U60+V61 -> 7.9882754 | Y56: =IF(UseRetro,RetroF,Ftest*ER!$D63+AS56) -> 0.075 | Z56: =Ssum*J56*EXP(-J$5*$Y56)*J$6 -> 4602.5308 | AA56: =Ssum*K56*EXP(-K$5*$Y56)*K$6 -> 7778.2271 | AB56: =Ssum*L56*EXP(-L$5*$Y56)*L$6 -> 11552.482 | AC56: =Ssum*M56*EXP(-M$5*$Y56)*M$6 -> 453.15639 | AD56: =Ssum*N56*EXP(-N$5*$Y56)*N$6 -> 1.883342 | AE56: =(1-EXP(-J$5*$Y56))*J56 -> 524.98108 | AF56: =(1-EXP(-K$5*$Y56))*K56 -> 4389.8595 | AG56: =(1-EXP(-L$5*$Y56))*L56 -> 1583.5186 | AH56: =(1-EXP(-M$5*$Y56))*M56 -> 59.417005 | AI56: =(1-EXP(-N$5*$Y56))*N56 -> 0.24447082 | AJ56: =G56 -> 2021 | AK56: =SUM(AE56:AI56) -> 6558.0207 | AL56: =SUM(Z56:AD56) -> 24388.28 | AM56: =AK56/(AK56+AL56) -> 0.21191614 | AN56: =AN55 -> 36.834119 | AO56: 12 | AP56: =AP55 -> 15.415 | AQ56: =AQ55 -> 1 | AR56: =CHOOSE(stockcode,Esc!F71,Esc!G71,Esc!H71,Esc!I71,Esc!J71,Esc!K71,Esc!L71,Esc!M71,Esc!N70,Esc!O70,Esc!P70) -> 22839.91 | AS56: 0 | AT56: =AJ56 -> 2021 | AU56: 10000 | AV56: =AU55*J56/I55 -> 608.10063 | AW56: =AV55*K56/J55 -> 397.94212 | AX56: =AW55*L56/K55 -> 210.59604 | AY56: =AX55*M56/L55 -> 7.6425279 | AZ56: =AY55*N56/M55 -> 0.050593015 | BA56: =AV56*Z56/J56 -> 39.834757 | BB56: =AW56*AA56/K56 -> 50.947972 | BC56: =AX56*AB56/L56 -> 111.01441 | BD56: =AY56*AC56/M56 -> 4.2116415 | BE56: =AZ56*AD56/N56 -> 0.028162404 | BF56: =AV56*AE56/J56 -> 4.5436945 | BG56: =AW56*AF56/K56 -> 28.75391 | BH56: =AX56*AG56/L56 -> 15.216936 | BI56: =AY56*AH56/M56 -> 0.55222242 | BJ56: =AZ56*AI56/N56 -> 0.0036556749 | BK56: =AT56-2 -> 2019 | BL56: =(AE56+AF57+AG58+AH59+AI60)/(AE56+AF57+AG58+AH59+AI60+Z56+AA57+AB58+AC59+AD60) -> 0.19538364 | BM56: =AT56 -> 2021 | BN56: =BF57 -> 4.5436945 | BO56: =BG58 -> 28.75391 | BP56: =BH59 -> 38.174585 | BQ56: =BI60 -> 1.227165 | BR56: =BJ61 -> 0.0074431319 | BS56: =BA57 -> 39.834757 | BT56: =BB58 -> 50.947972 | BU56: =BC59 -> 97.96987 | BV56: =BD60 -> 3.2923529 | BW56: =BE61 -> 0.020170838 | BX56: =BY56*EXP(J$4)+BN56+BS56/Ssum -> 608.10063 | BY56: =BZ56*EXP(K$4)+BO56+BT56/Ssum -> 397.94212 | BZ56: =CA56*EXP(L$4)+BP56+BU56/Ssum -> 210.59604 | CA56: =CB56*EXP(M$4)+BQ56+BV56/Ssum -> 6.7698466 | CB56: =BR56+BW56/Ssum -> 0.041061195 | CC56: =BX56/AU56 -> 0.060810063
A57: 0.2 | B57: 0.9310765 | C57: 19858.182 | G57: 2022 | H57: =SUMPRODUCT(J$7:N$7,Z57:AD57) -> 43836220 | I57: =IF(LHT=1,H56*EXP(-Q56),H55*EXP(-Q55)) -> 635750.83 | J57: =I56*EXP(-R56-I$5*$Y56)*(1-I$6) -> 33953.222 | K57: =J56*EXP(-S56-J$5*$Y56)*(1-J$6) -> 45978.461 | L57: =K56*EXP(-T56-K$5*$Y56)*(1-K$6) -> 32151.698 | M57: =L56*EXP(-U56-L$5*$Y56)*(1-L$6) -> 798.2917 | N57: =M56*EXP(-V56-M$5*$Y56)*(1-M$6) -> 5.6516248 | O57: =O56 -> 1.8781091 | P57: =O57-1 -> 0.87810915 | Q57: =MeMin+Mden*H57+P57 -> 4.1161614 | R57: =I$4+Mseal*AN57/40+Mhatch*AO57/30+Mtemp*(AP57-14.5) -> 2.8 | S57: =J$4 -> 0.3 | T57: =K$4+MSSLNRKWq*AQ57 -> 0.3 | U57: =L$4+MSSLNRKWq*AQ57 -> 0.3 | V57: =M$4 -> 0.3 | W57: =N$4 -> 0.3 | X57: =Q57+R58+S59+T60+U61+V62 -> 8.1161614 | Y57: =IF(UseRetro,RetroF,Ftest*ER!$D64+AS57) -> 0.075 | Z57: =Ssum*J57*EXP(-J$5*$Y57)*J$6 -> 2224.1687 | AA57: =Ssum*K57*EXP(-K$5*$Y57)*K$6 -> 5886.5581 | AB57: =Ssum*L57*EXP(-L$5*$Y57)*L$6 -> 16948.57 | AC57: =Ssum*M57*EXP(-M$5*$Y57)*M$6 -> 439.92229 | AD57: =Ssum*N57*EXP(-N$5*$Y57)*N$6 -> 3.1459548 | AE57: =(1-EXP(-J$5*$Y57))*J57 -> 253.69662 | AF57: =(1-EXP(-K$5*$Y57))*K57 -> 3322.2433 | AG57: =(1-EXP(-L$5*$Y57))*L57 -> 2323.1696 | AH57: =(1-EXP(-M$5*$Y57))*M57 -> 57.681775 | AI57: =(1-EXP(-N$5*$Y57))*N57 -> 0.4083667 | AJ57: =G57 -> 2022 | AK57: =SUM(AE57:AI57) -> 5957.1997 | AL57: =SUM(Z57:AD57) -> 25502.365 | AM57: =AK57/(AK57+AL57) -> 0.18936053 | AN57: =AN56 -> 36.834119 | AO57: 12 | AP57: =AP56 -> 15.415 | AQ57: =AQ56 -> 1 | AR57: =CHOOSE(stockcode,Esc!F72,Esc!G72,Esc!H72,Esc!I72,Esc!J72,Esc!K72,Esc!L72,Esc!M72,Esc!N71,Esc!O71,Esc!P71) -> 26915.272 | AS57: 0 | AT57: =AJ57 -> 2022 | AU57: 10000 | AV57: =AU56*J57/I56 -> 608.10063 | AW57: =AV56*K57/J56 -> 397.94212 | AX57: =AW56*L57/K56 -> 210.59604 | AY57: =AX56*M57/L56 -> 7.6712412 | AZ57: =AY56*N57/M56 -> 0.052526275 | BA57: =AV57*Z57/J57 -> 39.834757 | BB57: =AW57*AA57/K57 -> 50.947972 | BC57: =AX57*AB57/L57 -> 111.01441 | BD57: =AY57*AC57/M57 -> 4.2274648 | BE57: =AZ57*AD57/N57 -> 0.029238546 | BF57: =AV57*AE57/J57 -> 4.5436945 | BG57: =AW57*AF57/K57 -> 28.75391 | BH57: =AX57*AG57/L57 -> 15.216936 | BI57: =AY57*AH57/M57 -> 0.55429714 | BJ57: =AZ57*AI57/N57 -> 0.0037953655 | BK57: =AT57-2 -> 2020 | BL57: =(AE57+AF58+AG59+AH60+AI61)/(AE57+AF58+AG59+AH60+AI61+Z57+AA58+AB59+AC60+AD61) -> 0.27460162 | BM57: =AT57 -> 2022 | BN57: =BF58 -> 4.5436945 | BO57: =BG59 -> 72.134668 | BP57: =BH60 -> 33.688953 | BQ57: =BI61 -> 1.0829693 | BR57: =BJ62 -> 0.0065685409 | BS57: =BA58 -> 39.834757 | BT57: =BB59 -> 44.961428 | BU57: =BC60 -> 86.458107 | BV57: =BD61 -> 2.9054912 | BW57: =BE62 -> 0.017800702 | BX57: =BY57*EXP(J$4)+BN57+BS57/Ssum -> 608.10063 | BY57: =BZ57*EXP(K$4)+BO57+BT57/Ssum -> 397.94212 | BZ57: =CA57*EXP(L$4)+BP57+BU57/Ssum -> 185.85035 | CA57: =CB57*EXP(M$4)+BQ57+BV57/Ssum -> 5.9743686 | CB57: =BR57+BW57/Ssum -> 0.036236378 | CC57: =BX57/AU57 -> 0.060810063
A58: 0.3 | B58: 0.80967264 | C58: 23883.03 | G58: 2023 | H58: =SUMPRODUCT(J$7:N$7,Z58:AD58) -> 31543027 | I58: =IF(LHT=1,H57*EXP(-Q57),H56*EXP(-Q56)) -> 665487.09 | J58: =I57*EXP(-R57-I$5*$Y57)*(1-I$6) -> 38660.048 | K58: =J57*EXP(-S57-J$5*$Y57)*(1-J$6) -> 22219.048 | L58: =K57*EXP(-T57-K$5*$Y57)*(1-K$6) -> 24332.388 | M58: =L57*EXP(-U57-L$5*$Y57)*(1-L$6) -> 1171.1684 | N58: =M57*EXP(-V57-M$5*$Y57)*(1-M$6) -> 5.4865732 | O58: =O57 -> 1.8781091 | P58: =O58-1 -> 0.87810915 | Q58: =MeMin+Mden*H58+P58 -> 3.9177951 | R58: =I$4+Mseal*AN58/40+Mhatch*AO58/30+Mtemp*(AP58-14.5) -> 2.8 | S58: =J$4 -> 0.3 | T58: =K$4+MSSLNRKWq*AQ58 -> 0.3 | U58: =L$4+MSSLNRKWq*AQ58 -> 0.3 | V58: =M$4 -> 0.3 | W58: =N$4 -> 0.3 | X58: =Q58+R59+S60+T61+U62+V63 -> 7.9177951 | Y58: =IF(UseRetro,RetroF,Ftest*ER!$D65+AS58) -> 0.075 | Z58: =Ssum*J58*EXP(-J$5*$Y58)*J$6 -> 2532.498 | AA58: =Ssum*K58*EXP(-K$5*$Y58)*K$6 -> 2844.6736 | AB58: =Ssum*L58*EXP(-L$5*$Y58)*L$6 -> 12826.668 | AC58: =Ssum*M58*EXP(-M$5*$Y58)*M$6 -> 645.40706 | AD58: =Ssum*N58*EXP(-N$5*$Y58)*N$6 -> 3.0540796 | AE58: =(1-EXP(-J$5*$Y58))*J58 -> 288.86576 | AF58: =(1-EXP(-K$5*$Y58))*K58 -> 1605.471 | AG58: =(1-EXP(-L$5*$Y58))*L58 -> 1758.1735 | AH58: =(1-EXP(-M$5*$Y58))*M58 -> 84.624547 | AI58: =(1-EXP(-N$5*$Y58))*N58 -> 0.39644065 | AJ58: =G58 -> 2023 | AK58: =SUM(AE58:AI58) -> 3737.5312 | AL58: =SUM(Z58:AD58) -> 18852.301 | AM58: =AK58/(AK58+AL58) -> 0.16545192 | AN58: =AN57 -> 36.834119 | AO58: 12 | AP58: =AP57 -> 15.415 | AQ58: =AQ57 -> 1 | AR58: =CHOOSE(stockcode,Esc!F73,Esc!G73,Esc!H73,Esc!I73,Esc!J73,Esc!K73,Esc!L73,Esc!M73,Esc!N72,Esc!O72,Esc!P72) -> 19396.884 | AS58: 0 | AT58: =AJ58 -> 2023 | AU58: 10000 | AV58: =AU57*J58/I57 -> 608.10063 | AW58: =AV57*K58/J57 -> 397.94212 | AX58: =AW57*L58/K57 -> 210.59604 | AY58: =AX57*M58/L57 -> 7.6712412 | AZ58: =AY57*N58/M57 -> 0.052723618 | BA58: =AV58*Z58/J58 -> 39.834757 | BB58: =AW58*AA58/K58 -> 50.947972 | BC58: =AX58*AB58/L58 -> 111.01441 | BD58: =AY58*AC58/M58 -> 4.2274648 | BE58: =AZ58*AD58/N58 -> 0.029348396 | BF58: =AV58*AE58/J58 -> 4.5436945 | BG58: =AW58*AF58/K58 -> 28.75391 | BH58: =AX58*AG58/L58 -> 15.216936 | BI58: =AY58*AH58/M58 -> 0.55429714 | BJ58: =AZ58*AI58/N58 -> 0.0038096248 | BK58: =AT58-2 -> 2021 | BL58: =(AE58+AF59+AG60+AH61+AI62)/(AE58+AF59+AG60+AH61+AI62+Z58+AA59+AB60+AC61+AD62) -> 0.39020804 | BM58: =AT58 -> 2023 | BN58: =BF59 -> 12.041199 | BO58: =BG60 -> 71.238596 | BP58: =BH61 -> 33.270462 | BQ58: =BI62 -> 1.0695164 | BR58: =BJ63 -> 0.0064869451 | BS58: =BA59 -> 39.339922 | BT58: =BB60 -> 44.402908 | BU58: =BC61 -> 85.384107 | BV58: =BD62 -> 2.8693986 | BW58: =BE63 -> 0.017579578 | BX58: =BY58*EXP(J$4)+BN58+BS58/Ssum -> 608.10063 | BY58: =BZ58*EXP(K$4)+BO58+BT58/Ssum -> 392.9988 | BZ58: =CA58*EXP(L$4)+BP58+BU58/Ssum -> 183.54168 | CA58: =CB58*EXP(M$4)+BQ58+BV58/Ssum -> 5.9001538 | CB58: =BR58+BW58/Ssum -> 0.035786242 | CC58: =BX58/AU58 -> 0.060810063
A59: 0.4 | B59: 0.60435226 | C59: 21991.731 | G59: 2024 | H59: =SUMPRODUCT(J$7:N$7,Z59:AD59) -> 16317398 | I59: =IF(LHT=1,H58*EXP(-Q58),H57*EXP(-Q57)) -> 714836.81 | J59: =I58*EXP(-R58-I$5*$Y58)*(1-I$6) -> 40468.311 | K59: =J58*EXP(-S58-J$5*$Y58)*(1-J$6) -> 25299.203 | L59: =K58*EXP(-T58-K$5*$Y58)*(1-K$6) -> 11758.603 | M59: =L58*EXP(-U58-L$5*$Y58)*(1-L$6) -> 886.33963 | N59: =M58*EXP(-V58-M$5*$Y58)*(1-M$6) -> 8.049315 | O59: =O58 -> 1.8781091 | P59: =O59-1 -> 0.87810915 | Q59: =MeMin+Mden*H59+P59 -> 3.6721102 | R59: =I$4+Mseal*AN59/40+Mhatch*AO59/30+Mtemp*(AP59-14.5) -> 2.8 | S59: =J$4 -> 0.3 | T59: =K$4+MSSLNRKWq*AQ59 -> 0.3 | U59: =L$4+MSSLNRKWq*AQ59 -> 0.3 | V59: =M$4 -> 0.3 | W59: =N$4 -> 0.3 | X59: =Q59+R60+S61+T62+U63+V64 -> 7.6721102 | Y59: =Ffuture -> 0.2 | Z59: =Ssum*J59*EXP(-J$5*$Y59)*J$6 -> 2618.021 | AA59: =Ssum*K59*EXP(-K$5*$Y59)*K$6 -> 2858.4265 | AB59: =Ssum*L59*EXP(-L$5*$Y59)*L$6 -> 5470.1354 | AC59: =Ssum*M59*EXP(-M$5*$Y59)*M$6 -> 431.05006 | AD59: =Ssum*N59*EXP(-N$5*$Y59)*N$6 -> 3.954133 | AE59: =(1-EXP(-J$5*$Y59))*J59 -> 801.32626 | AF59: =(1-EXP(-K$5*$Y59))*K59 -> 4585.9675 | AG59: =(1-EXP(-L$5*$Y59))*L59 -> 2131.4732 | AH59: =(1-EXP(-M$5*$Y59))*M59 -> 160.66612 | AI59: =(1-EXP(-N$5*$Y59))*N59 -> 1.4590933 | AJ59: =G59 -> 2024 | AK59: =SUM(AE59:AI59) -> 7680.8922 | AL59: =SUM(Z59:AD59) -> 11381.587 | AM59: =AK59/(AK59+AL59) -> 0.40293249 | AN59: =AN58 -> 36.834119 | AO59: 12 | AP59: =AP58 -> 15.415 | AQ59: =AQ58 -> 1 | AR59: =CHOOSE(stockcode,Esc!F74,Esc!G74,Esc!H74,Esc!I74,Esc!J74,Esc!K74,Esc!L74,Esc!M74,Esc!N73,Esc!O73,Esc!P73) -> 9698.442 | AS59: 0 | AT59: =AJ59 -> 2024 | AU59: 10000 | AV59: =AU58*J59/I58 -> 608.10063 | AW59: =AV58*K59/J58 -> 397.94212 | AX59: =AW58*L59/K58 -> 210.59604 | AY59: =AX58*M59/L58 -> 7.6712412 | AZ59: =AY58*N59/M58 -> 0.052723618 | BA59: =AV59*Z59/J59 -> 39.339922 | BB59: =AW59*AA59/K59 -> 44.961428 | BC59: =AX59*AB59/L59 -> 97.96987 | BD59: =AY59*AC59/M59 -> 3.7307246 | BE59: =AZ59*AD59/N59 -> 0.025899869 | BF59: =AV59*AE59/J59 -> 12.041199 | BG59: =AW59*AF59/K59 -> 72.134668 | BH59: =AX59*AG59/L59 -> 38.174585 | BI59: =AY59*AH59/M59 -> 1.3905601 | BJ59: =AZ59*AI59/N59 -> 0.0095571706 | BK59: =AT59-2 -> 2022 | BL59: =(AE59+AF60+AG61+AH62+AI63)/(AE59+AF60+AG61+AH62+AI63+Z59+AA60+AB61+AC62+AD63) -> 0.40611169 | BM59: =AT59 -> 2024 | BN59: =BF60 -> 12.041199 | BO59: =BG61 -> 71.238596 | BP59: =BH62 -> 33.270462 | BQ59: =BI63 -> 1.0695164 | BR59: =BJ64 -> 0.0064869451 | BS59: =BA60 -> 39.339922 | BT59: =BB61 -> 44.402908 | BU59: =BC62 -> 85.384107 | BV59: =BD63 -> 2.8693986 | BW59: =BE64 -> 0.017579578 | BX59: =BY59*EXP(J$4)+BN59+BS59/Ssum -> 608.10063 | BY59: =BZ59*EXP(K$4)+BO59+BT59/Ssum -> 392.9988 | BZ59: =CA59*EXP(L$4)+BP59+BU59/Ssum -> 183.54168 | CA59: =CB59*EXP(M$4)+BQ59+BV59/Ssum -> 5.9001538 | CB59: =BR59+BW59/Ssum -> 0.035786242 | CC59: =BX59/AU59 -> 0.060810063
A60: 0.5 | B60: 0.29015703 | C60: 12252.31 | G60: 2025 | H60: =SUMPRODUCT(J$7:N$7,Z60:AD60) -> 15893090 | I60: =IF(LHT=1,H59*EXP(-Q59),H58*EXP(-Q58)) -> 627229.65 | J60: =I59*EXP(-R59-I$5*$Y59)*(1-I$6) -> 43469.271 | K60: =J59*EXP(-S59-J$5*$Y59)*(1-J$6) -> 26153.563 | L60: =K59*EXP(-T59-K$5*$Y59)*(1-K$6) -> 11815.452 | M60: =L59*EXP(-U59-L$5*$Y59)*(1-L$6) -> 377.99354 | N60: =M59*EXP(-V59-M$5*$Y59)*(1-M$6) -> 5.3759216 | O60: =O59 -> 1.8781091 | P60: =O60-1 -> 0.87810915 | Q60: =MeMin+Mden*H60+P60 -> 3.6652634 | R60: =I$4+Mseal*AN60/40+Mhatch*AO60/30+Mtemp*(AP60-14.5) -> 2.8 | S60: =J$4 -> 0.3 | T60: =K$4+MSSLNRKWq*AQ60 -> 0.3 | U60: =L$4+MSSLNRKWq*AQ60 -> 0.3 | V60: =M$4 -> 0.3 | W60: =N$4 -> 0.3 | X60: =Q60+R61+S62+T63+U64+V65 -> 7.6652634 | Y60: =Ffuture -> 0.2 | Z60: =Ssum*J60*EXP(-J$5*$Y60)*J$6 -> 2812.1624 | AA60: =Ssum*K60*EXP(-K$5*$Y60)*K$6 -> 2954.9562 | AB60: =Ssum*L60*EXP(-L$5*$Y60)*L$6 -> 5496.5814 | AC60: =Ssum*M60*EXP(-M$5*$Y60)*M$6 -> 183.82811 | AD60: =Ssum*N60*EXP(-N$5*$Y60)*N$6 -> 2.6408594 | AE60: =(1-EXP(-J$5*$Y60))*J60 -> 860.74924 | AF60: =(1-EXP(-K$5*$Y60))*K60 -> 4740.8366 | AG60: =(1-EXP(-L$5*$Y60))*L60 -> 2141.778 | AH60: =(1-EXP(-M$5*$Y60))*M60 -> 68.518603 | AI60: =(1-EXP(-N$5*$Y60))*N60 -> 0.97448926 | AJ60: =G60 -> 2025 | AK60: =SUM(AE60:AI60) -> 7812.857 | AL60: =SUM(Z60:AD60) -> 11450.169 | AM60: =AK60/(AK60+AL60) -> 0.40558825 | AN60: =AN59 -> 36.834119 | AO60: 12 | AP60: =AP59 -> 15.415 | AQ60: =AQ59 -> 1 | AR60: =CHOOSE(stockcode,Esc!F75,Esc!G75,Esc!H75,Esc!I75,Esc!J75,Esc!K75,Esc!L75,Esc!M75,Esc!N74,Esc!O74,Esc!P74) -> 0 | AS60: 0 | AT60: =AJ60 -> 2025 | AU60: 10000 | AV60: =AU59*J60/I59 -> 608.10063 | AW60: =AV59*K60/J59 -> 392.9988 | AX60: =AW59*L60/K59 -> 185.85035 | AY60: =AX59*M60/L59 -> 6.7698466 | AZ60: =AY59*N60/M59 -> 0.04652843 | BA60: =AV60*Z60/J60 -> 39.339922 | BB60: =AW60*AA60/K60 -> 44.402908 | BC60: =AX60*AB60/L60 -> 86.458107 | BD60: =AY60*AC60/M60 -> 3.2923529 | BE60: =AZ60*AD60/N60 -> 0.022856554 | BF60: =AV60*AE60/J60 -> 12.041199 | BG60: =AW60*AF60/K60 -> 71.238596 | BH60: =AX60*AG60/L60 -> 33.688953 | BI60: =AY60*AH60/M60 -> 1.227165 | BJ60: =AZ60*AI60/N60 -> 0.0084341734 | BK60: =AT60-2 -> 2023 | BL60: =(AE60+AF61+AG62+AH63+AI64)/(AE60+AF61+AG62+AH63+AI64+Z60+AA61+AB62+AC63+AD64) -> 0.40611169 | BM60: =AT60 -> 2025 | BN60: =BF61 -> 12.041199 | BO60: =BG62 -> 71.238596 | BP60: =BH63 -> 33.270462 | BQ60: =BI64 -> 1.0695164 | BR60: =BJ65 -> 0.0064869451 | BS60: =BA61 -> 39.339922 | BT60: =BB62 -> 44.402908 | BU60: =BC63 -> 85.384107 | BV60: =BD64 -> 2.8693986 | BW60: =BE65 -> 0.017579578 | BX60: =BY60*EXP(J$4)+BN60+BS60/Ssum -> 608.10063 | BY60: =BZ60*EXP(K$4)+BO60+BT60/Ssum -> 392.9988 | BZ60: =CA60*EXP(L$4)+BP60+BU60/Ssum -> 183.54168 | CA60: =CB60*EXP(M$4)+BQ60+BV60/Ssum -> 5.9001538 | CB60: =BR60+BW60/Ssum -> 0.035786242 | CC60: =BX60/AU60 -> 0.060810063
A61: 0.6 | B61: 0 | C61: 0 | G61: 2026 | H61: =SUMPRODUCT(J$7:N$7,Z61:AD61) -> 16590700 | I61: =IF(LHT=1,H60*EXP(-Q60),H59*EXP(-Q59)) -> 414833.4 | J61: =I60*EXP(-R60-I$5*$Y60)*(1-I$6) -> 38141.874 | K61: =J60*EXP(-S60-J$5*$Y60)*(1-J$6) -> 28093.001 | L61: =K60*EXP(-T60-K$5*$Y60)*(1-K$6) -> 12214.462 | M61: =L60*EXP(-U60-L$5*$Y60)*(1-L$6) -> 379.82099 | N61: =M60*EXP(-V60-M$5*$Y60)*(1-M$6) -> 2.2926467 | O61: =O60 -> 1.8781091 | P61: =O61-1 -> 0.87810915 | Q61: =MeMin+Mden*H61+P61 -> 3.6765203 | R61: =I$4+Mseal*AN61/40+Mhatch*AO61/30+Mtemp*(AP61-14.5) -> 2.8 | S61: =J$4 -> 0.3 | T61: =K$4+MSSLNRKWq*AQ61 -> 0.3 | U61: =L$4+MSSLNRKWq*AQ61 -> 0.3 | V61: =M$4 -> 0.3 | W61: =N$4 -> 0.3 | X61: =Q61+R62+S63+T64+U65+V66 -> 7.6765203 | Y61: =Ffuture -> 0.2 | Z61: =Ssum*J61*EXP(-J$5*$Y61)*J$6 -> 2467.5166 | AA61: =Ssum*K61*EXP(-K$5*$Y61)*K$6 -> 3174.0833 | AB61: =Ssum*L61*EXP(-L$5*$Y61)*L$6 -> 5682.2021 | AC61: =Ssum*M61*EXP(-M$5*$Y61)*M$6 -> 184.71685 | AD61: =Ssum*N61*EXP(-N$5*$Y61)*N$6 -> 1.1262362 | AE61: =(1-EXP(-J$5*$Y61))*J61 -> 755.25971 | AF61: =(1-EXP(-K$5*$Y61))*K61 -> 5092.3971 | AG61: =(1-EXP(-L$5*$Y61))*L61 -> 2214.1063 | AH61: =(1-EXP(-M$5*$Y61))*M61 -> 68.849864 | AI61: =(1-EXP(-N$5*$Y61))*N61 -> 0.41558634 | AJ61: =G61 -> 2026 | AK61: =SUM(AE61:AI61) -> 8131.0286 | AL61: =SUM(Z61:AD61) -> 11509.645 | AM61: =AK61/(AK61+AL61) -> 0.41398929 | AN61: =AN60 -> 36.834119 | AO61: 12 | AP61: =AP60 -> 15.415 | AQ61: =AQ60 -> 1 | AR61: =CHOOSE(stockcode,Esc!F76,Esc!G76,Esc!H76,Esc!I76,Esc!J76,Esc!K76,Esc!L76,Esc!M76,Esc!N75,Esc!O75,Esc!P75) -> 0 | AS61: 0 | AT61: =AJ61 -> 2026 | AU61: 10000 | AV61: =AU60*J61/I60 -> 608.10063 | AW61: =AV60*K61/J60 -> 392.9988 | AX61: =AW60*L61/K60 -> 183.54168 | AY61: =AX60*M61/L60 -> 5.9743686 | AZ61: =AY60*N61/M60 -> 0.041061195 | BA61: =AV61*Z61/J61 -> 39.339922 | BB61: =AW61*AA61/K61 -> 44.402908 | BC61: =AX61*AB61/L61 -> 85.384107 | BD61: =AY61*AC61/M61 -> 2.9054912 | BE61: =AZ61*AD61/N61 -> 0.020170838 | BF61: =AV61*AE61/J61 -> 12.041199 | BG61: =AW61*AF61/K61 -> 71.238596 | BH61: =AX61*AG61/L61 -> 33.270462 | BI61: =AY61*AH61/M61 -> 1.0829693 | BJ61: =AZ61*AI61/N61 -> 0.0074431319 | BK61: =AT61-2 -> 2024 | BL61: =(AE61+AF62+AG63+AH64+AI65)/(AE61+AF62+AG63+AH64+AI65+Z61+AA62+AB63+AC64+AD65) -> 0.40611169 | BM61: =AT61 -> 2026 | BN61: =BF62 -> 12.041199 | BO61: =BG63 -> 71.238596 | BP61: =BH64 -> 33.270462 | BQ61: =BI65 -> 1.0695164 | BR61: =BJ66 -> 0.0064869451 | BS61: =BA62 -> 39.339922 | BT61: =BB63 -> 44.402908 | BU61: =BC64 -> 85.384107 | BV61: =BD65 -> 2.8693986 | BW61: =BE66 -> 0.017579578 | BX61: =BY61*EXP(J$4)+BN61+BS61/Ssum -> 608.10063 | BY61: =BZ61*EXP(K$4)+BO61+BT61/Ssum -> 392.9988 | BZ61: =CA61*EXP(L$4)+BP61+BU61/Ssum -> 183.54168 | CA61: =CB61*EXP(M$4)+BQ61+BV61/Ssum -> 5.9001538 | CB61: =BR61+BW61/Ssum -> 0.035786242 | CC61: =BX61/AU61 -> 0.060810063
A62: 0.7 | B62: 0 | C62: 0 | G62: 2027 | H62: =SUMPRODUCT(J$7:N$7,Z62:AD62) -> 16865546 | I62: =IF(LHT=1,H61*EXP(-Q61),H60*EXP(-Q60)) -> 406822.21 | J62: =I61*EXP(-R61-I$5*$Y61)*(1-I$6) -> 25226.045 | K62: =J61*EXP(-S61-J$5*$Y61)*(1-J$6) -> 24650.05 | L62: =K61*EXP(-T61-K$5*$Y61)*(1-K$6) -> 13120.235 | M62: =L61*EXP(-U61-L$5*$Y61)*(1-L$6) -> 392.64762 | N62: =M61*EXP(-V61-M$5*$Y61)*(1-M$6) -> 2.3037307 | O62: =O61 -> 1.8781091 | P62: =O62-1 -> 0.87810915 | Q62: =MeMin+Mden*H62+P62 -> 3.6809552 | R62: =I$4+Mseal*AN62/40+Mhatch*AO62/30+Mtemp*(AP62-14.5) -> 2.8 | S62: =J$4 -> 0.3 | T62: =K$4+MSSLNRKWq*AQ62 -> 0.3 | U62: =L$4+MSSLNRKWq*AQ62 -> 0.3 | V62: =M$4 -> 0.3 | W62: =N$4 -> 0.3 | X62: =Q62+R63+S64+T65+U66+V67 -> 7.6809552 | Y62: =Ffuture -> 0.2 | Z62: =Ssum*J62*EXP(-J$5*$Y62)*J$6 -> 1631.9514 | AA62: =Ssum*K62*EXP(-K$5*$Y62)*K$6 -> 2785.082 | AB62: =Ssum*L62*EXP(-L$5*$Y62)*L$6 -> 6103.5703 | AC62: =Ssum*M62*EXP(-M$5*$Y62)*M$6 -> 190.95477 | AD62: =Ssum*N62*EXP(-N$5*$Y62)*N$6 -> 1.1316811 | AE62: =(1-EXP(-J$5*$Y62))*J62 -> 499.50916 | AF62: =(1-EXP(-K$5*$Y62))*K62 -> 4468.296 | AG62: =(1-EXP(-L$5*$Y62))*L62 -> 2378.2951 | AH62: =(1-EXP(-M$5*$Y62))*M62 -> 71.174938 | AI62: =(1-EXP(-N$5*$Y62))*N62 -> 0.41759553 | AJ62: =G62 -> 2027 | AK62: =SUM(AE62:AI62) -> 7417.6928 | AL62: =SUM(Z62:AD62) -> 10712.69 | AM62: =AK62/(AK62+AL62) -> 0.40913051 | AN62: =AN61 -> 36.834119 | AO62: 12 | AP62: =AP61 -> 15.415 | AQ62: =AQ61 -> 1 | AR62: =CHOOSE(stockcode,Esc!F77,Esc!G77,Esc!H77,Esc!I77,Esc!J77,Esc!K77,Esc!L77,Esc!M77,Esc!N76,Esc!O76,Esc!P76) -> 0 | AS62: 0 | AT62: =AJ62 -> 2027 | AU62: 10000 | AV62: =AU61*J62/I61 -> 608.10063 | AW62: =AV61*K62/J61 -> 392.9988 | AX62: =AW61*L62/K61 -> 183.54168 | AY62: =AX61*M62/L61 -> 5.9001538 | AZ62: =AY61*N62/M61 -> 0.036236378 | BA62: =AV62*Z62/J62 -> 39.339922 | BB62: =AW62*AA62/K62 -> 44.402908 | BC62: =AX62*AB62/L62 -> 85.384107 | BD62: =AY62*AC62/M62 -> 2.8693986 | BE62: =AZ62*AD62/N62 -> 0.017800702 | BF62: =AV62*AE62/J62 -> 12.041199 | BG62: =AW62*AF62/K62 -> 71.238596 | BH62: =AX62*AG62/L62 -> 33.270462 | BI62: =AY62*AH62/M62 -> 1.0695164 | BJ62: =AZ62*AI62/N62 -> 0.0065685409 | BK62: =AT62-2 -> 2025 | BL62: =(AE62+AF63+AG64+AH65+AI66)/(AE62+AF63+AG64+AH65+AI66+Z62+AA63+AB64+AC65+AD66) -> 0.40611169 | BM62: =AT62 -> 2027 | BN62: =BF63 -> 12.041199 | BO62: =BG64 -> 71.238596 | BP62: =BH65 -> 33.270462 | BQ62: =BI66 -> 1.0695164 | BR62: =BJ67 -> 0.0064869451 | BS62: =BA63 -> 39.339922 | BT62: =BB64 -> 44.402908 | BU62: =BC65 -> 85.384107 | BV62: =BD66 -> 2.8693986 | BW62: =BE67 -> 0.017579578 | BX62: =BY62*EXP(J$4)+BN62+BS62/Ssum -> 608.10063 | BY62: =BZ62*EXP(K$4)+BO62+BT62/Ssum -> 392.9988 | BZ62: =CA62*EXP(L$4)+BP62+BU62/Ssum -> 183.54168 | CA62: =CB62*EXP(M$4)+BQ62+BV62/Ssum -> 5.9001538 | CB62: =BR62+BW62/Ssum -> 0.035786242 | CC62: =BX62/AU62 -> 0.060810063
A63: 0.8 | B63: 0 | C63: 0 | G63: 2028 | H63: =SUMPRODUCT(J$7:N$7,Z63:AD63) -> 13990358 | I63: =IF(LHT=1,H62*EXP(-Q62),H61*EXP(-Q61)) -> 419925.5 | J63: =I62*EXP(-R62-I$5*$Y62)*(1-I$6) -> 24738.884 | K63: =J62*EXP(-S62-J$5*$Y62)*(1-J$6) -> 16302.903 | L63: =K62*EXP(-T62-K$5*$Y62)*(1-K$6) -> 11512.278 | M63: =L62*EXP(-U62-L$5*$Y62)*(1-L$6) -> 421.76472 | N63: =M62*EXP(-V62-M$5*$Y62)*(1-M$6) -> 2.3815282 | O63: =O62 -> 1.8781091 | P63: =O63-1 -> 0.87810915 | Q63: =MeMin+Mden*H63+P63 -> 3.6345604 | R63: =I$4+Mseal*AN63/40+Mhatch*AO63/30+Mtemp*(AP63-14.5) -> 2.8 | S63: =J$4 -> 0.3 | T63: =K$4+MSSLNRKWq*AQ63 -> 0.3 | U63: =L$4+MSSLNRKWq*AQ63 -> 0.3 | V63: =M$4 -> 0.3 | W63: =N$4 -> 0.3 | X63: =Q63+R64+S65+T66+U67+V68 -> 7.6345604 | Y63: =Ffuture -> 0.2 | Z63: =Ssum*J63*EXP(-J$5*$Y63)*J$6 -> 1600.4354 | AA63: =Ssum*K63*EXP(-K$5*$Y63)*K$6 -> 1841.9809 | AB63: =Ssum*L63*EXP(-L$5*$Y63)*L$6 -> 5355.5443 | AC63: =Ssum*M63*EXP(-M$5*$Y63)*M$6 -> 205.11518 | AD63: =Ssum*N63*EXP(-N$5*$Y63)*N$6 -> 1.1698982 | AE63: =(1-EXP(-J$5*$Y63))*J63 -> 489.86273 | AF63: =(1-EXP(-K$5*$Y63))*K63 -> 2955.2149 | AG63: =(1-EXP(-L$5*$Y63))*L63 -> 2086.822 | AH63: =(1-EXP(-M$5*$Y63))*M63 -> 76.452972 | AI63: =(1-EXP(-N$5*$Y63))*N63 -> 0.43169782 | AJ63: =G63 -> 2028 | AK63: =SUM(AE63:AI63) -> 5608.7844 | AL63: =SUM(Z63:AD63) -> 9004.2458 | AM63: =AK63/(AK63+AL63) -> 0.38382076 | AN63: =AN62 -> 36.834119 | AO63: 12 | AP63: =AP62 -> 15.415 | AQ63: =AQ62 -> 1 | AR63: =CHOOSE(stockcode,Esc!F78,Esc!G78,Esc!H78,Esc!I78,Esc!J78,Esc!K78,Esc!L78,Esc!M78,Esc!N77,Esc!O77,Esc!P77) -> 0 | AS63: 0 | AT63: =AJ63 -> 2028 | AU63: 10000 | AV63: =AU62*J63/I62 -> 608.10063 | AW63: =AV62*K63/J62 -> 392.9988 | AX63: =AW62*L63/K62 -> 183.54168 | AY63: =AX62*M63/L62 -> 5.9001538 | AZ63: =AY62*N63/M62 -> 0.035786242 | BA63: =AV63*Z63/J63 -> 39.339922 | BB63: =AW63*AA63/K63 -> 44.402908 | BC63: =AX63*AB63/L63 -> 85.384107 | BD63: =AY63*AC63/M63 -> 2.8693986 | BE63: =AZ63*AD63/N63 -> 0.017579578 | BF63: =AV63*AE63/J63 -> 12.041199 | BG63: =AW63*AF63/K63 -> 71.238596 | BH63: =AX63*AG63/L63 -> 33.270462 | BI63: =AY63*AH63/M63 -> 1.0695164 | BJ63: =AZ63*AI63/N63 -> 0.0064869451 | BK63: =AT63-2 -> 2026 | BL63: =(AE63+AF64+AG65+AH66+AI67)/(AE63+AF64+AG65+AH66+AI67+Z63+AA64+AB65+AC66+AD67) -> 0.40611169 | BM63: =AT63 -> 2028 | BN63: =BF64 -> 12.041199 | BO63: =BG65 -> 71.238596 | BP63: =BH66 -> 33.270462 | BQ63: =BI67 -> 1.0695164 | BR63: =BJ68 -> 0.0064869451 | BS63: =BA64 -> 39.339922 | BT63: =BB65 -> 44.402908 | BU63: =BC66 -> 85.384107 | BV63: =BD67 -> 2.8693986 | BW63: =BE68 -> 0.017579578 | BX63: =BY63*EXP(J$4)+BN63+BS63/Ssum -> 608.10063 | BY63: =BZ63*EXP(K$4)+BO63+BT63/Ssum -> 392.9988 | BZ63: =CA63*EXP(L$4)+BP63+BU63/Ssum -> 183.54168 | CA63: =CB63*EXP(M$4)+BQ63+BV63/Ssum -> 5.9001538 | CB63: =BR63+BW63/Ssum -> 0.035786242 | CC63: =BX63/AU63 -> 0.060810063
A64: 0.9 | B64: 0 | C64: 0 | G64: 2029 | H64: =SUMPRODUCT(J$7:N$7,Z64:AD64) -> 10247362 | I64: =IF(LHT=1,H63*EXP(-Q63),H62*EXP(-Q62)) -> 424993.07 | J64: =I63*EXP(-R63-I$5*$Y63)*(1-I$6) -> 25535.696 | K64: =J63*EXP(-S63-J$5*$Y63)*(1-J$6) -> 15988.064 | L64: =K63*EXP(-T63-K$5*$Y63)*(1-K$6) -> 7613.9221 | M64: =L63*EXP(-U63-L$5*$Y63)*(1-L$6) -> 370.07514 | N64: =M63*EXP(-V63-M$5*$Y63)*(1-M$6) -> 2.5581323 | O64: =O63 -> 1.8781091 | P64: =O64-1 -> 0.87810915 | Q64: =MeMin+Mden*H64+P64 -> 3.5741624 | R64: =I$4+Mseal*AN64/40+Mhatch*AO64/30+Mtemp*(AP64-14.5) -> 2.8 | S64: =J$4 -> 0.3 | T64: =K$4+MSSLNRKWq*AQ64 -> 0.3 | U64: =L$4+MSSLNRKWq*AQ64 -> 0.3 | V64: =M$4 -> 0.3 | W64: =N$4 -> 0.3 | X64: =Q64+R65+S66+T67+U68+V69 -> 7.5741624 | Y64: =Ffuture -> 0.2 | Z64: =Ssum*J64*EXP(-J$5*$Y64)*J$6 -> 1651.9837 | AA64: =Ssum*K64*EXP(-K$5*$Y64)*K$6 -> 1806.4089 | AB64: =Ssum*L64*EXP(-L$5*$Y64)*L$6 -> 3542.018 | AC64: =Ssum*M64*EXP(-M$5*$Y64)*M$6 -> 179.97719 | AD64: =Ssum*N64*EXP(-N$5*$Y64)*N$6 -> 1.256653 | AE64: =(1-EXP(-J$5*$Y64))*J64 -> 505.64066 | AF64: =(1-EXP(-K$5*$Y64))*K64 -> 2898.1443 | AG64: =(1-EXP(-L$5*$Y64))*L64 -> 1380.1699 | AH64: =(1-EXP(-M$5*$Y64))*M64 -> 67.083242 | AI64: =(1-EXP(-N$5*$Y64))*N64 -> 0.46371072 | AJ64: =G64 -> 2029 | AK64: =SUM(AE64:AI64) -> 4851.5019 | AL64: =SUM(Z64:AD64) -> 7181.6444 | AM64: =AK64/(AK64+AL64) -> 0.40317817 | AN64: =AN63 -> 36.834119 | AO64: 12 | AP64: =AP63 -> 15.415 | AQ64: =AQ63 -> 1 | AR64: =CHOOSE(stockcode,Esc!F79,Esc!G79,Esc!H79,Esc!I79,Esc!J79,Esc!K79,Esc!L79,Esc!M79,Esc!N78,Esc!O78,Esc!P78) -> 0 | AS64: 0 | AT64: =AJ64 -> 2029 | AU64: 10000 | AV64: =AU63*J64/I63 -> 608.10063 | AW64: =AV63*K64/J63 -> 392.9988 | AX64: =AW63*L64/K63 -> 183.54168 | AY64: =AX63*M64/L63 -> 5.9001538 | AZ64: =AY63*N64/M63 -> 0.035786242 | BA64: =AV64*Z64/J64 -> 39.339922 | BB64: =AW64*AA64/K64 -> 44.402908 | BC64: =AX64*AB64/L64 -> 85.384107 | BD64: =AY64*AC64/M64 -> 2.8693986 | BE64: =AZ64*AD64/N64 -> 0.017579578 | BF64: =AV64*AE64/J64 -> 12.041199 | BG64: =AW64*AF64/K64 -> 71.238596 | BH64: =AX64*AG64/L64 -> 33.270462 | BI64: =AY64*AH64/M64 -> 1.0695164 | BJ64: =AZ64*AI64/N64 -> 0.0064869451 | BK64: =AT64-2 -> 2027 | BL64: =(AE64+AF65+AG66+AH67+AI68)/(AE64+AF65+AG66+AH67+AI68+Z64+AA65+AB66+AC67+AD68) -> 0.40611169 | BM64: =AT64 -> 2029 | BN64: =BF65 -> 12.041199 | BO64: =BG66 -> 71.238596 | BP64: =BH67 -> 33.270462 | BQ64: =BI68 -> 1.0695164 | BR64: =BJ69 -> 0.0064869451 | BS64: =BA65 -> 39.339922 | BT64: =BB66 -> 44.402908 | BU64: =BC67 -> 85.384107 | BV64: =BD68 -> 2.8693986 | BW64: =BE69 -> 0.017579578 | BX64: =BY64*EXP(J$4)+BN64+BS64/Ssum -> 608.10063 | BY64: =BZ64*EXP(K$4)+BO64+BT64/Ssum -> 392.9988 | BZ64: =CA64*EXP(L$4)+BP64+BU64/Ssum -> 183.54168 | CA64: =CB64*EXP(M$4)+BQ64+BV64/Ssum -> 5.9001538 | CB64: =BR64+BW64/Ssum -> 0.035786242 | CC64: =BX64/AU64 -> 0.060810063
A65: 1 | B65: 0 | C65: 0 | G65: 2030 | H65: =SUMPRODUCT(J$7:N$7,Z65:AD65) -> 10045006 | I65: =IF(LHT=1,H64*EXP(-Q64),H63*EXP(-Q63)) -> 369282.97 | J65: =I64*EXP(-R64-I$5*$Y64)*(1-I$6) -> 25843.855 | K65: =J64*EXP(-S64-J$5*$Y64)*(1-J$6) -> 16503.022 | L65: =K64*EXP(-T64-K$5*$Y64)*(1-K$6) -> 7466.8833 | M65: =L64*EXP(-U64-L$5*$Y64)*(1-L$6) -> 244.75809 | N65: =M64*EXP(-V64-M$5*$Y64)*(1-M$6) -> 2.2446192 | O65: =O64 -> 1.8781091 | P65: =O65-1 -> 0.87810915 | Q65: =MeMin+Mden*H65+P65 -> 3.5708971 | R65: =I$4+Mseal*AN65/40+Mhatch*AO65/30+Mtemp*(AP65-14.5) -> 2.8 | S65: =J$4 -> 0.3 | T65: =K$4+MSSLNRKWq*AQ65 -> 0.3 | U65: =L$4+MSSLNRKWq*AQ65 -> 0.3 | V65: =M$4 -> 0.3 | W65: =N$4 -> 0.3 | X65: =Q65+R66+S67+T68+U69+V70 -> 7.5708971 | Y65: =Ffuture -> 0.2 | Z65: =Ssum*J65*EXP(-J$5*$Y65)*J$6 -> 1671.9194 | AA65: =Ssum*K65*EXP(-K$5*$Y65)*K$6 -> 1864.5913 | AB65: =Ssum*L65*EXP(-L$5*$Y65)*L$6 -> 3473.6151 | AC65: =Ssum*M65*EXP(-M$5*$Y65)*M$6 -> 119.03224 | AD65: =Ssum*N65*EXP(-N$5*$Y65)*N$6 -> 1.1026433 | AE65: =(1-EXP(-J$5*$Y65))*J65 -> 511.74262 | AF65: =(1-EXP(-K$5*$Y65))*K65 -> 2991.4903 | AG65: =(1-EXP(-L$5*$Y65))*L65 -> 1353.5163 | AH65: =(1-EXP(-M$5*$Y65))*M65 -> 44.367115 | AI65: =(1-EXP(-N$5*$Y65))*N65 -> 0.40688043 | AJ65: =G65 -> 2030 | AK65: =SUM(AE65:AI65) -> 4901.5232 | AL65: =SUM(Z65:AD65) -> 7130.2608 | AM65: =AK65/(AK65+AL65) -> 0.40738125 | AN65: =AN64 -> 36.834119 | AO65: 12 | AP65: =AP64 -> 15.415 | AQ65: =AQ64 -> 1 | AR65: =CHOOSE(stockcode,Esc!F80,Esc!G80,Esc!H80,Esc!I80,Esc!J80,Esc!K80,Esc!L80,Esc!M80,Esc!N79,Esc!O79,Esc!P79) -> 0 | AS65: 0 | AT65: =AJ65 -> 2030 | AU65: 10000 | AV65: =AU64*J65/I64 -> 608.10063 | AW65: =AV64*K65/J64 -> 392.9988 | AX65: =AW64*L65/K64 -> 183.54168 | AY65: =AX64*M65/L64 -> 5.9001538 | AZ65: =AY64*N65/M64 -> 0.035786242 | BA65: =AV65*Z65/J65 -> 39.339922 | BB65: =AW65*AA65/K65 -> 44.402908 | BC65: =AX65*AB65/L65 -> 85.384107 | BD65: =AY65*AC65/M65 -> 2.8693986 | BE65: =AZ65*AD65/N65 -> 0.017579578 | BF65: =AV65*AE65/J65 -> 12.041199 | BG65: =AW65*AF65/K65 -> 71.238596 | BH65: =AX65*AG65/L65 -> 33.270462 | BI65: =AY65*AH65/M65 -> 1.0695164 | BJ65: =AZ65*AI65/N65 -> 0.0064869451 | BK65: =AT65-2 -> 2028 | BL65: =(AE65+AF66+AG67+AH68+AI69)/(AE65+AF66+AG67+AH68+AI69+Z65+AA66+AB67+AC68+AD69) -> 0.40611169 | BM65: =AT65 -> 2030 | BN65: =BF66 -> 12.041199 | BO65: =BG67 -> 71.238596 | BP65: =BH68 -> 33.270462 | BQ65: =BI69 -> 1.0695164 | BR65: =BJ70 -> 0.0064869451 | BS65: =BA66 -> 39.339922 | BT65: =BB67 -> 44.402908 | BU65: =BC68 -> 85.384107 | BV65: =BD69 -> 2.8693986 | BW65: =BE70 -> 0.017579578 | BX65: =BY65*EXP(J$4)+BN65+BS65/Ssum -> 608.10063 | BY65: =BZ65*EXP(K$4)+BO65+BT65/Ssum -> 392.9988 | BZ65: =CA65*EXP(L$4)+BP65+BU65/Ssum -> 183.54168 | CA65: =CB65*EXP(M$4)+BQ65+BV65/Ssum -> 5.9001538 | CB65: =BR65+BW65/Ssum -> 0.035786242 | CC65: =BX65/AU65 -> 0.060810063
A66: 1.1 | B66: 0 | C66: 0 | G66: 2031 | H66: =SUMPRODUCT(J$7:N$7,Z66:AD66) -> 10295654 | I66: =IF(LHT=1,H65*EXP(-Q65),H64*EXP(-Q64)) -> 287324.77 | J66: =I65*EXP(-R65-I$5*$Y65)*(1-I$6) -> 22456.121 | K66: =J65*EXP(-S65-J$5*$Y65)*(1-J$6) -> 16702.176 | L66: =K65*EXP(-T65-K$5*$Y65)*(1-K$6) -> 7707.3833 | M66: =L65*EXP(-U65-L$5*$Y65)*(1-L$6) -> 240.03136 | N66: =M65*EXP(-V65-M$5*$Y65)*(1-M$6) -> 1.4845329 | O66: =O65 -> 1.8781091 | P66: =O66-1 -> 0.87810915 | Q66: =MeMin+Mden*H66+P66 -> 3.5749417 | R66: =I$4+Mseal*AN66/40+Mhatch*AO66/30+Mtemp*(AP66-14.5) -> 2.8 | S66: =J$4 -> 0.3 | T66: =K$4+MSSLNRKWq*AQ66 -> 0.3 | U66: =L$4+MSSLNRKWq*AQ66 -> 0.3 | V66: =M$4 -> 0.3 | W66: =N$4 -> 0.3 | X66: =Q66+R67+S68+T69+U70+V71 -> 7.5749417 | Y66: =Ffuture -> 0.2 | Z66: =Ssum*J66*EXP(-J$5*$Y66)*J$6 -> 1452.7563 | AA66: =Ssum*K66*EXP(-K$5*$Y66)*K$6 -> 1887.0928 | AB66: =Ssum*L66*EXP(-L$5*$Y66)*L$6 -> 3585.4964 | AC66: =Ssum*M66*EXP(-M$5*$Y66)*M$6 -> 116.73351 | AD66: =Ssum*N66*EXP(-N$5*$Y66)*N$6 -> 0.72925963 | AE66: =(1-EXP(-J$5*$Y66))*J66 -> 444.66098 | AF66: =(1-EXP(-K$5*$Y66))*K66 -> 3027.591 | AG66: =(1-EXP(-L$5*$Y66))*L66 -> 1397.1116 | AH66: =(1-EXP(-M$5*$Y66))*M66 -> 43.510305 | AI66: =(1-EXP(-N$5*$Y66))*N66 -> 0.26910015 | AJ66: =G66 -> 2031 | AK66: =SUM(AE66:AI66) -> 4913.1429 | AL66: =SUM(Z66:AD66) -> 7042.8083 | AM66: =AK66/(AK66+AL66) -> 0.41093702 | AN66: =AN65 -> 36.834119 | AO66: 12 | AP66: =AP65 -> 15.415 | AQ66: =AQ65 -> 1 | AR66: =CHOOSE(stockcode,Esc!F81,Esc!G81,Esc!H81,Esc!I81,Esc!J81,Esc!K81,Esc!L81,Esc!M81,Esc!N80,Esc!O80,Esc!P80) -> 0 | AS66: 0 | AT66: =AJ66 -> 2031 | AU66: 10000 | AV66: =AU65*J66/I65 -> 608.10063 | AW66: =AV65*K66/J65 -> 392.9988 | AX66: =AW65*L66/K65 -> 183.54168 | AY66: =AX65*M66/L65 -> 5.9001538 | AZ66: =AY65*N66/M65 -> 0.035786242 | BA66: =AV66*Z66/J66 -> 39.339922 | BB66: =AW66*AA66/K66 -> 44.402908 | BC66: =AX66*AB66/L66 -> 85.384107 | BD66: =AY66*AC66/M66 -> 2.8693986 | BE66: =AZ66*AD66/N66 -> 0.017579578 | BF66: =AV66*AE66/J66 -> 12.041199 | BG66: =AW66*AF66/K66 -> 71.238596 | BH66: =AX66*AG66/L66 -> 33.270462 | BI66: =AY66*AH66/M66 -> 1.0695164 | BJ66: =AZ66*AI66/N66 -> 0.0064869451 | BK66: =AT66-2 -> 2029 | BL66: =(AE66+AF67+AG68+AH69+AI70)/(AE66+AF67+AG68+AH69+AI70+Z66+AA67+AB68+AC69+AD70) -> 0.40611169 | BM66: =AT66 -> 2031 | BN66: =BF67 -> 12.041199 | BO66: =BG68 -> 71.238596 | BP66: =BH69 -> 33.270462 | BQ66: =BI70 -> 1.0695164 | BR66: =BJ71 -> 0.0064869451 | BS66: =BA67 -> 39.339922 | BT66: =BB68 -> 44.402908 | BU66: =BC69 -> 85.384107 | BV66: =BD70 -> 2.8693986 | BW66: =BE71 -> 0.017579578 | BX66: =BY66*EXP(J$4)+BN66+BS66/Ssum -> 608.10063 | BY66: =BZ66*EXP(K$4)+BO66+BT66/Ssum -> 392.9988 | BZ66: =CA66*EXP(L$4)+BP66+BU66/Ssum -> 183.54168 | CA66: =CB66*EXP(M$4)+BQ66+BV66/Ssum -> 5.9001538 | CB66: =BR66+BW66/Ssum -> 0.035786242 | CC66: =BX66/AU66 -> 0.060810063
A67: 1.2 | B67: 0 | C67: 0 | G67: 2032 | H67: =SUMPRODUCT(J$7:N$7,Z67:AD67) -> 10020495 | I67: =IF(LHT=1,H66*EXP(-Q66),H65*EXP(-Q65)) -> 282572.09 | J67: =I66*EXP(-R66-I$5*$Y66)*(1-I$6) -> 17472.237 | K67: =J66*EXP(-S66-J$5*$Y66)*(1-J$6) -> 14512.776 | L67: =K66*EXP(-T66-K$5*$Y66)*(1-K$6) -> 7800.3942 | M67: =L66*EXP(-U66-L$5*$Y66)*(1-L$6) -> 247.76251 | N67: =M66*EXP(-V66-M$5*$Y66)*(1-M$6) -> 1.4558638 | O67: =O66 -> 1.8781091 | P67: =O67-1 -> 0.87810915 | Q67: =MeMin+Mden*H67+P67 -> 3.5705016 | R67: =I$4+Mseal*AN67/40+Mhatch*AO67/30+Mtemp*(AP67-14.5) -> 2.8 | S67: =J$4 -> 0.3 | T67: =K$4+MSSLNRKWq*AQ67 -> 0.3 | U67: =L$4+MSSLNRKWq*AQ67 -> 0.3 | V67: =M$4 -> 0.3 | W67: =N$4 -> 0.3 | X67: =Q67+R68+S69+T70+U71+V72 -> 7.5705016 | Y67: =Ffuture -> 0.2 | Z67: =Ssum*J67*EXP(-J$5*$Y67)*J$6 -> 1130.3334 | AA67: =Ssum*K67*EXP(-K$5*$Y67)*K$6 -> 1639.7238 | AB67: =Ssum*L67*EXP(-L$5*$Y67)*L$6 -> 3628.7653 | AC67: =Ssum*M67*EXP(-M$5*$Y67)*M$6 -> 120.49336 | AD67: =Ssum*N67*EXP(-N$5*$Y67)*N$6 -> 0.71517629 | AE67: =(1-EXP(-J$5*$Y67))*J67 -> 345.97348 | AF67: =(1-EXP(-K$5*$Y67))*K67 -> 2630.7201 | AG67: =(1-EXP(-L$5*$Y67))*L67 -> 1413.9716 | AH67: =(1-EXP(-M$5*$Y67))*M67 -> 44.911723 | AI67: =(1-EXP(-N$5*$Y67))*N67 -> 0.26390334 | AJ67: =G67 -> 2032 | AK67: =SUM(AE67:AI67) -> 4435.8408 | AL67: =SUM(Z67:AD67) -> 6520.0311 | AM67: =AK67/(AK67+AL67) -> 0.4048825 | AN67: =AN66 -> 36.834119 | AO67: 13 | AP67: =AP66 -> 15.415 | AQ67: =AQ66 -> 1 | AR67: =CHOOSE(stockcode,Esc!F82,Esc!G82,Esc!H82,Esc!I82,Esc!J82,Esc!K82,Esc!L82,Esc!M82,Esc!N81,Esc!O81,Esc!P81) -> 0 | AS67: 0 | AT67: =AJ67 -> 2032 | AU67: 10001 | AV67: =AU66*J67/I66 -> 608.10063 | AW67: =AV66*K67/J66 -> 392.9988 | AX67: =AW66*L67/K66 -> 183.54168 | AY67: =AX66*M67/L66 -> 5.9001538 | AZ67: =AY66*N67/M66 -> 0.035786242 | BA67: =AV67*Z67/J67 -> 39.339922 | BB67: =AW67*AA67/K67 -> 44.402908 | BC67: =AX67*AB67/L67 -> 85.384107 | BD67: =AY67*AC67/M67 -> 2.8693986 | BE67: =AZ67*AD67/N67 -> 0.017579578 | BF67: =AV67*AE67/J67 -> 12.041199 | BG67: =AW67*AF67/K67 -> 71.238596 | BH67: =AX67*AG67/L67 -> 33.270462 | BI67: =AY67*AH67/M67 -> 1.0695164 | BJ67: =AZ67*AI67/N67 -> 0.0064869451 | BK67: =AT67-2 -> 2030 | BL67: =(AE67+AF68+AG69+AH70+AI71)/(AE67+AF68+AG69+AH70+AI71+Z67+AA68+AB69+AC70+AD71) -> 0.40611169 | BM67: =AT67 -> 2032 | BN67: =BF68 -> 12.042403 | BO67: =BG69 -> 71.24572 | BP67: =BH70 -> 33.27379 | BQ67: =BI71 -> 1.0696234 | BR67: =BJ72 -> 0.0064875938 | BS67: =BA68 -> 39.343856 | BT67: =BB69 -> 44.407348 | BU67: =BC70 -> 85.392645 | BV67: =BD71 -> 2.8696856 | BW67: =BE72 -> 0.017581336 | BX67: =BY67*EXP(J$4)+BN67+BS67/Ssum -> 608.16144 | BY67: =BZ67*EXP(K$4)+BO67+BT67/Ssum -> 393.0381 | BZ67: =CA67*EXP(L$4)+BP67+BU67/Ssum -> 183.56004 | CA67: =CB67*EXP(M$4)+BQ67+BV67/Ssum -> 5.9007439 | CB67: =BR67+BW67/Ssum -> 0.035789821 | CC67: =BX67/AU67 -> 0.060810063
A68: 1.3 | B68: 0 | C68: 0 | G68: 2033 | H68: =SUMPRODUCT(J$7:N$7,Z68:AD68) -> 8526970.9 | I68: =IF(LHT=1,H67*EXP(-Q67),H66*EXP(-Q66)) -> 288453.94 | J68: =I67*EXP(-R67-I$5*$Y67)*(1-I$6) -> 17183.227 | K68: =J67*EXP(-S67-J$5*$Y67)*(1-J$6) -> 11291.829 | L68: =K67*EXP(-T67-K$5*$Y67)*(1-K$6) -> 6777.8818 | M68: =L67*EXP(-U67-L$5*$Y67)*(1-L$6) -> 250.75245 | N68: =M67*EXP(-V67-M$5*$Y67)*(1-M$6) -> 1.5027556 | O68: =O67 -> 1.8781091 | P68: =O68-1 -> 0.87810915 | Q68: =MeMin+Mden*H68+P68 -> 3.5464017 | R68: =I$4+Mseal*AN68/40+Mhatch*AO68/30+Mtemp*(AP68-14.5) -> 2.8 | S68: =J$4 -> 0.3 | T68: =K$4+MSSLNRKWq*AQ68 -> 0.3 | U68: =L$4+MSSLNRKWq*AQ68 -> 0.3 | V68: =M$4 -> 0.3 | W68: =N$4 -> 0.3 | X68: =Q68+R69+S70+T71+U72+V73 -> 7.5464017 | Y68: =Ffuture -> 0.2 | Z68: =Ssum*J68*EXP(-J$5*$Y68)*J$6 -> 1111.6364 | AA68: =Ssum*K68*EXP(-K$5*$Y68)*K$6 -> 1275.8055 | AB68: =Ssum*L68*EXP(-L$5*$Y68)*L$6 -> 3153.0897 | AC68: =Ssum*M68*EXP(-M$5*$Y68)*M$6 -> 121.94745 | AD68: =Ssum*N68*EXP(-N$5*$Y68)*N$6 -> 0.73821131 | AE68: =(1-EXP(-J$5*$Y68))*J68 -> 340.25068 | AF68: =(1-EXP(-K$5*$Y68))*K68 -> 2046.8613 | AG68: =(1-EXP(-L$5*$Y68))*L68 -> 1228.6215 | AH68: =(1-EXP(-M$5*$Y68))*M68 -> 45.453707 | AI68: =(1-EXP(-N$5*$Y68))*N68 -> 0.27240337 | AJ68: =G68 -> 2033 | AK68: =SUM(AE68:AI68) -> 3661.4597 | AL68: =SUM(Z68:AD68) -> 5663.2173 | AM68: =AK68/(AK68+AL68) -> 0.39266343 | AN68: =AN67 -> 36.834119 | AO68: 14 | AP68: =AP67 -> 15.415 | AQ68: =AQ67 -> 1 | AR68: =CHOOSE(stockcode,Esc!F83,Esc!G83,Esc!H83,Esc!I83,Esc!J83,Esc!K83,Esc!L83,Esc!M83,Esc!N82,Esc!O82,Esc!P82) -> 0 | AS68: 0 | AT68: =AJ68 -> 2033 | AU68: 10002 | AV68: =AU67*J68/I67 -> 608.16144 | AW68: =AV67*K68/J67 -> 392.9988 | AX68: =AW67*L68/K67 -> 183.54168 | AY68: =AX67*M68/L67 -> 5.9001538 | AZ68: =AY67*N68/M67 -> 0.035786242 | BA68: =AV68*Z68/J68 -> 39.343856 | BB68: =AW68*AA68/K68 -> 44.402908 | BC68: =AX68*AB68/L68 -> 85.384107 | BD68: =AY68*AC68/M68 -> 2.8693986 | BE68: =AZ68*AD68/N68 -> 0.017579578 | BF68: =AV68*AE68/J68 -> 12.042403 | BG68: =AW68*AF68/K68 -> 71.238596 | BH68: =AX68*AG68/L68 -> 33.270462 | BI68: =AY68*AH68/M68 -> 1.0695164 | BJ68: =AZ68*AI68/N68 -> 0.0064869451 | BK68: =AT68-2 -> 2031 | BL68: =(AE68+AF69+AG70+AH71+AI72)/(AE68+AF69+AG70+AH71+AI72+Z68+AA69+AB70+AC71+AD72) -> 0.40611169 | BM68: =AT68 -> 2033 | BN68: =BF69 -> 12.043607 | BO68: =BG70 -> 71.252844 | BP68: =BH71 -> 33.277117 | BQ68: =BI72 -> 1.0697303 | BR68: =BJ73 -> 0.0064882425 | BS68: =BA69 -> 39.34779 | BT68: =BB70 -> 44.411789 | BU68: =BC71 -> 85.401184 | BV68: =BD72 -> 2.8699725 | BW68: =BE73 -> 0.017583094 | BX68: =BY68*EXP(J$4)+BN68+BS68/Ssum -> 608.22225 | BY68: =BZ68*EXP(K$4)+BO68+BT68/Ssum -> 393.0774 | BZ68: =CA68*EXP(L$4)+BP68+BU68/Ssum -> 183.57839 | CA68: =CB68*EXP(M$4)+BQ68+BV68/Ssum -> 5.9013339 | CB68: =BR68+BW68/Ssum -> 0.035793399 | CC68: =BX68/AU68 -> 0.060810063
A69: 1.4 | B69: 0 | C69: 0 | G69: 2034 | H69: =SUMPRODUCT(J$7:N$7,Z69:AD69) -> 7055793.6 | I69: =IF(LHT=1,H68*EXP(-Q68),H67*EXP(-Q67)) -> 281994.11 | J69: =I68*EXP(-R68-I$5*$Y68)*(1-I$6) -> 17540.902 | K69: =J68*EXP(-S68-J$5*$Y68)*(1-J$6) -> 11105.049 | L69: =K68*EXP(-T68-K$5*$Y68)*(1-K$6) -> 5273.6072 | M69: =L68*EXP(-U68-L$5*$Y68)*(1-L$6) -> 217.88264 | N69: =M68*EXP(-V68-M$5*$Y68)*(1-M$6) -> 1.5208905 | O69: =O68 -> 1.8781091 | P69: =O69-1 -> 0.87810915 | Q69: =MeMin+Mden*H69+P69 -> 3.5226624 | R69: =I$4+Mseal*AN69/40+Mhatch*AO69/30+Mtemp*(AP69-14.5) -> 2.8 | S69: =J$4 -> 0.3 | T69: =K$4+MSSLNRKWq*AQ69 -> 0.3 | U69: =L$4+MSSLNRKWq*AQ69 -> 0.3 | V69: =M$4 -> 0.3 | W69: =N$4 -> 0.3 | X69: =Q69+R70+S71+T72+U73+V74 -> 7.5226624 | Y69: =Ffuture -> 0.2 | Z69: =Ssum*J69*EXP(-J$5*$Y69)*J$6 -> 1134.7756 | AA69: =Ssum*K69*EXP(-K$5*$Y69)*K$6 -> 1254.7023 | AB69: =Ssum*L69*EXP(-L$5*$Y69)*L$6 -> 2453.2969 | AC69: =Ssum*M69*EXP(-M$5*$Y69)*M$6 -> 105.96201 | AD69: =Ssum*N69*EXP(-N$5*$Y69)*N$6 -> 0.74711988 | AE69: =(1-EXP(-J$5*$Y69))*J69 -> 347.33314 | AF69: =(1-EXP(-K$5*$Y69))*K69 -> 2013.0039 | AG69: =(1-EXP(-L$5*$Y69))*L69 -> 955.94281 | AH69: =(1-EXP(-M$5*$Y69))*M69 -> 39.495421 | AI69: =(1-EXP(-N$5*$Y69))*N69 -> 0.27569067 | AJ69: =G69 -> 2034 | AK69: =SUM(AE69:AI69) -> 3356.051 | AL69: =SUM(Z69:AD69) -> 4949.4839 | AM69: =AK69/(AK69+AL69) -> 0.40407403 | AN69: =AN68 -> 36.834119 | AO69: 15 | AP69: =AP68 -> 15.415 | AQ69: =AQ68 -> 1 | AR69: =CHOOSE(stockcode,Esc!F84,Esc!G84,Esc!H84,Esc!I84,Esc!J84,Esc!K84,Esc!L84,Esc!M84,Esc!N83,Esc!O83,Esc!P83) -> 0 | AS69: 0 | AT69: =AJ69 -> 2034 | AU69: 10003 | AV69: =AU68*J69/I68 -> 608.22225 | AW69: =AV68*K69/J68 -> 393.0381 | AX69: =AW68*L69/K68 -> 183.54168 | AY69: =AX68*M69/L68 -> 5.9001538 | AZ69: =AY68*N69/M68 -> 0.035786242 | BA69: =AV69*Z69/J69 -> 39.34779 | BB69: =AW69*AA69/K69 -> 44.407348 | BC69: =AX69*AB69/L69 -> 85.384107 | BD69: =AY69*AC69/M69 -> 2.8693986 | BE69: =AZ69*AD69/N69 -> 0.017579578 | BF69: =AV69*AE69/J69 -> 12.043607 | BG69: =AW69*AF69/K69 -> 71.24572 | BH69: =AX69*AG69/L69 -> 33.270462 | BI69: =AY69*AH69/M69 -> 1.0695164 | BJ69: =AZ69*AI69/N69 -> 0.0064869451 | BK69: =AT69-2 -> 2032 | BL69: =(AE69+AF70+AG71+AH72+AI73)/(AE69+AF70+AG71+AH72+AI73+Z69+AA70+AB71+AC72+AD73) -> 0.40611169 | BM69: =AT69 -> 2034 | BN69: =BF70 -> 12.044812 | BO69: =BG71 -> 71.259968 | BP69: =BH72 -> 33.280444 | BQ69: =BI73 -> 1.0698373 | BR69: =BJ74 -> 0.0064888912 | BS69: =BA70 -> 39.351724 | BT69: =BB71 -> 44.416229 | BU69: =BC72 -> 85.409722 | BV69: =BD73 -> 2.8702594 | BW69: =BE74 -> 0.017584852 | BX69: =BY69*EXP(J$4)+BN69+BS69/Ssum -> 608.28306 | BY69: =BZ69*EXP(K$4)+BO69+BT69/Ssum -> 393.1167 | BZ69: =CA69*EXP(L$4)+BP69+BU69/Ssum -> 183.59674 | CA69: =CB69*EXP(M$4)+BQ69+BV69/Ssum -> 5.9019239 | CB69: =BR69+BW69/Ssum -> 0.035796978 | CC69: =BX69/AU69 -> 0.060810063
A70: 1.5 | B70: 0 | C70: 0 | G70: 2035 | H70: =SUMPRODUCT(J$7:N$7,Z70:AD70) -> 6954722.1 | I70: =IF(LHT=1,H69*EXP(-Q69),H68*EXP(-Q68)) -> 245817.1 | J70: =I69*EXP(-R69-I$5*$Y69)*(1-I$6) -> 17148.079 | K70: =J69*EXP(-S69-J$5*$Y69)*(1-J$6) -> 11336.205 | L70: =K69*EXP(-T69-K$5*$Y69)*(1-K$6) -> 5186.3757 | M70: =L69*EXP(-U69-L$5*$Y69)*(1-L$6) -> 169.52604 | N70: =M69*EXP(-V69-M$5*$Y69)*(1-M$6) -> 1.321525 | O70: =O69 -> 1.8781091 | P70: =O70-1 -> 0.87810915 | Q70: =MeMin+Mden*H70+P70 -> 3.5210315 | R70: =I$4+Mseal*AN70/40+Mhatch*AO70/30+Mtemp*(AP70-14.5) -> 2.8 | S70: =J$4 -> 0.3 | T70: =K$4+MSSLNRKWq*AQ70 -> 0.3 | U70: =L$4+MSSLNRKWq*AQ70 -> 0.3 | V70: =M$4 -> 0.3 | W70: =N$4 -> 0.3 | X70: =Q70+R71+S72+T73+U74+V75 -> 7.5210315 | Y70: =Ffuture -> 0.2 | Z70: =Ssum*J70*EXP(-J$5*$Y70)*J$6 -> 1109.3626 | AA70: =Ssum*K70*EXP(-K$5*$Y70)*K$6 -> 1280.8194 | AB70: =Ssum*L70*EXP(-L$5*$Y70)*L$6 -> 2412.7166 | AC70: =Ssum*M70*EXP(-M$5*$Y70)*M$6 -> 82.44493 | AD70: =Ssum*N70*EXP(-N$5*$Y70)*N$6 -> 0.64918389 | AE70: =(1-EXP(-J$5*$Y70))*J70 -> 339.55472 | AF70: =(1-EXP(-K$5*$Y70))*K70 -> 2054.9054 | AG70: =(1-EXP(-L$5*$Y70))*L70 -> 940.13042 | AH70: =(1-EXP(-M$5*$Y70))*M70 -> 30.729857 | AI70: =(1-EXP(-N$5*$Y70))*N70 -> 0.23955184 | AJ70: =G70 -> 2035 | AK70: =SUM(AE70:AI70) -> 3365.5599 | AL70: =SUM(Z70:AD70) -> 4885.9927 | AM70: =AK70/(AK70+AL70) -> 0.4078699 | AN70: =AN69 -> 36.834119 | AO70: 16 | AP70: =AP69 -> 15.415 | AQ70: =AQ69 -> 1 | AR70: =CHOOSE(stockcode,Esc!F85,Esc!G85,Esc!H85,Esc!I85,Esc!J85,Esc!K85,Esc!L85,Esc!M85,Esc!N84,Esc!O84,Esc!P84) -> 0 | AS70: 0 | AT70: =AJ70 -> 2035 | AU70: 10004 | AV70: =AU69*J70/I69 -> 608.28306 | AW70: =AV69*K70/J69 -> 393.0774 | AX70: =AW69*L70/K69 -> 183.56004 | AY70: =AX69*M70/L69 -> 5.9001538 | AZ70: =AY69*N70/M69 -> 0.035786242 | BA70: =AV70*Z70/J70 -> 39.351724 | BB70: =AW70*AA70/K70 -> 44.411789 | BC70: =AX70*AB70/L70 -> 85.392645 | BD70: =AY70*AC70/M70 -> 2.8693986 | BE70: =AZ70*AD70/N70 -> 0.017579578 | BF70: =AV70*AE70/J70 -> 12.044812 | BG70: =AW70*AF70/K70 -> 71.252844 | BH70: =AX70*AG70/L70 -> 33.27379 | BI70: =AY70*AH70/M70 -> 1.0695164 | BJ70: =AZ70*AI70/N70 -> 0.0064869451 | BK70: =AT70-2 -> 2033 | BL70: =(AE70+AF71+AG72+AH73+AI74)/(AE70+AF71+AG72+AH73+AI74+Z70+AA71+AB72+AC73+AD74) -> 0.40611169 | BM70: =AT70 -> 2035 | BN70: =BF71 -> 12.046016 | BO70: =BG72 -> 71.267092 | BP70: =BH73 -> 33.283771 | BQ70: =BI74 -> 1.0699443 | BR70: =BJ75 -> 0.0064895399 | BS70: =BA71 -> 39.355658 | BT70: =BB72 -> 44.420669 | BU70: =BC73 -> 85.418261 | BV70: =BD74 -> 2.8705464 | BW70: =BE75 -> 0.01758661 | BX70: =BY70*EXP(J$4)+BN70+BS70/Ssum -> 608.34387 | BY70: =BZ70*EXP(K$4)+BO70+BT70/Ssum -> 393.156 | BZ70: =CA70*EXP(L$4)+BP70+BU70/Ssum -> 183.6151 | CA70: =CB70*EXP(M$4)+BQ70+BV70/Ssum -> 5.9025139 | CB70: =BR70+BW70/Ssum -> 0.035800557 | CC70: =BX70/AU70 -> 0.060810063
... A75: 2 | B75: 0 | C75: 0 | G75: 2040 | H75: =SUMPRODUCT(J$7:N$7,Z75:AD75) -> 5041489 | I75: =IF(LHT=1,H74*EXP(-Q74),H73*EXP(-Q73)) -> 174422.12 | J75: =I74*EXP(-R74-I$5*$Y74)*(1-I$6) -> 12034.326 | K75: =J74*EXP(-S74-J$5*$Y74)*(1-J$6) -> 8136.9906 | L75: =K74*EXP(-T74-K$5*$Y74)*(1-K$6) -> 3774.4176 | M75: =L74*EXP(-U74-L$5*$Y74)*(1-L$6) -> 122.89561 | N75: =M74*EXP(-V74-M$5*$Y74)*(1-M$6) -> 0.87968701 | O75: =O74 -> 1.8781091 | P75: =O75-1 -> 0.87810915 | Q75: =MeMin+Mden*H75+P75 -> 3.490159 | R75: =I$4+Mseal*AN75/40+Mhatch*AO75/30+Mtemp*(AP75-14.5) -> 2.8 | S75: =J$4 -> 0.3 | T75: =K$4+MSSLNRKWq*AQ75 -> 0.3 | U75: =L$4+MSSLNRKWq*AQ75 -> 0.3 | V75: =M$4 -> 0.3 | W75: =N$4 -> 0.3 | X75: =Q75+R76+S77+T78+U79+V80 -> 7.190159 | Y75: =Ffuture -> 0.2 | Z75: =Ssum*J75*EXP(-J$5*$Y75)*J$6 -> 778.53803 | AA75: =Ssum*K75*EXP(-K$5*$Y75)*K$6 -> 919.35661 | AB75: =Ssum*L75*EXP(-L$5*$Y75)*L$6 -> 1755.8697 | AC75: =Ssum*M75*EXP(-M$5*$Y75)*M$6 -> 59.767337 | AD75: =Ssum*N75*EXP(-N$5*$Y75)*N$6 -> 0.43213609 | AE75: =(1-EXP(-J$5*$Y75))*J75 -> 238.29563 | AF75: =(1-EXP(-K$5*$Y75))*K75 -> 1474.9862 | AG75: =(1-EXP(-L$5*$Y75))*L75 -> 684.18583 | AH75: =(1-EXP(-M$5*$Y75))*M75 -> 22.277194 | AI75: =(1-EXP(-N$5*$Y75))*N75 -> 0.1594602 | AJ75: =G75 -> 2040 | AK75: =SUM(AE75:AI75) -> 2419.9043 | AL75: =SUM(Z75:AD75) -> 3513.9638 | AM75: =AK75/(AK75+AL75) -> 0.40781228 | AN75: =AN74 -> 36.834119 | AO75: 21 | AP75: =AP74 -> 15.415 | AQ75: =AQ74 -> 1 | AR75: =CHOOSE(stockcode,Esc!F90,Esc!G90,Esc!H90,Esc!I90,Esc!J90,Esc!K90,Esc!L90,Esc!M90,Esc!N89,Esc!O89,Esc!P89) -> 0 | AS75: 0 | AT75: =AJ75 -> 2040 | AU75: 10009 | AV75: =AU74*J75/I74 -> 608.58711 | AW75: =AV74*K75/J74 -> 393.2739 | AX75: =AW74*L75/K74 -> 183.65181 | AY75: =AX74*M75/L74 -> 5.9031039 | AZ75: =AY74*N75/M74 -> 0.035800557 | BA75: =AV75*Z75/J75 -> 39.371394 | BB75: =AW75*AA75/K75 -> 44.43399 | BC75: =AX75*AB75/L75 -> 85.435337 | BD75: =AY75*AC75/M75 -> 2.8708333 | BE75: =AZ75*AD75/N75 -> 0.01758661 | BF75: =AV75*AE75/J75 -> 12.050832 | BG75: =AW75*AF75/K75 -> 71.288463 | BH75: =AX75*AG75/L75 -> 33.290425 | BI75: =AY75*AH75/M75 -> 1.0700512 | BJ75: =AZ75*AI75/N75 -> 0.0064895399 | BK75: =AT75-2 -> 2038 | BL75: =(AE75+AF76+AG77+AH78+AI79)/(AE75+AF76+AG77+AH78+AI79+Z75+AA76+AB77+AC78+AD79) -> 0.40611169 | BM75: =AT75 -> 2040 | BN75: =BF76 -> 12.052036 | BO75: =BG77 -> 71.302711 | BP75: =BH78 -> 33.300406 | BQ75: =BI79 -> 1.070479 | BR75: =BJ80 -> 0 | BS75: =BA76 -> 39.375328 | BT75: =BB77 -> 44.442871 | BU75: =BC78 -> 85.460953 | BV75: =BD79 -> 2.8719811 | BW75: =BE80 -> 0 | BX75: =BY75*EXP(J$4)+BN75+BS75/Ssum -> 608.529 | BY75: =BZ75*EXP(K$4)+BO75+BT75/Ssum -> 393.2644 | BZ75: =CA75*EXP(L$4)+BP75+BU75/Ssum -> 183.6416 | CA75: =CB75*EXP(M$4)+BQ75+BV75/Ssum -> 5.8571141 | CB75: =BR75+BW75/Ssum -> 0 | CC75: =BX75/AU75 -> 0.060798181
G76: 2041 | H76: =SUMPRODUCT(J$7:N$7,Z76:AD76) -> 5002453.2 | I76: =IF(LHT=1,H75*EXP(-Q75),H74*EXP(-Q74)) -> 155507.88 | J76: =I75*EXP(-R75-I$5*$Y75)*(1-I$6) -> 10606.62 | K76: =J75*EXP(-S75-J$5*$Y75)*(1-J$6) -> 7777.4559 | L76: =K75*EXP(-T75-K$5*$Y75)*(1-K$6) -> 3800.2074 | M76: =L75*EXP(-U75-L$5*$Y75)*(1-L$6) -> 121.3329 | N76: =M75*EXP(-V75-M$5*$Y75)*(1-M$6) -> 0.74539954 | O76: =O75 -> 1.8781091 | P76: =O76-1 -> 0.87810915 | Q76: =MeMin+Mden*H76+P76 -> 3.4895291 | R76: =I$4+Mseal*AN76/40+Mhatch*AO76/30+Mtemp*(AP76-14.5) -> 2.8 | S76: =J$4 -> 0.3 | T76: =K$4+MSSLNRKWq*AQ76 -> 0.3 | U76: =L$4+MSSLNRKWq*AQ76 -> 0.3 | V76: =M$4 -> 0.3 | W76: =N$4 -> 0.3 | X76: =Q76+R77+S78+T79+U80+V81 -> 6.8895291 | Y76: =Ffuture -> 0.2 | Z76: =Ssum*J76*EXP(-J$5*$Y76)*J$6 -> 686.17524 | AA76: =Ssum*K76*EXP(-K$5*$Y76)*K$6 -> 878.73465 | AB76: =Ssum*L76*EXP(-L$5*$Y76)*L$6 -> 1767.8672 | AC76: =Ssum*M76*EXP(-M$5*$Y76)*M$6 -> 59.007351 | AD76: =Ssum*N76*EXP(-N$5*$Y76)*N$6 -> 0.36616892 | AE76: =(1-EXP(-J$5*$Y76))*J76 -> 210.02514 | AF76: =(1-EXP(-K$5*$Y76))*K76 -> 1409.8136 | AG76: =(1-EXP(-L$5*$Y76))*L76 -> 688.86073 | AH76: =(1-EXP(-M$5*$Y76))*M76 -> 21.993923 | AI76: =(1-EXP(-N$5*$Y76))*N76 -> 0.13511801 | AJ76: =G76 -> 2041 | AK76: =SUM(AE76:AI76) -> 2330.8285 | AL76: =SUM(Z76:AD76) -> 3392.1506 | AM76: =AK76/(AK76+AL76) -> 0.40727538 | AN76: =AN75 -> 36.834119 | AO76: 22 | AP76: =AP75 -> 15.415 | AQ76: =AQ75 -> 1 | AR76: =CHOOSE(stockcode,Esc!F91,Esc!G91,Esc!H91,Esc!I91,Esc!J91,Esc!K91,Esc!L91,Esc!M91,Esc!N90,Esc!O90,Esc!P90) -> 0 | AS76: 0 | AT76: =AJ76 -> 2041 | AU76: 10010 | AV76: =AU75*J76/I75 -> 608.64792 | AW76: =AV75*K76/J75 -> 393.3132 | AX76: =AW75*L76/K75 -> 183.67016 | AY76: =AX75*M76/L75 -> 5.9036939 | AZ76: =AY75*N76/M75 -> 0.035804135 | BA76: =AV76*Z76/J76 -> 39.375328 | BB76: =AW76*AA76/K76 -> 44.43843 | BC76: =AX76*AB76/L76 -> 85.443876 | BD76: =AY76*AC76/M76 -> 2.8711203 | BE76: =AZ76*AD76/N76 -> 0.017588368 | BF76: =AV76*AE76/J76 -> 12.052036 | BG76: =AW76*AF76/K76 -> 71.295587 | BH76: =AX76*AG76/L76 -> 33.293752 | BI76: =AY76*AH76/M76 -> 1.0701582 | BJ76: =AZ76*AI76/N76 -> 0.0064901886 | BK76: =AT76-2 -> 2039 | BL76: =(AE76+AF77+AG78+AH79+AI80)/(AE76+AF77+AG78+AH79+AI80+Z76+AA77+AB78+AC79+AD80) -> 0.40612304 | BM76: =AT76 -> 2041 | BN76: =BF77 -> 12.05324 | BO76: =BG78 -> 71.309835 | BP76: =BH79 -> 33.303733 | BQ76: =BI80 -> 0 | BR76: =BJ81 -> 0 | BS76: =BA77 -> 39.379262 | BT76: =BB78 -> 44.447311 | BU76: =BC79 -> 85.469491 | BV76: =BD80 -> 0 | BW76: =BE81 -> 0 | BX76: =BY76*EXP(J$4)+BN76+BS76/Ssum -> 594.18218 | BY76: =BZ76*EXP(K$4)+BO76+BT76/Ssum -> 382.63027 | BZ76: =CA76*EXP(L$4)+BP76+BU76/Ssum -> 175.75288 | CA76: =CB76*EXP(M$4)+BQ76+BV76/Ssum -> 0 | CB76: =BR76+BW76/Ssum -> 0 | CC76: =BX76/AU76 -> 0.059358859
G77: 2042 | H77: =SUMPRODUCT(J$7:N$7,Z77:AD77) -> 4690845.4 | I77: =IF(LHT=1,H76*EXP(-Q76),H75*EXP(-Q75)) -> 153745.36 | J77: =I76*EXP(-R76-I$5*$Y76)*(1-I$6) -> 9456.4441 | K77: =J76*EXP(-S76-J$5*$Y76)*(1-J$6) -> 6854.7682 | L77: =K76*EXP(-T76-K$5*$Y76)*(1-K$6) -> 3632.2944 | M77: =L76*EXP(-U76-L$5*$Y76)*(1-L$6) -> 122.16194 | N77: =M76*EXP(-V76-M$5*$Y76)*(1-M$6) -> 0.73592123 | O77: =O76 -> 1.8781091 | P77: =O77-1 -> 0.87810915 | Q77: =MeMin+Mden*H77+P77 -> 3.4845009 | R77: =I$4+Mseal*AN77/40+Mhatch*AO77/30+Mtemp*(AP77-14.5) -> 2.8 | S77: =J$4 -> 0.3 | T77: =K$4+MSSLNRKWq*AQ77 -> 0.3 | U77: =L$4+MSSLNRKWq*AQ77 -> 0.3 | V77: =M$4 -> 0.3 | W77: =N$4 -> 0.3 | X77: =Q77+R78+S79+T80+U81+V82 -> 6.5845009 | Y77: =Ffuture -> 0.2 | Z77: =Ssum*J77*EXP(-J$5*$Y77)*J$6 -> 611.7668 | AA77: =Ssum*K77*EXP(-K$5*$Y77)*K$6 -> 774.48491 | AB77: =Ssum*L77*EXP(-L$5*$Y77)*L$6 -> 1689.7536 | AC77: =Ssum*M77*EXP(-M$5*$Y77)*M$6 -> 59.410537 | AD77: =Ssum*N77*EXP(-N$5*$Y77)*N$6 -> 0.36151281 | AE77: =(1-EXP(-J$5*$Y77))*J77 -> 187.25014 | AF77: =(1-EXP(-K$5*$Y77))*K77 -> 1242.5587 | AG77: =(1-EXP(-L$5*$Y77))*L77 -> 658.42327 | AH77: =(1-EXP(-M$5*$Y77))*M77 -> 22.144203 | AI77: =(1-EXP(-N$5*$Y77))*N77 -> 0.13339989 | AJ77: =G77 -> 2042 | AK77: =SUM(AE77:AI77) -> 2110.5097 | AL77: =SUM(Z77:AD77) -> 3135.7773 | AM77: =AK77/(AK77+AL77) -> 0.40228635 | AN77: =AN76 -> 36.834119 | AO77: 23 | AP77: =AP76 -> 15.415 | AQ77: =AQ76 -> 1 | AR77: =CHOOSE(stockcode,Esc!F92,Esc!G92,Esc!H92,Esc!I92,Esc!J92,Esc!K92,Esc!L92,Esc!M92,Esc!N91,Esc!O91,Esc!P91) -> 0 | AS77: 0 | AT77: =AJ77 -> 2042 | AU77: 10011 | AV77: =AU76*J77/I76 -> 608.70873 | AW77: =AV76*K77/J76 -> 393.3525 | AX77: =AW76*L77/K76 -> 183.68852 | AY77: =AX76*M77/L76 -> 5.904284 | AZ77: =AY76*N77/M76 -> 0.035807714 | BA77: =AV77*Z77/J77 -> 39.379262 | BB77: =AW77*AA77/K77 -> 44.442871 | BC77: =AX77*AB77/L77 -> 85.452414 | BD77: =AY77*AC77/M77 -> 2.8714072 | BE77: =AZ77*AD77/N77 -> 0.017590126 | BF77: =AV77*AE77/J77 -> 12.05324 | BG77: =AW77*AF77/K77 -> 71.302711 | BH77: =AX77*AG77/L77 -> 33.297079 | BI77: =AY77*AH77/M77 -> 1.0702651 | BJ77: =AZ77*AI77/N77 -> 0.0064908373 | BK77: =AT77-2 -> 2040 | BL77: =(AE77+AF78+AG79+AH80+AI81)/(AE77+AF78+AG79+AH80+AI81+Z77+AA78+AB79+AC80+AD81) -> 0.40797887 | BM77: =AT77 -> 2042 | BN77: =BF78 -> 12.054444 | BO77: =BG79 -> 71.316959 | BP77: =BH80 -> 0 | BQ77: =BI81 -> 0 | BR77: =BJ82 -> 0 | BS77: =BA78 -> 39.383196 | BT77: =BB79 -> 44.451751 | BU77: =BC80 -> 0 | BV77: =BD81 -> 0 | BW77: =BE82 -> 0 | BX77: =BY77*EXP(J$4)+BN77+BS77/Ssum -> 273.96691 | BY77: =BZ77*EXP(K$4)+BO77+BT77/Ssum -> 145.40321 | BZ77: =CA77*EXP(L$4)+BP77+BU77/Ssum -> 0 | CA77: =CB77*EXP(M$4)+BQ77+BV77/Ssum -> 0 | CB77: =BR77+BW77/Ssum -> 0 | CC77: =BX77/AU77 -> 0.027366588
G78: 2043 | H78: =SUMPRODUCT(J$7:N$7,Z78:AD78) -> 4157381.3 | I78: =IF(LHT=1,H77*EXP(-Q77),H76*EXP(-Q76)) -> 152651.05 | J78: =I77*EXP(-R77-I$5*$Y77)*(1-I$6) -> 9349.265 | K78: =J77*EXP(-S77-J$5*$Y77)*(1-J$6) -> 6111.4411 | L78: =K77*EXP(-T77-K$5*$Y77)*(1-K$6) -> 3201.3728 | M78: =L77*EXP(-U77-L$5*$Y77)*(1-L$6) -> 116.76419 | N78: =M77*EXP(-V77-M$5*$Y77)*(1-M$6) -> 0.74094963 | O78: =O77 -> 1.8781091 | P78: =O78-1 -> 0.87810915 | Q78: =MeMin+Mden*H78+P78 -> 3.4758928 | R78: =I$4+Mseal*AN78/40+Mhatch*AO78/30+Mtemp*(AP78-14.5) -> 2.8 | S78: =J$4 -> 0.3 | T78: =K$4+MSSLNRKWq*AQ78 -> 0.3 | U78: =L$4+MSSLNRKWq*AQ78 -> 0.3 | V78: =M$4 -> 0.3 | W78: =N$4 -> 0.3 | X78: =Q78+R79+S80+T81+U82+V83 -> 6.2758928 | Y78: =Ffuture -> 0.2 | Z78: =Ssum*J78*EXP(-J$5*$Y78)*J$6 -> 604.83305 | AA78: =Ssum*K78*EXP(-K$5*$Y78)*K$6 -> 690.50022 | AB78: =Ssum*L78*EXP(-L$5*$Y78)*L$6 -> 1489.2877 | AC78: =Ssum*M78*EXP(-M$5*$Y78)*M$6 -> 56.785469 | AD78: =Ssum*N78*EXP(-N$5*$Y78)*N$6 -> 0.36398295 | AE78: =(1-EXP(-J$5*$Y78))*J78 -> 185.12785 | AF78: =(1-EXP(-K$5*$Y78))*K78 -> 1107.8163 | AG78: =(1-EXP(-L$5*$Y78))*L78 -> 580.31044 | AH78: =(1-EXP(-M$5*$Y78))*M78 -> 21.165757 | AI78: =(1-EXP(-N$5*$Y78))*N78 -> 0.13431138 | AJ78: =G78 -> 2043 | AK78: =SUM(AE78:AI78) -> 1894.5547 | AL78: =SUM(Z78:AD78) -> 2841.7704 | AM78: =AK78/(AK78+AL78) -> 0.40000521 | AN78: =AN77 -> 36.834119 | AO78: 24 | AP78: =AP77 -> 15.415 | AQ78: =AQ77 -> 1 | AR78: =CHOOSE(stockcode,Esc!F93,Esc!G93,Esc!H93,Esc!I93,Esc!J93,Esc!K93,Esc!L93,Esc!M93,Esc!N92,Esc!O92,Esc!P92) -> 0 | AS78: 0 | AT78: =AJ78 -> 2043 | AU78: 10012 | AV78: =AU77*J78/I77 -> 608.76954 | AW78: =AV77*K78/J77 -> 393.3918 | AX78: =AW77*L78/K77 -> 183.70687 | AY78: =AX77*M78/L77 -> 5.904874 | AZ78: =AY77*N78/M77 -> 0.035811292 | BA78: =AV78*Z78/J78 -> 39.383196 | BB78: =AW78*AA78/K78 -> 44.447311 | BC78: =AX78*AB78/L78 -> 85.460953 | BD78: =AY78*AC78/M78 -> 2.8716941 | BE78: =AZ78*AD78/N78 -> 0.017591884 | BF78: =AV78*AE78/J78 -> 12.054444 | BG78: =AW78*AF78/K78 -> 71.309835 | BH78: =AX78*AG78/L78 -> 33.300406 | BI78: =AY78*AH78/M78 -> 1.0703721 | BJ78: =AZ78*AI78/N78 -> 0.006491486 | BK78: =AT78-2 -> 2041 | BL78: =(AE78+AF79+AG80+AH81+AI82)/(AE78+AF79+AG80+AH81+AI82+Z78+AA79+AB80+AC81+AD82) -> 0.49861386 | BM78: =AT78 -> 2043 | BN78: =BF79 -> 12.055649 | BO78: =BG80 -> 0 | BP78: =BH81 -> 0 | BQ78: =BI82 -> 0 | BR78: =BJ83 -> 0 | BS78: =BA79 -> 39.38713 | BT78: =BB80 -> 0 | BU78: =BC81 -> 0 | BV78: =BD82 -> 0 | BW78: =BE83 -> 0 | BX78: =BY78*EXP(J$4)+BN78+BS78/Ssum -> 77.700865 | BY78: =BZ78*EXP(K$4)+BO78+BT78/Ssum -> 0 | BZ78: =CA78*EXP(L$4)+BP78+BU78/Ssum -> 0 | CA78: =CB78*EXP(M$4)+BQ78+BV78/Ssum -> 0 | CB78: =BR78+BW78/Ssum -> 0 | CC78: =BX78/AU78 -> 0.0077607736
G79: 2044 | H79: =SUMPRODUCT(J$7:N$7,Z79:AD79) -> 3805756.8 | I79: =IF(LHT=1,H78*EXP(-Q78),H77*EXP(-Q77)) -> 143863.82 | J79: =I78*EXP(-R78-I$5*$Y78)*(1-I$6) -> 9282.7197 | K79: =J78*EXP(-S78-J$5*$Y78)*(1-J$6) -> 6042.1742 | L79: =K78*EXP(-T78-K$5*$Y78)*(1-K$6) -> 2854.2178 | M79: =L78*EXP(-U78-L$5*$Y78)*(1-L$6) -> 102.91173 | N79: =M78*EXP(-V78-M$5*$Y78)*(1-M$6) -> 0.70821061 | O79: =O78 -> 1.8781091 | P79: =O79-1 -> 0.87810915 | Q79: =MeMin+Mden*H79+P79 -> 3.4702189 | R79: =I$4+Mseal*AN79/40+Mhatch*AO79/30+Mtemp*(AP79-14.5) -> 2.8 | S79: =J$4 -> 0.3 | T79: =K$4+MSSLNRKWq*AQ79 -> 0.3 | U79: =L$4+MSSLNRKWq*AQ79 -> 0.3 | V79: =M$4 -> 0.3 | W79: =N$4 -> 0.3 | X79: =Q79+R80+S81+T82+U83+V84 -> 3.4702189 | Y79: =Ffuture -> 0.2 | Z79: =Ssum*J79*EXP(-J$5*$Y79)*J$6 -> 600.52803 | AA79: =Ssum*K79*EXP(-K$5*$Y79)*K$6 -> 682.67411 | AB79: =Ssum*L79*EXP(-L$5*$Y79)*L$6 -> 1327.7902 | AC79: =Ssum*M79*EXP(-M$5*$Y79)*M$6 -> 50.048658 | AD79: =Ssum*N79*EXP(-N$5*$Y79)*N$6 -> 0.34790029 | AE79: =(1-EXP(-J$5*$Y79))*J79 -> 183.81017 | AF79: =(1-EXP(-K$5*$Y79))*K79 -> 1095.2604 | AG79: =(1-EXP(-L$5*$Y79))*L79 -> 517.38192 | AH79: =(1-EXP(-M$5*$Y79))*M79 -> 18.654732 | AI79: =(1-EXP(-N$5*$Y79))*N79 -> 0.1283768 | AJ79: =G79 -> 2044 | AK79: =SUM(AE79:AI79) -> 1815.2356 | AL79: =SUM(Z79:AD79) -> 2661.3889 | AM79: =AK79/(AK79+AL79) -> 0.40549204 | AN79: =AN78 -> 36.834119 | AO79: 25 | AP79: =AP78 -> 15.415 | AQ79: =AQ78 -> 1 | AR79: =CHOOSE(stockcode,Esc!F94,Esc!G94,Esc!H94,Esc!I94,Esc!J94,Esc!K94,Esc!L94,Esc!M94,Esc!N93,Esc!O93,Esc!P93) -> 0 | AS79: 0 | AT79: =AJ79 -> 2044 | AU79: 10013 | AV79: =AU78*J79/I78 -> 608.83035 | AW79: =AV78*K79/J78 -> 393.4311 | AX79: =AW78*L79/K78 -> 183.72522 | AY79: =AX78*M79/L78 -> 5.905464 | AZ79: =AY78*N79/M78 -> 0.035814871 | BA79: =AV79*Z79/J79 -> 39.38713 | BB79: =AW79*AA79/K79 -> 44.451751 | BC79: =AX79*AB79/L79 -> 85.469491 | BD79: =AY79*AC79/M79 -> 2.8719811 | BE79: =AZ79*AD79/N79 -> 0.017593642 | BF79: =AV79*AE79/J79 -> 12.055649 | BG79: =AW79*AF79/K79 -> 71.316959 | BH79: =AX79*AG79/L79 -> 33.303733 | BI79: =AY79*AH79/M79 -> 1.070479 | BJ79: =AZ79*AI79/N79 -> 0.0064921347 | BK79: =AT79-2 -> 2042 | BL79: =(AE79+AF80+AG81+AH82+AI83)/(AE79+AF80+AG81+AH82+AI83+Z79+AA80+AB81+AC82+AD83) -> 0.23435065 | BM79: =AT79 -> 2044 | BN79: =BF80 -> 0 | BO79: =BG81 -> 0 | BP79: =BH82 -> 0 | BQ79: =BI83 -> 0 | BR79: =BJ84 -> 0 | BS79: =BA80 -> 0 | BT79: =BB81 -> 0 | BU79: =BC82 -> 0 | BV79: =BD83 -> 0 | BW79: =BE84 -> 0 | BX79: =BY79*EXP(J$4)+BN79+BS79/Ssum -> 0 | BY79: =BZ79*EXP(K$4)+BO79+BT79/Ssum -> 0 | BZ79: =CA79*EXP(L$4)+BP79+BU79/Ssum -> 0 | CA79: =CB79*EXP(M$4)+BQ79+BV79/Ssum -> 0 | CB79: =BR79+BW79/Ssum -> 0 | CC79: =BX79/AU79 -> 0

Sheet Esc
E1: YEAR | F1: COWICHAN RIVER | G1: CHEMAINUS RIVER | H1: NANAIMO RIVER | I1: QUALICUM RIVER | J1: PUNTLEDGE RIVER | K1: QUINSAM RIVER | L1: ENGLISHMAN RIVER | M1: ECVI total ESC | N1: HARRISON | O1: Summer41 | P1: spring 5.2 | S1: 18124.066 | T1: 19514.502 | U1: 14214.614 | V1: 17650.493 | W1: 29204.887 | X1: 36372.975 | Y1: 52231.921 | Z1: 60718.439 | AA1: 61979.185 | AB1: 54064.134 | AC1: 37950.629 | AD1: 51157.855 | AE1: 34767.352 | AF1: 42483.844 | AG1: 43757.978 | AH1: 65814.376 | AI1: 52326.452 | AJ1: 41132.629 | AK1: 41380.396 | AL1: 34563.517 | AM1: 23548.531 | AN1: 29009.824 | AO1: 34058.806 | AP1: 44481.594 | AQ1: 55297.15 | AR1: 35737.06 | AS1: 24122.325 | AT1: 24357.474 | AU1: 13201.512 | AV1: 18415.974 | AW1: 29362.512 | AX1: 20592.989 | AY1: 13471.582 | AZ1: 12879.133 | BA1: 19732.35 | BB1: 40935.953 | BC1: 27967.584 | BD1: 15971.25 | BE1: 10921.815 | BF1: 11071.535 | BG1: 16823.239 | BH1: 25678.051 | BI1: 22839.91 | BJ1: 26915.272 | BK1: 19396.884
E2: 1953 | F2: 5500 | H2: 1500 | I2: 750 | J2: 3500 | M2: =SUM(F2:L2) -> 11250 | N2: 15000
E3: 1954 | F3: 15000 | G3: 25 | H3: 1500 | I3: 750 | J3: 15000 | M3: =SUM(F3:L3) -> 32275 | N3: 15000
E4: 1955 | F4: 7500 | H4: 3500 | I4: 1500 | J4: 7500 | M4: =SUM(F4:L4) -> 20000 | N4: 7500
E5: 1956 | F5: 3500 | G5: 200 | H5: 3500 | I5: 1500 | J5: 1500 | M5: =SUM(F5:L5) -> 10200 | N5: 3500
E6: 1957 | F6: 15000 | G6: 25 | H6: 7500 | I6: 1500 | J6: 3500 | K6: 25 | M6: =SUM(F6:L6) -> 27550 | N6: 3500
E7: 1958 | F7: 7500 | H7: 3500 | I7: 750 | J7: 7500 | K7: 75 | M7: =SUM(F7:L7) -> 19325 | N7: 16500
E8: 1959 | F8: 3500 | H8: 3500 | I8: 3500 | J8: 3500 | K8: 25 | M8: =SUM(F8:L8) -> 14025 | N8: 18000
E9: 1960 | F9: 1500 | H9: 750 | I9: 1500 | J9: 3500 | K9: 25 | L9: 25 | M9: =SUM(F9:L9) -> 7300 | N9: 3500
E10: 1961 | F10: 3500 | G10: 25 | H10: 750 | I10: 1500 | J10: 1500 | L10: 25 | M10: =SUM(F10:L10) -> 7300 | N10: 5000
E11: 1962 | F11: 3500 | G11: 25 | H11: 750 | I11: 750 | J11: 1500 | M11: =SUM(F11:L11) -> 6525 | N11: 2000
E12: 1963 | F12: 3500 | H12: 1500 | I12: 750 | J12: 1500 | L12: 25 | M12: =SUM(F12:L12) -> 7275 | N12: 13500
E13: 1964 | F13: 7500 | G13: 25 | H13: 750 | I13: 400 | J13: 750 | L13: 25 | M13: =SUM(F13:L13) -> 9450 | N13: 6000
E14: 1965 | F14: 10000 | G14: 25 | H14: 3500 | I14: 1500 | J14: 1121 | L14: 75 | M14: =SUM(F14:L14) -> 16221 | N14: 8500
E15: 1966 | F15: 17700 | G15: 200 | H15: 1500 | I15: 1500 | J15: 1157 | L15: 25 | M15: =SUM(F15:L15) -> 22082 | N15: 9000
E16: 1967 | F16: 3500 | G16: 50 | H16: 1200 | I16: 876 | J16: 840 | L16: 75 | M16: =SUM(F16:L16) -> 6541 | N16: 7500
E17: 1968 | F17: 7500 | G17: 100 | H17: 1500 | I17: 829 | J17: 720 | L17: 115 | M17: =SUM(F17:L17) -> 10764 | N17: 7500
E18: 1969 | F18: 7500 | G18: 20 | H18: 1100 | I18: 939 | J18: 486 | L18: 75 | M18: =SUM(F18:L18) -> 10120 | N18: 7500
E19: 1970 | F19: 7500 | G19: 16 | H19: 1500 | I19: 1660 | J19: 685 | L19: 75 | M19: =SUM(F19:L19) -> 11436 | N19: 7500
E20: 1971 | F20: 7500 | G20: 30 | H20: 850 | I20: 750 | J20: 557 | K20: 25 | L20: 75 | M20: =SUM(F20:L20) -> 9787 | N20: 15000
E21: 1972 | F21: 8500 | G21: 60 | H21: 1950 | I21: 750 | J21: 635 | K21: 75 | L21: 75 | M21: =SUM(F21:L21) -> 12045 | N21: 15000
E22: 1973 | F22: 8000 | G22: 65 | H22: 1200 | I22: 316 | J22: 1179 | L22: 75 | M22: =SUM(F22:L22) -> 10835 | N22: 35000
E23: 1974 | F23: 3500 | G23: 40 | H23: 2400 | I23: 176 | J23: 844 | K23: 75 | L23: 25 | M23: =SUM(F23:L23) -> 7060 | N23: 35000
E24: 1975 | F24: 6900 | G24: 20 | H24: 525 | I24: 602 | J24: 1175 | K24: 200 | L24: 75 | M24: =SUM(F24:L24) -> 9497 | N24: 15000
E25: 1976 | F25: 10000 | G25: 60 | H25: 1100 | I25: 447 | J25: 850 | K25: 25 | L25: 25 | M25: =SUM(F25:L25) -> 12507 | N25: 7500
E26: 1977 | F26: 9600 | G26: 150 | H26: 2800 | I26: 763 | J26: 1734 | L26: 25 | M26: =SUM(F26:L26) -> 15072 | N26: 25000
E27: 1978 | F27: 10671 | G27: 261 | H27: 2500 | I27: 1053 | J27: 1465 | K27: 83 | L27: 75 | M27: =SUM(F27:L27) -> 16108 | N27: 15000 | O27: summer41 | P27: spring52 | S27: 27936.518 | T27: 11505.135 | U27: 17982.503 | V27: 8670.2321 | W27: 10339.488 | X27: 17332.986 | Y27: 22583.333 | Z27: 35629.279 | AA27: 33766.879 | AB27: 46093.98 | AC27: 36593.136 | AD27: 39882.348 | AE27: 38181.708 | AF27: 49009.465 | AG27: 23443.87 | AH27: 42901.106 | AI27: 32019.41 | AJ27: 76956.908 | AK27: 67179.231 | AL27: 98018.055 | AM27: 70628.176 | AN27: 50250.804 | AO27: 85841.293 | AP27: 131696.58 | AQ27: 100747.94 | AR27: 67104.373 | AS27: 107441.15 | AT27: 204107.81 | AU27: 82610 | AV27: 106914.75 | AW27: 97136.518 | AX27: 170527.65 | AY27: 140943 | AZ27: 53310.58 | BA27: 134461.63 | BB27: 89229.726 | BC27: 192224.87 | BD27: 99572.351 | BE27: 95117.777 | BF27: 56735 | BG27: 173431 | BH27: 165726.46 | BI27: 197069.18 | BJ27: 124569.67 | BK27: 641668
E28: 1979 | F28: 17795 | G28: 225 | H28: 3646 | I28: 4374 | J28: 2018 | K28: 468 | M28: =SUM(F28:L28) -> 28526 | N28: 78000 | O28: 27936.518 | P28: 18124.066
E29: 1980 | F29: 7337 | G29: 90 | H29: 3609 | I29: 3245 | J29: 1300 | K29: 550 | M29: =SUM(F29:L29) -> 16131 | N29: 52000 | O29: 11505.135 | P29: 19514.502
E30: 1981 | F30: 8782 | G30: 1750 | H30: 400 | I30: 2077 | J30: 900 | K30: 925 | M30: =SUM(F30:L30) -> 14834 | N30: 104000 | O30: 17982.503 | P30: 14214.614
E31: 1982 | F31: 9049 | G31: 750 | H31: 1461 | I31: 1228 | J31: 2340 | K31: 1500 | L31: 14 | M31: =SUM(F31:L31) -> 16342 | N31: 114400 | O31: 8670.2321 | P31: 17650.493
E32: 1983 | F32: 11467 | G32: 350 | H32: 1864 | I32: 833 | J32: 1500 | K32: 1806 | M32: =SUM(F32:L32) -> 17820 | N32: 31200 | O32: 10339.488 | P32: 29204.887
E33: 1984 | F33: 10390 | G33: 275 | H33: 3247 | I33: 2297 | J33: 1035 | K33: 2682 | M33: =SUM(F33:L33) -> 19926 | N33: 122401 | O33: 17332.986 | P33: 36372.975
E34: 1985 | F34: 7890 | G34: 600 | H34: 1114 | I34: 5806 | J34: 489 | K34: 3683 | M34: =SUM(F34:L34) -> 19582 | N34: 175417 | O34: 22583.333 | P34: 52231.921
E35: 1986 | F35: 9652 | G35: 200 | H35: 1007 | I35: 1791 | J35: 791 | K35: 3060 | M35: =SUM(F35:L35) -> 16501 | N35: 163327 | O35: 35629.279 | P35: 60718.439
E36: 1987 | F36: 6219 | G36: 200 | H36: 905 | I36: 879 | J36: 1267 | K36: 3573 | M36: =SUM(F36:L36) -> 13043 | N36: 79954 | O36: 33766.879 | P36: 61979.185
E37: 1988 | F37: 13080 | G37: 300 | H37: 2205 | I37: 260 | J37: 1432 | K37: 9461 | M37: =SUM(F37:L37) -> 26738 | N37: 35581 | O37: 46093.98 | P37: 54064.134
E38: 1989 | F38: 8934 | G38: 587 | H38: 3033 | I38: 854 | J38: 2274 | K38: 12301 | M38: =SUM(F38:L38) -> 27983 | N38: 76083 | O38: 36593.136 | P38: 37950.629
E39: 1990 | F39: 23604 | G39: 1000 | H39: 1953 | I39: 7753 | J39: 5388 | K39: 11678 | L39: 100 | M39: =SUM(F39:L39) -> 51476 | N39: 178852 | O39: 39882.348 | P39: 51157.855
E40: 1991 | F40: 12175 | G40: 2000 | H40: 1255 | I40: 5580 | J40: 2405 | K40: 6789 | L40: 50 | M40: =SUM(F40:L40) -> 30254 | N40: 92077 | O40: 38181.708 | P40: 34767.352
E41: 1992 | F41: 14611 | G41: 1000 | H41: 1195 | I41: 6548 | J41: 1412 | K41: 4013 | L41: 40 | M41: =SUM(F41:L41) -> 28819 | N41: 132383 | O41: 49009.465 | P41: 42483.844
E42: 1993 | F42: 13343 | G42: 900 | H42: 1378 | I42: 6062 | J42: 1017 | K42: 2270 | L42: 24 | M42: =SUM(F42:L42) -> 24994 | N42: 120486 | O42: 23443.87 | P42: 43757.978
E43: 1994 | F43: 20505 | G43: 225 | H43: 1377 | I43: 6498 | J43: 617 | K43: 2532 | M43: =SUM(F43:L43) -> 31754 | N43: 99657 | O43: 42901.106 | P43: 65814.376
E44: 1995 | F44: 25614 | G44: 580 | H44: 5652 | I44: 5688 | J44: 432 | K44: 2158 | L44: 40 | M44: =SUM(F44:L44) -> 40164 | N44: 28835 | O44: 32019.41 | P44: 52326.452
E45: 1996 | F45: 21814 | G45: 800 | H45: 3337 | I45: 5653 | J45: 531 | K45: 2608 | L45: 50 | M45: =SUM(F45:L45) -> 34793 | N45: 38641 | O45: 76956.908 | P45: 41132.629
E46: 1997 | F46: 13774 | G46: 260 | H46: 1628 | I46: 3765 | J46: 601 | K46: 2602 | L46: 20 | M46: =SUM(F46:L46) -> 22650 | N46: 71955 | O46: 67179.231 | P46: 41380.396
E47: 1998 | F47: 10197 | G47: 47 | H47: 2186 | I47: 5897 | J47: 740 | K47: 4419 | M47: =SUM(F47:L47) -> 23486 | N47: 201261 | O47: 98018.055 | P47: 34563.517
E48: 1999 | F48: 7945 | G48: 160 | H48: 3215 | I48: 5854 | J48: 2509 | K48: 7242 | L48: 750 | M48: =SUM(F48:L48) -> 27675 | N48: 105536 | O48: 70628.176 | P48: 23548.531
E49: 2000 | F49: 8380 | G49: 66 | H49: 2526 | I49: 6945 | J49: 3597 | K49: 7562 | L49: 1200 | M49: =SUM(F49:L49) -> 30276 | N49: 79141 | O49: 50250.804 | P49: 29009.824
E50: 2001 | F50: 7678 | G50: 72 | H50: 3480 | I50: 10615 | J50: 15180 | K50: 13680 | L50: 2900 | M50: =SUM(F50:L50) -> 53605 | N50: 109836 | O50: 85841.293 | P50: 34058.806
E51: 2002 | F51: 5785 | G51: 475 | H51: 2682 | I51: 7566 | J51: 10970 | K51: 11814 | L51: 600 | M51: =SUM(F51:L51) -> 39892 | N51: 84410 | O51: 131696.58 | P51: 44481.594
E52: 2003 | F52: 6017 | G52: 108 | H52: 2862 | I52: 7401 | J52: 14796 | K52: 7422 | L52: 260 | M52: =SUM(F52:L52) -> 38866 | N52: 247918 | O52: 100747.94 | P52: 55297.15
E53: 2004 | F53: 4564 | G53: 287 | H53: 2773 | I53: 7081 | J53: 11771 | K53: 9019 | M53: =SUM(F53:L53) -> 35495 | N53: 140270 | O53: 67104.373 | P53: 35737.06
E54: 2005 | F54: 4309 | G54: 529 | H54: 3350 | I54: 9526 | J54: 11947 | K54: 8085 | L54: 950 | M54: =SUM(F54:L54) -> 38696 | N54: 88786 | O54: 107441.15 | P54: 24122.325
E55: 2006 | F55: 3040 | G55: 244 | H55: 6306 | I55: 13622 | J55: 17037 | K55: 8163 | L55: 590 | M55: =SUM(F55:L55) -> 49002 | N55: 60637 | O55: 204107.81 | P55: 24357.474
E56: 2007 | F56: 3863 | G56: 40 | H56: 4892 | I56: 10254 | J56: 9727 | K56: 6128 | L56: 231 | M56: =SUM(F56:L56) -> 35135 | N56: 76665 | O56: 82610 | P56: 13201.512
E57: 2008 | F57: 2661 | G57: 61 | H57: 4929 | I57: 6621 | J57: 5284 | K57: 5728 | L57: 370 | M57: =SUM(F57:L57) -> 25654 | N57: 41805 | O57: 106914.75 | P57: 18415.974
E58: 2009 | F58: 1571 | G58: 57 | H58: 2898 | I58: 9406 | J58: 8306 | K58: 5167 | M58: =SUM(F58:L58) -> 27405 | N58: 70281 | O58: 97136.518 | P58: 29362.512
E59: 2010 | F59: 4936 | H59: 4025 | I59: 7928 | J59: 6186 | K59: 3416 | L59: 1619 | M59: =SUM(F59:L59) -> 28110 | N59: 103692 | O59: 170527.65 | P59: 20592.989
E60: 2011 | F60: 5756 | G60: 1301 | H60: 6115 | I60: 7331 | J60: 6663 | K60: 4191 | L60: 1326 | M60: =SUM(F60:L60) -> 32683 | N60: 123879 | O60: 140943 | P60: 13471.582
E61: 2012 | F61: 6330 | H61: 2534 | I61: 5253 | J61: 3687 | K61: 4096 | L61: 218 | M61: =SUM(F61:L61) -> 22118 | N61: 44691 | O61: 53310.58 | P61: 12879.133
E62: 2013 | F62: 7204 | H62: 4987 | I62: 4886 | J62: 4230 | K62: 3356 | L62: 855 | M62: =SUM(F62:L62) -> 25518 | N62: 43160 | O62: 134461.63 | P62: 19732.35
E63: 2014 | F63: 5873 | H63: 3166 | I63: 8388 | J63: 7207 | K63: 2366 | L63: 1249 | M63: =SUM(F63:L63) -> 28249 | N63: 44915 | O63: 89229.726 | P63: 40935.953
E64: 2015 | F64: 7419 | G64: 124 | H64: 5616 | I64: 6631 | J64: 8521 | K64: 3190 | L64: 1242 | M64: =SUM(F64:L64) -> 32743 | N64: 101874 | O64: 192224.87 | P64: 27967.584
E65: 2016 | F65: 10854 | G65: 37 | H65: 4964 | I65: 5005 | J65: 8762 | K65: 6978 | L65: 464 | M65: =SUM(F65:L65) -> 37064 | N65: 41698 | O65: 99572.351 | P65: 15971.25
E66: 2017 | F66: 25060 | G66: 19 | H66: 5171 | I66: 6882 | J66: 13422 | K66: 9131 | L66: 1253 | M66: =SUM(F66:L66) -> 60938 | N66: 30140 | O66: 95117.777 | P66: 10921.815
E67: 2018 | F67: 22482 | G67: 233 | H67: 4535 | I67: 6336 | J67: 11495 | K67: 6575 | L67: 763 | M67: =SUM(F67:L67) -> 52419 | N67: 46991 | O67: 56735 | P67: 11071.535
E68: 2019 | F68: 21591 | G68: 17 | H68: 5409 | I68: 9681 | J68: 17690 | K68: 6793 | L68: 1739 | M68: =SUM(F68:L68) -> 62920 | N68: 45872 | O68: 173431 | P68: 16823.239
E69: 2020 | F69: 24726 | G69: 45 | H69: 7747 | I69: 12274 | J69: 10340 | K69: 8236 | L69: 907 | M69: =SUM(F69:L69) -> 64275 | N69: 43454 | O69: 165726.46 | P69: 25678.051
E70: 2021 | N70: 36855 | O70: 197069.18 | P70: 22839.91
E71: 2022 | N71: 82091 | O71: 124569.67 | P71: 26915.272
E72: 2023 | N72: 146892 | O72: 641668 | P72: 19396.884
E73: 2024 | N73: 130000 | O73: =0.25*O72 -> 160417 | P73: =0.5*P72 -> 9698.442

Sheet stressors
A1: Time series of known stress factors | G1: Year | H1: Seal N age model | I1: summer SST | K1: Year | L1: Hatchery chinook | N1: Year | O1: SSL N (counts) | Q1: Year | R1: NRKW | T1: Year | U1: QSSL+NRKW
A2: 1. Seal N from fitted age model (Nelson) | G2: 1973 | H2: 2.5686037 | I2: 14.358 | K2: 1970 | L2: 0.069788 | N2: 1951 | O2: 9976.2 | Q2: 1973 | R2: 117.78351 | T2: 1973 | U2: 2320.5193
A3: 2. Summer sea surface temperature from DFO | G3: 1974 | H3: 3.0202613 | I3: 14.274 | K3: 1971 | L3: 0.575466 | N3: 1952 | O3: 9768.9 | Q3: 1974 | R3: 121.39175 | T3: 1974 | U3: 2431.5538
A4: 3. Hatchery chinook (SOG+FR total) from DFO | G4: 1975 | H4: 3.4991569 | I4: 14.465 | K4: 1972 | L4: 0.988239 | N4: 1953 | O4: 9561.6 | Q4: 1975 | R4: 128.60825 | T4: 1975 | U4: 2577.0735
A5: 4. SSL N from Olesiuk (2018) | G5: 1976 | H5: 4.0865208 | I5: 13.862 | K5: 1973 | L5: 0.925129 | N5: 1954 | O5: 9354.3 | Q5: 1976 | R5: 129.51031 | T5: 1976 | U5: 2639.6215
A6: 5. Northern resident killer whales NRKW from Towers et al. 2020 | G6: 1977 | H6: 4.7560319 | I6: 14.798 | K6: 1974 | L6: 0.807162 | N6: 1955 | O6: 9147 | Q6: 1977 | R6: 131 | T6: 1977 | U6: 2710.6514
A7: 6. QSSL+NRKW combined chinook consumption (mt) from "SSL and NRKW abundance trends and potential Ms on chinook.xlsx" | G7: 1978 | H7: 5.5311981 | I7: 15.329 | K7: 1975 | L7: 0.284019 | N7: 1956 | O7: 9147 | Q7: 1978 | R7: 132 | T7: 1978 | U7: 2723.0309
G8: 1979 | H8: 6.4303841 | I8: 14.995 | K8: 1976 | L8: 1.666042 | N8: 1957 | O8: 7000 | Q8: 1979 | R8: 134 | T8: 1979 | U8: 2736.6372
