Workbook
Name aa: 'Orig data'!$B$1
Name ar: #REF!
Name bb: 'Orig data'!$B$2
Name br: #REF!
Name cslope: 'Orig data'!$AT$3
Name negLL: #REF!
Name nlim: 'Orig data'!$AV$3
Name retroU: 'Orig data'!$AN$2
Name retroUtil: 'Orig data'!$AX$1
Name retroY: 'Orig data'!$AN$3
Name rho: #REF!
Name sige: #REF!
Name sigev: #REF!
Name sigr: #REF!
Name umethod: 'Orig data'!$AR$2

Sheet Orig data
A1: aa | B1: =INTERCEPT(I5:I71,G5:G71) -> 1.129053 | C1: smsy | D1: =aa/bb*(1-0.07*aa) -> 1688967.4 | E1: Nmsy | F1: =D1/(1-D2) -> 3218878.6 | U1: Age 3 | V1: Age 4 | W1: Age 5 | X1: Age 6 | AJ1: retrtospective model in columns AJ-AO | AQ1: switch between historical and policy-based Ut values: | AW1: retroUtil | AX1: =SUMPRODUCT(AO5:AO76^0.6) -> 146494.56
A2: bb | B2: =-SLOPE(I5:I71,G5:G71) -> 6.1565412e-07 | C2: umsy | D2: =0.5*aa-0.07*aa^2 -> 0.47529324 | E2: msy | F2: =F1-D1 -> 1529911.2 | G2: Best S-R data | U2: 0.3 | V2: 0.6 | W2: 0.1 | X2: 0 | AM2: retroU | AN2: 0.5 | AQ2: Ut method | AR2: 1 | AS2: 1=historical,2=retroU,3=linear hcr | AW2: =retroY -> 26591286 | AX2: =retroUtil -> 146494.56
A3: Cass, Grant, Digitized, Haley's S/R | G3: Using age prop. by yr from 1996-2017 | K3: Haley's Best S/R | U3: recruits produced at age from Brood Year | AM3: retroY | AN3: =SUM(AO5:AO76) -> 26591286 | AO3: historical Y | AP3: =SUM(R5:R76)-SUM(G5:G76) -> 26787906 | AR3: linear hcr pars | AS3: cslope | AT3: 0.77633553 | AU3: nlim | AV3: 487692.73 | AY3: Johnstone | AZ3: Georgia. | BA3: West | BC3: U.S. | BD3: All Fraser | BE3: Total | BF3: Harvest | BG3: Gross (d) | BH3: Total | BJ3: Johnstone | BK3: West Coast | BP3: Johnstone | BQ3: West Coast
A4: Source | B4: Brood year | C4: Spawners (D) | D4: Haley's Recruits with some infill from mkm | E4: ln(R/S)(H) | F4: Source | G4: Spawners (D) | H4: Recruits | I4: ln(R/S)(D) | J4: wt | K4: broodyear | L4: spawners | M4: recruits | O4: Source | P4: Year | Q4: Gross Escapement | R4: total Stock, hr from Grant then Brittany | S4: Ut | T4: tot stock digitized from DFO 2023 | U4: Age 3 | V4: Age 4 | W4: Age 5 | X4: Age 6 | Y4: Recruits sum age | AD4: Improved recruits starting 1990 | AE4: brood year | AF4: rp3 | AG4: rp4 | AH4: rp5 | AJ4: year | AK4: retro run | AL4: retro U | AM4: retro spawners | AN4: retro Recruits | AO4: retro Yield | AW4: Source | AX4: Year | AY4: Strait (a) | AZ4: Strait | BA4: Coast (b) | BB4: 7&7A | BC4: 4B,5,6C | BD4: Harvest (c) | BE4: Harvest | BF4: Rate | BG4: Escapement | BH4: Stock | BI4: HR | BJ4: St. HR | BK4: HR | BL4: Fraser R HR | BM4: hr | BN4: catch | BP4: St. HR | BQ4: HR | BR4: Fraser R HR
A5: =O5 -> Cass | B5: =K5 -> 1951 | C5: =L5 -> 171725 | D5: =M5 -> 498986 | E5: =LN(D5/C5) -> 1.0666837 | F5: =A5 -> Cass | G5: =Q5 -> 171725 | H5: =Y5 -> 595477.2 | I5: =LN(H5/G5) -> 1.2434687 | J5: =I5-(aa-bb*G5) -> 0.22013898 | K5: 1951 | L5: 171725 | M5: 498986 | O5: =AW5 -> Cass | P5: =AX5 -> 1951 | Q5: =BG5 -> 171725 | R5: =BH5 -> 1187739 | S5: =1-Q5/R5 -> 0.85541857 | U5: =$R8*U$2 -> 328955.1 | V5: =$R9*V$2 -> 238259.4 | W5: =$R10*W$2 -> 28262.7 | X5: =$R11*X$2 -> 0 | Y5: =SUM(U5:X5) -> 595477.2 | AD5: =Y5 -> 595477.2 | AE5: =B5 -> 1951 | AF5: =U5/$Y5 -> 0.55242266 | AG5: =V5/$Y5 -> 0.40011507 | AH5: =W5/$Y5 -> 0.047462271 | AJ5: =B5 -> 1951 | AK5: =R5 -> 1187739 | AL5: =CHOOSE(umethod,S5,retroU,MAX(0,cslope*(AK5-nlim)/AK5)) -> 0.85541857 | AM5: =AK5*(1-AL5) -> 171725 | AN5: =AM5*EXP(aa-bb*AM5+J5) -> 595477.2 | AO5: =AK5-AM5 -> 1016014 | AW5: Cass | AX5: 1951 | AY5: 523874 | AZ5: N/A | BA5: 302 | BB5: 0 | BC5: 23 | BD5: 491815 | BE5: 1016014 | BF5: 0.86 | BG5: 171725 | BH5: 1187739 | BI5: =BE5/BH5 -> 0.85541857 | BJ5: =AY5/BH5 -> 0.44106828 | BK5: =BA5/(BH5-AY5) -> 0.00045491177 | BL5: =BD5/(BH5-AY5-BA5-BC5) -> 0.74119872 | BM5: =BE5/BH5 -> 0.85541857 | BN5: =BG5*BM5/(1-BM5) -> 1016014 | BP5: =BJ5/(SUM($BJ5:$BL5)) -> 0.37292645 | BQ5: =BK5/(SUM($BJ5:$BL5)) -> 0.00038463121 | BR5: =BL5/(SUM($BJ5:$BL5)) -> 0.62668892 | CO5: Grant vs. Cass
A6: =O6 -> Cass | B6: =K6 -> 1952 | C6: =L6 -> 176250 | D6: =M6 -> 283055 | E6: =LN(D6/C6) -> 0.47373778 | F6: =A6 -> Cass | G6: =Q6 -> 176250 | H6: =Y6 -> 319542.2 | I6: =LN(H6/G6) -> 0.5949859 | J6: =I6-(aa-bb*G6) -> -0.42555802 | K6: 1952 | L6: 176250 | M6: 283055 | O6: =AW6 -> Cass | P6: =AX6 -> 1952 | Q6: =BG6 -> 176250 | R6: =BH6 -> 927000 | S6: =1-Q6/R6 -> 0.80987055 | U6: =$R9*U$2 -> 119129.7 | V6: =$R10*V$2 -> 169576.2 | W6: =$R11*W$2 -> 30836.3 | X6: =$R12*X$2 -> 0 | Y6: =SUM(U6:X6) -> 319542.2 | AD6: =Y6 -> 319542.2 | AE6: =B6 -> 1952 | AF6: =U6/$Y6 -> 0.37281367 | AG6: =V6/$Y6 -> 0.53068484 | AH6: =W6/$Y6 -> 0.096501495 | AJ6: =B6 -> 1952 | AK6: =R6 -> 927000 | AL6: =CHOOSE(umethod,S6,retroU,MAX(0,cslope*(AK6-nlim)/AK6)) -> 0.80987055 | AM6: =AK6*(1-AL6) -> 176250 | AN6: =AM6*EXP(aa-bb*AM6+J6) -> 319542.2 | AO6: =AK6-AM6 -> 750750 | AS6: =retroY -> 26591286 | AW6: Cass | AX6: 1952 | AY6: 191249 | AZ6: N/A | BA6: 108 | BB6: 0 | BC6: 0 | BD6: 559393 | BE6: 750750 | BF6: 0.81 | BG6: 176250 | BH6: 927000 | BI6: =BE6/BH6 -> 0.80987055 | BJ6: =AY6/BH6 -> 0.2063096 | BK6: =BA6/(BH6-AY6) -> 0.00014678879 | BL6: =BD6/(BH6-AY6-BA6-BC6) -> 0.76041368 | BM6: =BE6/BH6 -> 0.80987055 | BN6: =BG6*BM6/(1-BM6) -> 750750 | BP6: =BJ6/(SUM($BJ6:$BL6)) -> 0.21337883 | BQ6: =BK6/(SUM($BJ6:$BL6)) -> 0.00015181853 | BR6: =BL6/(SUM($BJ6:$BL6)) -> 0.78646935 | CB6: Source | CC6: Year | CD6: Total Returns | CE6: Areas 11 to 13 | CF6: Area 14 | CG6: Areas 20 & 21 | CH6: Areas 7 & 7a | CI6: Areas 4b, 5, 6c | CJ6: Fraser | CK6: Gross Escapement | CL6: Gross Esc+catch | CN6: Total exploitation rate | CO6: Year | CP6: %dif tot returns | CQ6: %dif gross escape
A7: =O7 -> Grant | B7: =K7 -> 1953 | C7: =L7 -> 137225 | D7: =M7 -> 312122 | E7: =LN(D7/C7) -> 0.82177222 | F7: =A7 -> Grant | G7: =Q7 -> 137625 | H7: =Y7 -> 325788.8 | I7: =LN(H7/G7) -> 0.86171672 | J7: =I7-(aa-bb*G7) -> -0.18260684 | K7: 1953 | L7: 137225 | M7: 312122 | O7: =CB7 -> Grant | P7: =CC7 -> 1953 | Q7: =CK7 -> 137625 | R7: =CD7 -> 918122 | S7: =1-Q7/R7 -> 0.85010162 | U7: =$R10*U$2 -> 84788.1 | V7: =$R11*V$2 -> 185017.8 | W7: =$R12*W$2 -> 55982.9 | X7: =$R13*X$2 -> 0 | Y7: =SUM(U7:X7) -> 325788.8 | AD7: =Y7 -> 325788.8 | AE7: =B7 -> 1953 | AF7: =U7/$Y7 -> 0.2602548 | AG7: =V7/$Y7 -> 0.56790718 | AH7: =W7/$Y7 -> 0.17183801 | AJ7: =B7 -> 1953 | AK7: =R7 -> 918122 | AL7: =CHOOSE(umethod,S7,retroU,MAX(0,cslope*(AK7-nlim)/AK7)) -> 0.85010162 | AM7: =AK7*(1-AL7) -> 137625 | AN7: =AM7*EXP(aa-bb*AM7+J7) -> 325788.8 | AO7: =AK7-AM7 -> 780497 | AR7: 0.05 | AS7: 26591286 | AW7: Cass | AX7: 1953 | AY7: 465021 | AZ7: N/A | BA7: 404 | BB7: 0 | BC7: 0 | BD7: 331804 | BE7: 797229 | BF7: 0.85 | BG7: 137225 | BH7: 934454 | BI7: =BE7/BH7 -> 0.85314954 | BJ7: =AY7/BH7 -> 0.49763926 | BK7: =BA7/(BH7-AY7) -> 0.0008606127 | BL7: =BD7/(BH7-AY7-BA7-BC7) -> 0.70742747 | BM7: =BE7/BH7 -> 0.85314954 | BN7: =BG7*BM7/(1-BM7) -> 797229 | BP7: =BJ7/(SUM($BJ7:$BL7)) -> 0.41266106 | BQ7: =BK7/(SUM($BJ7:$BL7)) -> 0.00071365219 | BR7: =BL7/(SUM($BJ7:$BL7)) -> 0.58662528 | CB7: Grant | CC7: 1953 | CD7: 918122 | CE7: 434551 | CF7: 10184 | CG7: 3947 | CH7: 0 | CI7: 0 | CJ7: 331815 | CK7: 137625 | CL7: =SUM(CE7:CK7) -> 918122 | CN7: 0.85 | CO7: =CC7 -> 1953 | CP7: =(CD7-BH7)/BH7 -> -0.017477586 | CQ7: =(CK7-BG7)/BG7 -> 0.0029149208
A8: =O8 -> Grant | B8: =K8 -> 1954 | C8: =L8 -> 86375 | D8: =M8 -> 504589 | E8: =LN(D8/C8) -> 1.765046 | F8: =A8 -> Grant | G8: =Q8 -> 86375 | H8: =Y8 -> 493568.5 | I8: =LN(H8/G8) -> 1.7429634 | J8: =I8-(aa-bb*G8) -> 0.66708753 | K8: 1954 | L8: 86375 | M8: 504589 | O8: =CB8 -> Grant | P8: =CC8 -> 1954 | Q8: =CK8 -> 86375 | R8: =CD8 -> 1096517 | S8: =1-Q8/R8 -> 0.92122785 | U8: =$R11*U$2 -> 92508.9 | V8: =$R12*V$2 -> 335897.4 | W8: =$R13*W$2 -> 65162.2 | X8: =$R14*X$2 -> 0 | Y8: =SUM(U8:X8) -> 493568.5 | AD8: =Y8 -> 493568.5 | AE8: =B8 -> 1954 | AF8: =U8/$Y8 -> 0.1874287 | AG8: =V8/$Y8 -> 0.6805487 | AH8: =W8/$Y8 -> 0.13202261 | AJ8: =B8 -> 1954 | AK8: =R8 -> 1096517 | AL8: =CHOOSE(umethod,S8,retroU,MAX(0,cslope*(AK8-nlim)/AK8)) -> 0.92122785 | AM8: =AK8*(1-AL8) -> 86375 | AN8: =AM8*EXP(aa-bb*AM8+J8) -> 493568.5 | AO8: =AK8-AM8 -> 1010142 | AR8: 0.1 | AS8: 26591286 | AW8: Cass | AX8: 1954 | AY8: 590473 | AZ8: N/A | BA8: 253 | BB8: 0 | BC8: 0 | BD8: 457750 | BE8: 1048476 | BF8: 0.92 | BG8: 86375 | BH8: 1134851 | BI8: =BE8/BH8 -> 0.92388869 | BJ8: =AY8/BH8 -> 0.52030883 | BK8: =BA8/(BH8-AY8) -> 0.0004647506 | BL8: =BD8/(BH8-AY8-BA8-BC8) -> 0.8412589 | BM8: =BE8/BH8 -> 0.92388869 | BN8: =BG8*BM8/(1-BM8) -> 1048476 | BP8: =BJ8/(SUM($BJ8:$BL8)) -> 0.38200912 | BQ8: =BK8/(SUM($BJ8:$BL8)) -> 0.00034121844 | BR8: =BL8/(SUM($BJ8:$BL8)) -> 0.61764966 | CB8: Grant | CC8: 1954 | CD8: 1096517 | CE8: 542719 | CF8: 8768 | CG8: 1248 | CH8: 0 | CI8: 0 | CJ8: 457407 | CK8: 86375 | CL8: =SUM(CE8:CK8) -> 1096517 | CN8: 0.921 | CO8: =CC8 -> 1954 | CP8: =(CD8-BH8)/BH8 -> -0.033778884 | CQ8: =(CK8-BG8)/BG8 -> 0
A9: =O9 -> Grant | B9: =K9 -> 1955 | C9: =L9 -> 110500 | D9: =M9 -> 592568 | E9: =LN(D9/C9) -> 1.6794501 | F9: =A9 -> Grant | G9: =Q9 -> 110500 | H9: =Y9 -> 597993.3 | I9: =LN(H9/G9) -> 1.688564 | J9: =I9-(aa-bb*G9) -> 0.62754085 | K9: 1955 | L9: 110500 | M9: 592568 | O9: =CB9 -> Grant | P9: =CC9 -> 1955 | Q9: =CK9 -> 110500 | R9: =CD9 -> 397099 | S9: =1-Q9/R9 -> 0.72173186 | U9: =$R12*U$2 -> 167948.7 | V9: =$R13*V$2 -> 390973.2 | W9: =$R14*W$2 -> 39071.4 | X9: =$R15*X$2 -> 0 | Y9: =SUM(U9:X9) -> 597993.3 | AD9: =Y9 -> 597993.3 | AE9: =B9 -> 1955 | AF9: =U9/$Y9 -> 0.28085382 | AG9: =V9/$Y9 -> 0.65380866 | AH9: =W9/$Y9 -> 0.065337521 | AJ9: =B9 -> 1955 | AK9: =AF6*AN6+AG5*AN5 -> 357389.1 | AL9: =CHOOSE(umethod,S9,retroU,MAX(0,cslope*(AK9-nlim)/AK9)) -> 0.72173186 | AM9: =AK9*(1-AL9) -> 99450 | AN9: =AM9*EXP(aa-bb*AM9+J9) -> 541867.77 | AO9: =AK9-AM9 -> 257939.1 | AR9: 0.15 | AS9: 26591286 | AW9: Cass | AX9: 1955 | AY9: 143565 | AZ9: N/A | BA9: 759 | BB9: 0 | BC9: 9 | BD9: 103297 | BE9: 247630 | BF9: 0.69 | BG9: 110500 | BH9: 358130 | BI9: =BE9/BH9 -> 0.69145282 | BJ9: =AY9/BH9 -> 0.40087398 | BK9: =BA9/(BH9-AY9) -> 0.0035373896 | BL9: =BD9/(BH9-AY9-BA9-BC9) -> 0.48315458 | BM9: =BE9/BH9 -> 0.69145282 | BN9: =BG9*BM9/(1-BM9) -> 247630 | BP9: =BJ9/(SUM($BJ9:$BL9)) -> 0.45165543 | BQ9: =BK9/(SUM($BJ9:$BL9)) -> 0.0039854949 | BR9: =BL9/(SUM($BJ9:$BL9)) -> 0.54435907 | CB9: Grant | CC9: 1955 | CD9: 397099 | CE9: 174665 | CF9: 634 | CG9: 8217 | CH9: 0 | CI9: 0 | CJ9: 103084 | CK9: 110500 | CL9: =SUM(CE9:CK9) -> 397100 | CN9: 0.722 | CO9: =CC9 -> 1955 | CP9: =(CD9-BH9)/BH9 -> 0.10881244 | CQ9: =(CK9-BG9)/BG9 -> 0
A10: =O10 -> Grant | B10: =K10 -> 1956 | C10: =L10 -> 32925 | D10: =M10 -> 518932 | E10: =LN(D10/C10) -> 2.7575406 | F10: =A10 -> Grant | G10: =Q10 -> 32950 | H10: =Y10 -> 455279.4 | I10: =LN(H10/G10) -> 2.62592 | J10: =I10-(aa-bb*G10) -> 1.5171529 | K10: 1956 | L10: 32925 | M10: 518932 | O10: =CB10 -> Grant | P10: =CC10 -> 1956 | Q10: =CK10 -> 32950 | R10: =CD10 -> 282627 | S10: =1-Q10/R10 -> 0.88341524 | U10: =$R13*U$2 -> 195486.6 | V10: =$R14*V$2 -> 234428.4 | W10: =$R15*W$2 -> 25364.4 | X10: =$R16*X$2 -> 0 | Y10: =SUM(U10:X10) -> 455279.4 | AD10: =Y10 -> 455279.4 | AE10: =B10 -> 1956 | AF10: =U10/$Y10 -> 0.42937721 | AG10: =V10/$Y10 -> 0.51491106 | AH10: =W10/$Y10 -> 0.055711723 | AJ10: =B10 -> 1956 | AK10: =AF7*AN7+AG6*AN6+AH5*AN5 -> 282627 | AL10: =CHOOSE(umethod,S10,retroU,MAX(0,cslope*(AK10-nlim)/AK10)) -> 0.88341524 | AM10: =AK10*(1-AL10) -> 32950 | AN10: =AM10*EXP(aa-bb*AM10+J10) -> 455279.4 | AO10: =AK10-AM10 -> 249677 | AR10: 0.2 | AS10: 26591286 | AW10: Cass | AX10: 1956 | AY10: 155668 | AZ10: N/A | BA10: 61 | BB10: 0 | BC10: 0 | BD10: 72958 | BE10: 228687 | BF10: 0.87 | BG10: 32925 | BH10: 261612 | BI10: =BE10/BH10 -> 0.87414568 | BJ10: =AY10/BH10 -> 0.59503387 | BK10: =BA10/(BH10-AY10) -> 0.00057577588 | BL10: =BD10/(BH10-AY10-BA10-BC10) -> 0.68904357 | BM10: =BE10/BH10 -> 0.87414568 | BN10: =BG10*BM10/(1-BM10) -> 228687 | BP10: =BJ10/(SUM($BJ10:$BL10)) -> 0.46318638 | BQ10: =BK10/(SUM($BJ10:$BL10)) -> 0.00044819557 | BR10: =BL10/(SUM($BJ10:$BL10)) -> 0.53636543 | CB10: Grant | CC10: 1956 | CD10: 282627 | CE10: 175589 | CF10: 685 | CG10: 591 | CH10: 0 | CI10: 0 | CJ10: 72812 | CK10: 32950 | CL10: =SUM(CE10:CK10) -> 282627 | CN10: 0.883 | CO10: =CC10 -> 1956 | CP10: =(CD10-BH10)/BH10 -> 0.080328884 | CQ10: =(CK10-BG10)/BG10 -> 0.00075930144
A11: =O11 -> Grant | B11: =K11 -> 1957 | C11: =L11 -> 84630 | D11: =M11 -> 353281 | E11: =LN(D11/C11) -> 1.428975 | F11: =A11 -> Grant | G11: =Q11 -> 84655 | H11: =Y11 -> 294324.5 | I11: =LN(H11/G11) -> 1.2460987 | J11: =I11-(aa-bb*G11) -> 0.16916396 | K11: 1957 | L11: 84630 | M11: 353281 | O11: =CB11 -> Grant | P11: =CC11 -> 1957 | Q11: =CK11 -> 84655 | R11: =CD11 -> 308363 | S11: =1-Q11/R11 -> 0.72546966 | U11: =$R14*U$2 -> 117214.2 | V11: =$R15*V$2 -> 152186.4 | W11: =$R16*W$2 -> 24923.9 | X11: =$R17*X$2 -> 0 | Y11: =SUM(U11:X11) -> 294324.5 | AD11: =Y11 -> 294324.5 | AE11: =B11 -> 1957 | AF11: =U11/$Y11 -> 0.39824819 | AG11: =V11/$Y11 -> 0.5170701 | AH11: =W11/$Y11 -> 0.084681703 | AJ11: =B11 -> 1957 | AK11: =AF8*AN8+AG7*AN7+AH6*AN6 -> 308363 | AL11: =CHOOSE(umethod,S11,retroU,MAX(0,cslope*(AK11-nlim)/AK11)) -> 0.72546966 | AM11: =AK11*(1-AL11) -> 84655 | AN11: =AM11*EXP(aa-bb*AM11+J11) -> 294324.5 | AO11: =AK11-AM11 -> 223708 | AR11: 0.25 | AS11: 26591286 | AW11: Cass | AX11: 1957 | AY11: 92528 | AZ11: N/A | BA11: 123 | BB11: 0 | BC11: 48 | BD11: 124319 | BE11: 217018 | BF11: 0.72 | BG11: 84630 | BH11: 301648 | BI11: =BE11/BH11 -> 0.7194412 | BJ11: =AY11/BH11 -> 0.30674163 | BK11: =BA11/(BH11-AY11) -> 0.00058817904 | BL11: =BD11/(BH11-AY11-BA11-BC11) -> 0.59497294 | BM11: =BE11/BH11 -> 0.7194412 | BN11: =BG11*BM11/(1-BM11) -> 217018 | BP11: =BJ11/(SUM($BJ11:$BL11)) -> 0.33995423 | BQ11: =BK11/(SUM($BJ11:$BL11)) -> 0.0006518644 | BR11: =BL11/(SUM($BJ11:$BL11)) -> 0.65939391 | CB11: Grant | CC11: 1957 | CD11: 308363 | CE11: 97399 | CF11: 600 | CG11: 1444 | CH11: 0 | CI11: 0 | CJ11: 124265 | CK11: 84655 | CL11: =SUM(CE11:CK11) -> 308363 | CN11: 0.725 | CO11: =CC11 -> 1957 | CP11: =(CD11-BH11)/BH11 -> 0.022261046 | CQ11: =(CK11-BG11)/BG11 -> 0.00029540352
A12: =O12 -> Grant | B12: =K12 -> 1958 | C12: =L12 -> 89375 | D12: =M12 -> 302174 | E12: =LN(D12/C12) -> 1.218162 | F12: =A12 -> Grant | G12: =Q12 -> 89400 | H12: =Y12 -> 259625 | I12: =LN(H12/G12) -> 1.0661176 | J12: =I12-(aa-bb*G12) -> -0.0078958852 | K12: 1958 | L12: 89375 | M12: 302174 | O12: =CB12 -> Grant | P12: =CC12 -> 1958 | Q12: =CK12 -> 89400 | R12: =CD12 -> 559829 | S12: =1-Q12/R12 -> 0.84030838 | U12: =$R15*U$2 -> 76093.2 | V12: =$R16*V$2 -> 149543.4 | W12: =$R17*W$2 -> 33988.4 | X12: =$R18*X$2 -> 0 | Y12: =SUM(U12:X12) -> 259625 | AD12: =Y12 -> 259625 | AE12: =B12 -> 1958 | AF12: =U12/$Y12 -> 0.29308888 | AG12: =V12/$Y12 -> 0.57599769 | AH12: =W12/$Y12 -> 0.13091343 | AJ12: =B12 -> 1958 | AK12: =AF9*AN9+AG8*AN8+AH7*AN7 -> 544065.93 | AL12: =CHOOSE(umethod,S12,retroU,MAX(0,cslope*(AK12-nlim)/AK12)) -> 0.84030838 | AM12: =AK12*(1-AL12) -> 86882.77 | AN12: =AM12*EXP(aa-bb*AM12+J12) -> 252706.08 | AO12: =AK12-AM12 -> 457183.16 | AR12: 0.3 | AS12: 26591286 | AW12: Cass | AX12: 1958 | AY12: 252287 | AZ12: N/A | BA12: 1178 | BB12: 0 | BC12: 690 | BD12: 202075 | BE12: 456230 | BF12: 0.84 | BG12: 89375 | BH12: 545605 | BI12: =BE12/BH12 -> 0.83619102 | BJ12: =AY12/BH12 -> 0.46239862 | BK12: =BA12/(BH12-AY12) -> 0.004016119 | BL12: =BD12/(BH12-AY12-BA12-BC12) -> 0.69334363 | BM12: =BE12/BH12 -> 0.83619102 | BN12: =BG12*BM12/(1-BM12) -> 456230 | BP12: =BJ12/(SUM($BJ12:$BL12)) -> 0.39870255 | BQ12: =BK12/(SUM($BJ12:$BL12)) -> 0.0034628929 | BR12: =BL12/(SUM($BJ12:$BL12)) -> 0.59783455 | CB12: Grant | CC12: 1958 | CD12: 559829 | CE12: 247648 | CF12: 8879 | CG12: 11935 | CH12: 0 | CI12: 0 | CJ12: 201968 | CK12: 89400 | CL12: =SUM(CE12:CK12) -> 559830 | CN12: 0.84 | CO12: =CC12 -> 1958 | CP12: =(CD12-BH12)/BH12 -> 0.026070142 | CQ12: =(CK12-BG12)/BG12 -> 0.00027972028
A13: =O13 -> Grant | B13: =K13 -> 1959 | C13: =L13 -> 152300 | D13: =M13 -> 361837 | E13: =LN(D13/C13) -> 0.86534157 | F13: =A13 -> Grant | G13: =Q13 -> 152300 | H13: =Y13 -> 315857.7 | I13: =LN(H13/G13) -> 0.72943954 | J13: =I13-(aa-bb*G13) -> -0.30584931 | K13: 1959 | L13: 152300 | M13: 361837 | O13: =CB13 -> Grant | P13: =CC13 -> 1959 | Q13: =CK13 -> 152300 | R13: =CD13 -> 651622 | S13: =1-Q13/R13 -> 0.76627554 | U13: =$R16*U$2 -> 74771.7 | V13: =$R17*V$2 -> 203930.4 | W13: =$R18*W$2 -> 37155.6 | X13: =$R19*X$2 -> 0 | Y13: =SUM(U13:X13) -> 315857.7 | AD13: =Y13 -> 315857.7 | AE13: =B13 -> 1959 | AF13: =U13/$Y13 -> 0.23672591 | AG13: =V13/$Y13 -> 0.64564011 | AH13: =W13/$Y13 -> 0.11763399 | AJ13: =B13 -> 1959 | AK13: =AF10*AN10+AG9*AN9+AH8*AN8 -> 614926.64 | AL13: =CHOOSE(umethod,S13,retroU,MAX(0,cslope*(AK13-nlim)/AK13)) -> 0.76627554 | AM13: =AK13*(1-AL13) -> 143723.4 | AN13: =AM13*EXP(aa-bb*AM13+J13) -> 299648.57 | AO13: =AK13-AM13 -> 471203.25 | AR13: 0.35 | AS13: 26591286 | AW13: Cass | AX13: 1959 | AY13: 218898 | AZ13: N/A | BA13: 1448 | BB13: 0 | BC13: 996 | BD13: 237091 | BE13: 458433 | BF13: 0.75 | BG13: 152300 | BH13: 610733 | BI13: =BE13/BH13 -> 0.75062752 | BJ13: =AY13/BH13 -> 0.35841849 | BK13: =BA13/(BH13-AY13) -> 0.003695433 | BL13: =BD13/(BH13-AY13-BA13-BC13) -> 0.60887642 | BM13: =BE13/BH13 -> 0.75062752 | BN13: =BG13*BM13/(1-BM13) -> 458433 | BP13: =BJ13/(SUM($BJ13:$BL13)) -> 0.36912673 | BQ13: =BK13/(SUM($BJ13:$BL13)) -> 0.0038058391 | BR13: =BL13/(SUM($BJ13:$BL13)) -> 0.62706743 | CB13: Grant | CC13: 1959 | CD13: 651622 | CE13: 241353 | CF13: 5430 | CG13: 15632 | CH13: 0 | CI13: 0 | CJ13: 236907 | CK13: 152300 | CL13: =SUM(CE13:CK13) -> 651622 | CN13: 0.766 | CO13: =CC13 -> 1959 | CP13: =(CD13-BH13)/BH13 -> 0.066950697 | CQ13: =(CK13-BG13)/BG13 -> 0
A14: =O14 -> Grant | B14: =K14 -> 1960 | C14: =L14 -> 263700 | D14: =M14 -> 416907 | E14: =LN(D14/C14) -> 0.45805108 | F14: =A14 -> Grant | G14: =Q14 -> 144782 | H14: =Y14 -> 341946 | I14: =LN(H14/G14) -> 0.85942367 | J14: =I14-(aa-bb*G14) -> -0.18049366 | K14: 1960 | L14: 263700 | M14: 416907 | O14: =CB14 -> Grant | P14: =CC14 -> 1960 | Q14: =CK14 -> 144782 | R14: =CD14 -> 390714 | S14: =1-Q14/R14 -> 0.62944251 | U14: =$R17*U$2 -> 101965.2 | V14: =$R18*V$2 -> 222933.6 | W14: =$R19*W$2 -> 17047.2 | X14: =$R20*X$2 -> 0 | Y14: =SUM(U14:X14) -> 341946 | AD14: =Y14 -> 341946 | AE14: =B14 -> 1960 | AF14: =U14/$Y14 -> 0.29819094 | AG14: =V14/$Y14 -> 0.65195557 | AH14: =W14/$Y14 -> 0.049853486 | AJ14: =B14 -> 1960 | AK14: =AF11*AN11+AG10*AN10+AH9*AN9 -> 387046.9 | AL14: =CHOOSE(umethod,S14,retroU,MAX(0,cslope*(AK14-nlim)/AK14)) -> 0.62944251 | AM14: =AK14*(1-AL14) -> 143423.13 | AN14: =AM14*EXP(aa-bb*AM14+J14) -> 339020.12 | AO14: =AK14-AM14 -> 243623.77 | AR14: 0.4 | AS14: 26591286 | AW14: Cass | AX14: 1960 | AY14: 146889 | AZ14: N/A | BA14: 4618 | BB14: 21523 | BC14: 185 | BD14: 77262 | BE14: 250476 | BF14: 0.49 | BG14: 263700 | BH14: 514176 | BI14: =BE14/BH14 -> 0.48714059 | BJ14: =AY14/BH14 -> 0.28567844 | BK14: =BA14/(BH14-AY14) -> 0.012573274 | BL14: =BD14/(BH14-AY14-BA14-BC14) -> 0.21314596 | BM14: =BE14/BH14 -> 0.48714059 | BN14: =BG14*BM14/(1-BM14) -> 250476 | BP14: =BJ14/(SUM($BJ14:$BL14)) -> 0.55862288 | BQ14: =BK14/(SUM($BJ14:$BL14)) -> 0.024586099 | BR14: =BL14/(SUM($BJ14:$BL14)) -> 0.41679102 | CB14: Grant | CC14: 1960 | CD14: 390714 | CE14: 141635 | CF14: 1189 | CG14: 4310 | CH14: 21523 | CI14: 185 | CJ14: 77090 | CK14: 144782 | CL14: =SUM(CE14:CK14) -> 390714 | CN14: 0.629 | CO14: =CC14 -> 1960 | CP14: =(CD14-BH14)/BH14 -> -0.24011622 | CQ14: =(CK14-BG14)/BG14 -> -0.45095942
A15: =O15 -> Grant | B15: =K15 -> 1961 | C15: =L15 -> 172700 | D15: =M15 -> 288161 | E15: =LN(D15/C15) -> 0.51196337 | F15: =A15 -> Grant | G15: =Q15 -> 103920 | H15: =Y15 -> 255725.9 | I15: =LN(H15/G15) -> 0.9004848 | J15: =I15-(aa-bb*G15) -> -0.16458939 | K15: 1961 | L15: 172700 | M15: 288161 | O15: =CB15 -> Grant | P15: =CC15 -> 1961 | Q15: =CK15 -> 103920 | R15: =CD15 -> 253644 | S15: =1-Q15/R15 -> 0.59029191 | U15: =$R18*U$2 -> 111466.8 | V15: =$R19*V$2 -> 102283.2 | W15: =$R20*W$2 -> 41975.9 | X15: =$R21*X$2 -> 0 | Y15: =SUM(U15:X15) -> 255725.9 | AD15: =Y15 -> 255725.9 | AE15: =B15 -> 1961 | AF15: =U15/$Y15 -> 0.43588389 | AG15: =V15/$Y15 -> 0.399972 | AH15: =W15/$Y15 -> 0.16414411 | AJ15: =B15 -> 1961 | AK15: =AF12*AN12+AG11*AN11+AH10*AN10 -> 251616.14 | AL15: =CHOOSE(umethod,S15,retroU,MAX(0,cslope*(AK15-nlim)/AK15)) -> 0.59029191 | AM15: =AK15*(1-AL15) -> 103089.17 | AN15: =AM15*EXP(aa-bb*AM15+J15) -> 253811.19 | AO15: =AK15-AM15 -> 148526.97 | AR15: 0.45 | AS15: 26591286 | AW15: Cass | AX15: 1961 | AY15: 65963 | AZ15: N/A | BA15: 5894 | BB15: 15803 | BC15: 20 | BD15: 57545 | BE15: 145224 | BF15: 0.46 | BG15: 172700 | BH15: 317924 | BI15: =BE15/BH15 -> 0.45678841 | BJ15: =AY15/BH15 -> 0.2074804 | BK15: =BA15/(BH15-AY15) -> 0.023392509 | BL15: =BD15/(BH15-AY15-BA15-BC15) -> 0.23387808 | BM15: =BE15/BH15 -> 0.45678841 | BN15: =BG15*BM15/(1-BM15) -> 145224 | BP15: =BJ15/(SUM($BJ15:$BL15)) -> 0.44643348 | BQ15: =BK15/(SUM($BJ15:$BL15)) -> 0.050333425 | BR15: =BL15/(SUM($BJ15:$BL15)) -> 0.50323309 | CB15: Grant | CC15: 1961 | CD15: 253644 | CE15: 69640 | CF15: 1131 | CG15: 5676 | CH15: 15803 | CI15: 20 | CJ15: 57454 | CK15: 103920 | CL15: =SUM(CE15:CK15) -> 253644 | CN15: 0.59 | CO15: =CC15 -> 1961 | CP15: =(CD15-BH15)/BH15 -> -0.20218669 | CQ15: =(CK15-BG15)/BG15 -> -0.39826288
A16: =O16 -> Grant | B16: =K16 -> 1962 | C16: =L16 -> 180200 | D16: =M16 -> 423280 | E16: =LN(D16/C16) -> 0.85396655 | F16: =A16 -> Grant | G16: =Q16 -> 130357 | H16: =Y16 -> 335297.3 | I16: =LN(H16/G16) -> 0.94474076 | J16: =I16-(aa-bb*G16) -> -0.10405738 | K16: 1962 | L16: 180200 | M16: 423280 | O16: =CB16 -> Grant | P16: =CC16 -> 1962 | Q16: =CK16 -> 130357 | R16: =CD16 -> 249239 | S16: =1-Q16/R16 -> 0.47697993 | U16: =$R19*U$2 -> 51141.6 | V16: =$R20*V$2 -> 251855.4 | W16: =$R21*W$2 -> 32300.3 | X16: =$R22*X$2 -> 0 | Y16: =SUM(U16:X16) -> 335297.3 | AD16: =Y16 -> 335297.3 | AE16: =B16 -> 1962 | AF16: =U16/$Y16 -> 0.15252613 | AG16: =V16/$Y16 -> 0.75114055 | AH16: =W16/$Y16 -> 0.096333314 | AJ16: =B16 -> 1962 | AK16: =AF13*AN13+AG12*AN12+AH11*AN11 -> 241416.6 | AL16: =CHOOSE(umethod,S16,retroU,MAX(0,cslope*(AK16-nlim)/AK16)) -> 0.47697993 | AM16: =AK16*(1-AL16) -> 126265.73 | AN16: =AM16*EXP(aa-bb*AM16+J16) -> 325593.02 | AO16: =AK16-AM16 -> 115150.87 | AR16: 0.5 | AS16: 26591286 | AW16: Cass | AX16: 1962 | AY16: 36568 | AZ16: N/A | BA16: 8034 | BB16: 8741 | BC16: 33 | BD16: 58870 | BE16: 112245 | BF16: 0.38 | BG16: 180200 | BH16: 292445 | BI16: =BE16/BH16 -> 0.38381576 | BJ16: =AY16/BH16 -> 0.12504232 | BK16: =BA16/(BH16-AY16) -> 0.031397898 | BL16: =BD16/(BH16-AY16-BA16-BC16) -> 0.23756103 | BM16: =BE16/BH16 -> 0.38381576 | BN16: =BG16*BM16/(1-BM16) -> 112245 | BP16: =BJ16/(SUM($BJ16:$BL16)) -> 0.31736528 | BQ16: =BK16/(SUM($BJ16:$BL16)) -> 0.079689844 | BR16: =BL16/(SUM($BJ16:$BL16)) -> 0.60294488 | CB16: Grant | CC16: 1962 | CD16: 249239 | CE16: 42750 | CF16: 1338 | CG16: 7155 | CH16: 8741 | CI16: 33 | CJ16: 58866 | CK16: 130357 | CL16: =SUM(CE16:CK16) -> 249240 | CN16: 0.477 | CO16: =CC16 -> 1962 | CP16: =(CD16-BH16)/BH16 -> -0.1477406 | CQ16: =(CK16-BG16)/BG16 -> -0.27659822
A17: =O17 -> Grant | B17: =K17 -> 1963 | C17: =L17 -> 214200 | D17: =M17 -> 430785 | E17: =LN(D17/C17) -> 0.69869897 | F17: =A17 -> Grant | G17: =Q17 -> 192245 | H17: =Y17 -> 435055.2 | I17: =LN(H17/G17) -> 0.81670232 | J17: =I17-(aa-bb*G17) -> -0.19399422 | K17: 1963 | L17: 214200 | M17: 430785 | O17: =CB17 -> Grant | P17: =CC17 -> 1963 | Q17: =CK17 -> 192245 | R17: =CD17 -> 339884 | S17: =1-Q17/R17 -> 0.43438055 | U17: =$R20*U$2 -> 125927.7 | V17: =$R21*V$2 -> 193801.8 | W17: =$R22*W$2 -> 115325.7 | X17: =$R23*X$2 -> 0 | Y17: =SUM(U17:X17) -> 435055.2 | AD17: =Y17 -> 435055.2 | AE17: =B17 -> 1963 | AF17: =U17/$Y17 -> 0.28945224 | AG17: =V17/$Y17 -> 0.44546485 | AH17: =W17/$Y17 -> 0.26508291 | AJ17: =B17 -> 1963 | AK17: =AF14*AN14+AG13*AN13+AH12*AN12 -> 327640.49 | AL17: =CHOOSE(umethod,S17,retroU,MAX(0,cslope*(AK17-nlim)/AK17)) -> 0.43438055 | AM17: =AK17*(1-AL17) -> 185319.83 | AN17: =AM17*EXP(aa-bb*AM17+J17) -> 421175.23 | AO17: =AK17-AM17 -> 142320.66 | AR17: 0.55 | AS17: 26591286 | AW17: Cass | AX17: 1963 | AY17: 75293 | AZ17: N/A | BA17: 9163 | BB17: 9807 | BC17: 360 | BD17: 64548 | BE17: 159172 | BF17: 0.43 | BG17: 214200 | BH17: 373372 | BI17: =BE17/BH17 -> 0.42630942 | BJ17: =AY17/BH17 -> 0.20165679 | BK17: =BA17/(BH17-AY17) -> 0.030740173 | BL17: =BD17/(BH17-AY17-BA17-BC17) -> 0.22369315 | BM17: =BE17/BH17 -> 0.42630942 | BN17: =BG17*BM17/(1-BM17) -> 159172 | BP17: =BJ17/(SUM($BJ17:$BL17)) -> 0.44214243 | BQ17: =BK17/(SUM($BJ17:$BL17)) -> 0.067399341 | BR17: =BL17/(SUM($BJ17:$BL17)) -> 0.49045823 | CB17: Grant | CC17: 1963 | CD17: 339884 | CE17: 65476 | CF17: 0 | CG17: 7567 | CH17: 9807 | CI17: 360 | CJ17: 64428 | CK17: 192245 | CL17: =SUM(CE17:CK17) -> 339883 | CN17: 0.434 | CO17: =CC17 -> 1963 | CP17: =(CD17-BH17)/BH17 -> -0.089690711 | CQ17: =(CK17-BG17)/BG17 -> -0.10249767
A18: =O18 -> Grant | B18: =K18 -> 1964 | C18: =L18 -> 325400 | D18: =M18 -> 1165723 | E18: =LN(D18/C18) -> 1.2760416 | F18: =A18 -> Grant | G18: =Q18 -> 246741 | H18: =Y18 -> 846704.4 | I18: =LN(H18/G18) -> 1.2330124 | J18: =I18-(aa-bb*G18) -> 0.25586658 | K18: 1964 | L18: 325400 | M18: 1165723 | O18: =CB18 -> Grant | P18: =CC18 -> 1964 | Q18: =CK18 -> 246741 | R18: =CD18 -> 371556 | S18: =1-Q18/R18 -> 0.33592514 | U18: =$R21*U$2 -> 96900.9 | V18: =$R22*V$2 -> 691954.2 | W18: =$R23*W$2 -> 57849.3 | X18: =$R24*X$2 -> 0 | Y18: =SUM(U18:X18) -> 846704.4 | AD18: =Y18 -> 846704.4 | AE18: =B18 -> 1964 | AF18: =U18/$Y18 -> 0.11444478 | AG18: =V18/$Y18 -> 0.81723232 | AH18: =W18/$Y18 -> 0.0683229 | AJ18: =B18 -> 1964 | AK18: =AF15*AN15+AG14*AN14+AH13*AN13 -> 366907.12 | AL18: =CHOOSE(umethod,S18,retroU,MAX(0,cslope*(AK18-nlim)/AK18)) -> 0.33592514 | AM18: =AK18*(1-AL18) -> 243653.8 | AN18: =AM18*EXP(aa-bb*AM18+J18) -> 837701.17 | AO18: =AK18-AM18 -> 123253.32 | AR18: 0.6 | AS18: 26591286 | AW18: Cass | AX18: 1964 | AY18: 27470 | AZ18: N/A | BA18: 9025 | BB18: 11350 | BC18: 437 | BD18: 73031 | BE18: 121313 | BF18: 0.27 | BG18: 325400 | BH18: 446713 | BI18: =BE18/BH18 -> 0.2715681 | BJ18: =AY18/BH18 -> 0.061493621 | BK18: =BA18/(BH18-AY18) -> 0.021526895 | BL18: =BD18/(BH18-AY18-BA18-BC18) -> 0.17821959 | BM18: =BE18/BH18 -> 0.2715681 | BN18: =BG18*BM18/(1-BM18) -> 121313 | BP18: =BJ18/(SUM($BJ18:$BL18)) -> 0.2353912 | BQ18: =BK18/(SUM($BJ18:$BL18)) -> 0.08240272 | BR18: =BL18/(SUM($BJ18:$BL18)) -> 0.68220608 | CB18: Grant | CC18: 1964 | CD18: 371556 | CE18: 31979 | CF18: 0 | CG18: 8372 | CH18: 11350 | CI18: 437 | CJ18: 72677 | CK18: 246741 | CL18: =SUM(CE18:CK18) -> 371556 | CN18: 0.336 | CO18: =CC18 -> 1964 | CP18: =(CD18-BH18)/BH18 -> -0.16824449 | CQ18: =(CK18-BG18)/BG18 -> -0.24173018
A19: =O19 -> Grant | B19: =K19 -> 1965 | C19: =L19 -> 184800 | D19: =M19 -> 851349 | E19: =LN(D19/C19) -> 1.527548 | F19: =A19 -> Grant | G19: =Q19 -> 129459 | H19: =Y19 -> 767008.4 | I19: =LN(H19/G19) -> 1.7791335 | J19: =I19-(aa-bb*G19) -> 0.72978253 | K19: 1965 | L19: 184800 | M19: 851349 | O19: =CB19 -> Grant | P19: =CC19 -> 1965 | Q19: =CK19 -> 129459 | R19: =CD19 -> 170472 | S19: =1-Q19/R19 -> 0.24058496 | U19: =$R22*U$2 -> 345977.1 | V19: =$R23*V$2 -> 347095.8 | W19: =$R24*W$2 -> 73935.5 | X19: =$R25*X$2 -> 0 | Y19: =SUM(U19:X19) -> 767008.4 | AD19: =Y19 -> 767008.4 | AE19: =B19 -> 1965 | AF19: =U19/$Y19 -> 0.45107342 | AG19: =V19/$Y19 -> 0.45253194 | AH19: =W19/$Y19 -> 0.096394642 | AJ19: =B19 -> 1965 | AK19: =AF16*AN16+AG15*AN15+AH14*AN14 -> 168080.15 | AL19: =CHOOSE(umethod,S19,retroU,MAX(0,cslope*(AK19-nlim)/AK19)) -> 0.24058496 | AM19: =AK19*(1-AL19) -> 127642.59 | AN19: =AM19*EXP(aa-bb*AM19+J19) -> 757092.86 | AO19: =AK19-AM19 -> 40437.556 | AR19: 0.65 | AS19: 26591286 | AW19: Cass | AX19: 1965 | AY19: 4270 | AZ19: N/A | BA19: 8713 | BB19: 5595 | BC19: 203 | BD19: 19329 | BE19: 38110 | BF19: 0.17 | BG19: 184800 | BH19: 222910 | BI19: =BE19/BH19 -> 0.17096586 | BJ19: =AY19/BH19 -> 0.019155713 | BK19: =BA19/(BH19-AY19) -> 0.039850896 | BL19: =BD19/(BH19-AY19-BA19-BC19) -> 0.092163987 | BM19: =BE19/BH19 -> 0.17096586 | BN19: =BG19*BM19/(1-BM19) -> 38110 | BP19: =BJ19/(SUM($BJ19:$BL19)) -> 0.12671587 | BQ19: =BK19/(SUM($BJ19:$BL19)) -> 0.26361539 | BR19: =BL19/(SUM($BJ19:$BL19)) -> 0.60966874 | CB19: Grant | CC19: 1965 | CD19: 170472 | CE19: 8447 | CF19: 0 | CG19: 7566 | CH19: 5595 | CI19: 203 | CJ19: 19202 | CK19: 129459 | CL19: =SUM(CE19:CK19) -> 170472 | CN19: 0.241 | CO19: =CC19 -> 1965 | CP19: =(CD19-BH19)/BH19 -> -0.23524292 | CQ19: =(CK19-BG19)/BG19 -> -0.29946429
A20: =O20 -> Grant | B20: =K20 -> 1966 | C20: =L20 -> 429700 | D20: =M20 -> 719419 | E20: =LN(D20/C20) -> 0.51535665 | F20: =A20 -> Grant | G20: =Q20 -> 360810 | H20: =Y20 -> 654797.3 | I20: =LN(H20/G20) -> 0.59597422 | J20: =I20-(aa-bb*G20) -> -0.31094458 | K20: 1966 | L20: 429700 | M20: 719419 | O20: =CB20 -> Grant | P20: =CC20 -> 1966 | Q20: =CK20 -> 360810 | R20: =CD20 -> 419759 | S20: =1-Q20/R20 -> 0.14043535 | U20: =$R23*U$2 -> 173547.9 | V20: =$R24*V$2 -> 443613 | W20: =$R25*W$2 -> 37636.4 | X20: =$R26*X$2 -> 0 | Y20: =SUM(U20:X20) -> 654797.3 | AD20: =Y20 -> 654797.3 | AE20: =B20 -> 1966 | AF20: =U20/$Y20 -> 0.26504065 | AG20: =V20/$Y20 -> 0.67748141 | AH20: =W20/$Y20 -> 0.05747794 | AJ20: =B20 -> 1966 | AK20: =AF17*AN17+AG16*AN16+AH15*AN15 -> 408137.85 | AL20: =CHOOSE(umethod,S20,retroU,MAX(0,cslope*(AK20-nlim)/AK20)) -> 0.14043535 | AM20: =AK20*(1-AL20) -> 350820.87 | AN20: =AM20*EXP(aa-bb*AM20+J20) -> 640596.53 | AO20: =AK20-AM20 -> 57316.979 | AW20: Cass | AX20: 1966 | AY20: 8860 | AZ20: N/A | BA20: 8219 | BB20: 10083 | BC20: 216 | BD20: 26054 | BE20: 53432 | BF20: 0.11 | BG20: 429700 | BH20: 483132 | BI20: =BE20/BH20 -> 0.11059503 | BJ20: =AY20/BH20 -> 0.018338673 | BK20: =BA20/(BH20-AY20) -> 0.017329718 | BL20: =BD20/(BH20-AY20-BA20-BC20) -> 0.055929435 | BM20: =BE20/BH20 -> 0.11059503 | BN20: =BG20*BM20/(1-BM20) -> 53432 | BP20: =BJ20/(SUM($BJ20:$BL20)) -> 0.20020861 | BQ20: =BK20/(SUM($BJ20:$BL20)) -> 0.18919355 | BR20: =BL20/(SUM($BJ20:$BL20)) -> 0.61059784 | CB20: Grant | CC20: 1966 | CD20: 419759 | CE20: 15213 | CF20: 0 | CG20: 7402 | CH20: 10083 | CI20: 216 | CJ20: 26035 | CK20: 360810 | CL20: =SUM(CE20:CK20) -> 419759 | CN20: 0.14 | CO20: =CC20 -> 1966 | CP20: =(CD20-BH20)/BH20 -> -0.13117119 | CQ20: =(CK20-BG20)/BG20 -> -0.16032115
A21: =O21 -> Grant | B21: =K21 -> 1967 | C21: =L21 -> 213873 | D21: =M21 -> 526762 | E21: =LN(D21/C21) -> 0.90136645 | F21: =A21 -> Grant | G21: =Q21 -> 213873 | H21: =Y21 -> 582606.9 | I21: =LN(H21/G21) -> 1.0021303 | J21: =I21-(aa-bb*G21) -> 0.0047491372 | K21: 1967 | L21: 213873 | M21: 526762 | O21: =CB21 -> Grant | P21: =CC21 -> 1967 | Q21: =CK21 -> 213873 | R21: =CD21 -> 323003 | S21: =1-Q21/R21 -> 0.33786064 | U21: =$R24*U$2 -> 221806.5 | V21: =$R25*V$2 -> 225818.4 | W21: =$R26*W$2 -> 134982 | X21: =$R27*X$2 -> 0 | Y21: =SUM(U21:X21) -> 582606.9 | AD21: =Y21 -> 582606.9 | AE21: =B21 -> 1967 | AF21: =U21/$Y21 -> 0.38071382 | AG21: =V21/$Y21 -> 0.38759994 | AH21: =W21/$Y21 -> 0.23168624 | AJ21: =B21 -> 1967 | AK21: =AF18*AN18+AG17*AN17+AH16*AN16 -> 314854.74 | AL21: =CHOOSE(umethod,S21,retroU,MAX(0,cslope*(AK21-nlim)/AK21)) -> 0.33786064 | AM21: =AK21*(1-AL21) -> 208477.72 | AN21: =AM21*EXP(aa-bb*AM21+J21) -> 569799.25 | AO21: =AK21-AM21 -> 106377.02 | AW21: Cass | AX21: 1967 | AY21: 36432 | AZ21: N/A | BA21: 11948 | BB21: 9206 | BC21: 688 | BD21: 55457 | BE21: 113731 | BF21: 0.35 | BG21: 213873 | BH21: 327604 | BI21: =BE21/BH21 -> 0.34715999 | BJ21: =AY21/BH21 -> 0.11120743 | BK21: =BA21/(BH21-AY21) -> 0.041034165 | BL21: =BD21/(BH21-AY21-BA21-BC21) -> 0.19910173 | BM21: =BE21/BH21 -> 0.34715999 | BN21: =BG21*BM21/(1-BM21) -> 113731 | BP21: =BJ21/(SUM($BJ21:$BL21)) -> 0.31652069 | BQ21: =BK21/(SUM($BJ21:$BL21)) -> 0.11679221 | BR21: =BL21/(SUM($BJ21:$BL21)) -> 0.5666871 | CB21: Grant | CC21: 1967 | CD21: 323003 | CE21: 35962 | CF21: 0 | CG21: 7824 | CH21: 9206 | CI21: 688 | CJ21: 55450 | CK21: 213873 | CL21: =SUM(CE21:CK21) -> 323003 | CN21: 0.338 | CO21: =CC21 -> 1967 | CP21: =(CD21-BH21)/BH21 -> -0.014044395 | CQ21: =(CK21-BG21)/BG21 -> 0
A22: =O22 -> Grant | B22: =K22 -> 1968 | C22: =L22 -> 822200 | D22: =M22 -> 1219850 | E22: =LN(D22/C22) -> 0.3944995 | F22: =A22 -> Grant | G22: =Q22 -> 670328 | H22: =Y22 -> 1073497.2 | I22: =LN(H22/G22) -> 0.47090986 | J22: =I22-(aa-bb*G22) -> -0.2454529 | K22: 1968 | L22: 822200 | M22: 1219850 | O22: =CB22 -> Grant | P22: =CC22 -> 1968 | Q22: =CK22 -> 670328 | R22: =CD22 -> 1153257 | S22: =1-Q22/R22 -> 0.41875228 | U22: =$R25*U$2 -> 112909.2 | V22: =$R26*V$2 -> 809892 | W22: =$R27*W$2 -> 150696 | X22: =$R28*X$2 -> 0 | Y22: =SUM(U22:X22) -> 1073497.2 | AD22: =Y22 -> 1073497.2 | AE22: =B22 -> 1968 | AF22: =U22/$Y22 -> 0.10517885 | AG22: =V22/$Y22 -> 0.75444258 | AH22: =W22/$Y22 -> 0.14037857 | AJ22: =B22 -> 1968 | AK22: =AF19*AN19+AG18*AN18+AH17*AN17 -> 1137747.3 | AL22: =CHOOSE(umethod,S22,retroU,MAX(0,cslope*(AK22-nlim)/AK22)) -> 0.41875228 | AM22: =AK22*(1-AL22) -> 661313.01 | AN22: =AM22*EXP(aa-bb*AM22+J22) -> 1064954.4 | AO22: =AK22-AM22 -> 476434.27 | AW22: Cass | AX22: 1968 | AY22: 298253 | AZ22: N/A | BA22: 12960 | BB22: 77467 | BC22: 863 | BD22: 214264 | BE22: 603807 | BF22: 0.42 | BG22: 822200 | BH22: 1426007 | BI22: =BE22/BH22 -> 0.42342499 | BJ22: =AY22/BH22 -> 0.20915255 | BK22: =BA22/(BH22-AY22) -> 0.011491868 | BL22: =BD22/(BH22-AY22-BA22-BC22) -> 0.19234944 | BM22: =BE22/BH22 -> 0.42342499 | BN22: =BG22*BM22/(1-BM22) -> 603807 | BP22: =BJ22/(SUM($BJ22:$BL22)) -> 0.50643017 | BQ22: =BK22/(SUM($BJ22:$BL22)) -> 0.02782576 | BR22: =BL22/(SUM($BJ22:$BL22)) -> 0.46574406 | CB22: Grant | CC22: 1968 | CD22: 1153257 | CE22: 179004 | CF22: 0 | CG22: 11578 | CH22: 77467 | CI22: 863 | CJ22: 214017 | CK22: 670328 | CL22: =SUM(CE22:CK22) -> 1153257 | CN22: 0.419 | CO22: =CC22 -> 1968 | CP22: =(CD22-BH22)/BH22 -> -0.19126835 | CQ22: =(CK22-BG22)/BG22 -> -0.18471418
A23: =O23 -> Grant | B23: =K23 -> 1969 | C23: =L23 -> 390100 | D23: =M23 -> 1312868 | E23: =LN(D23/C23) -> 1.2135662 | F23: =A23 -> Grant | G23: =Q23 -> 309220 | H23: =Y23 -> 1380907.4 | I23: =LN(H23/G23) -> 1.4964431 | J23: =I23-(aa-bb*G23) -> 0.5577627 | K23: 1969 | L23: 390100 | M23: 1312868 | O23: =CB23 -> Grant | P23: =CC23 -> 1969 | Q23: =CK23 -> 309220 | R23: =CD23 -> 578493 | S23: =1-Q23/R23 -> 0.46547322 | U23: =$R26*U$2 -> 404946 | V23: =$R27*V$2 -> 904176 | W23: =$R28*W$2 -> 71785.4 | X23: =$R29*X$2 -> 0 | Y23: =SUM(U23:X23) -> 1380907.4 | AD23: =Y23 -> 1380907.4 | AE23: =B23 -> 1969 | AF23: =U23/$Y23 -> 0.29324631 | AG23: =V23/$Y23 -> 0.65476947 | AH23: =W23/$Y23 -> 0.051984224 | AJ23: =B23 -> 1969 | AK23: =AF20*AN20+AG19*AN19+AH18*AN18 -> 569626.99 | AL23: =CHOOSE(umethod,S23,retroU,MAX(0,cslope*(AK23-nlim)/AK23)) -> 0.46547322 | AM23: =AK23*(1-AL23) -> 304480.88 | AN23: =AM23*EXP(aa-bb*AM23+J23) -> 1363716.6 | AO23: =AK23-AM23 -> 265146.11 | AW23: Cass | AX23: 1969 | AY23: 183798 | AZ23: N/A | BA23: 6816 | BB23: 39026 | BC23: 735 | BD23: 93245 | BE23: 323620 | BF23: 0.45 | BG23: 390100 | BH23: 713720 | BI23: =BE23/BH23 -> 0.45342711 | BJ23: =AY23/BH23 -> 0.25752116 | BK23: =BA23/(BH23-AY23) -> 0.01286227 | BL23: =BD23/(BH23-AY23-BA23-BC23) -> 0.1785034 | BM23: =BE23/BH23 -> 0.45342711 | BN23: =BG23*BM23/(1-BM23) -> 323620 | BP23: =BJ23/(SUM($BJ23:$BL23)) -> 0.57368838 | BQ23: =BK23/(SUM($BJ23:$BL23)) -> 0.028653704 | BR23: =BL23/(SUM($BJ23:$BL23)) -> 0.39765792 | CB23: Grant | CC23: 1969 | CD23: 578493 | CE23: 129729 | CF23: 0 | CG23: 6331 | CH23: 39026 | CI23: 735 | CJ23: 93453 | CK23: 309220 | CL23: =SUM(CE23:CK23) -> 578494 | CN23: 0.465 | CO23: =CC23 -> 1969 | CP23: =(CD23-BH23)/BH23 -> -0.18946786 | CQ23: =(CK23-BG23)/BG23 -> -0.20733145
A24: =O24 -> Grant | B24: =K24 -> 1970 | C24: =L24 -> 287250 | D24: =M24 -> 832641 | E24: =LN(D24/C24) -> 1.0642497 | F24: =A24 -> Grant | G24: =Q24 -> 284250 | H24: =Y24 -> 931420.3 | I24: =LN(H24/G24) -> 1.1868565 | J24: =I24-(aa-bb*G24) -> 0.23280321 | K24: 1970 | L24: 287250 | M24: 832641 | O24: =CB24 -> Grant | P24: =CC24 -> 1970 | Q24: =CK24 -> 284250 | R24: =CD24 -> 739355 | S24: =1-Q24/R24 -> 0.61554328 | U24: =$R27*U$2 -> 452088 | V24: =$R28*V$2 -> 430712.4 | W24: =$R29*W$2 -> 48619.9 | X24: =$R30*X$2 -> 0 | Y24: =SUM(U24:X24) -> 931420.3 | AD24: =Y24 -> 931420.3 | AE24: =B24 -> 1970 | AF24: =U24/$Y24 -> 0.48537486 | AG24: =V24/$Y24 -> 0.46242539 | AH24: =W24/$Y24 -> 0.052199743 | AJ24: =B24 -> 1970 | AK24: =AF21*AN21+AG20*AN20+AH19*AN19 -> 723902.38 | AL24: =CHOOSE(umethod,S24,retroU,MAX(0,cslope*(AK24-nlim)/AK24)) -> 0.61554328 | AM24: =AK24*(1-AL24) -> 278309.14 | AN24: =AM24*EXP(aa-bb*AM24+J24) -> 915295.09 | AO24: =AK24-AM24 -> 445593.25 | AW24: Cass | AX24: 1970 | AY24: 209072 | AZ24: N/A | BA24: 11867 | BB24: 61134 | BC24: 332 | BD24: 184381 | BE24: 468787 | BF24: 0.62 | BG24: 287250 | BH24: 754037 | BI24: =BE24/BH24 -> 0.62170291 | BJ24: =AY24/BH24 -> 0.27727021 | BK24: =BA24/(BH24-AY24) -> 0.02177571 | BL24: =BD24/(BH24-AY24-BA24-BC24) -> 0.34608252 | BM24: =BE24/BH24 -> 0.62170291 | BN24: =BG24*BM24/(1-BM24) -> 472073.85 | BP24: =BJ24/(SUM($BJ24:$BL24)) -> 0.42979071 | BQ24: =BK24/(SUM($BJ24:$BL24)) -> 0.03375407 | BR24: =BL24/(SUM($BJ24:$BL24)) -> 0.53645522 | CB24: Grant | CC24: 1970 | CD24: 739355 | CE24: 197753 | CF24: 675 | CG24: 10345 | CH24: 61134 | CI24: 0 | CJ24: 185198 | CK24: 284250 | CL24: =SUM(CE24:CK24) -> 739355 | CN24: 0.616 | CO24: =CC24 -> 1970 | CP24: =(CD24-BH24)/BH24 -> -0.019471193 | CQ24: =(CK24-BG24)/BG24 -> -0.010443864
A25: =O25 -> Grant | B25: =K25 -> 1971 | C25: =L25 -> 290150 | D25: =M25 -> 589068 | E25: =LN(D25/C25) -> 0.7081436 | F25: =A25 -> Grant | G25: =Q25 -> 290125 | H25: =Y25 -> 607447.8 | I25: =LN(H25/G25) -> 0.73895438 | J25: =I25-(aa-bb*G25) -> -0.21148193 | K25: 1971 | L25: 290150 | M25: 589068 | O25: =CB25 -> Grant | P25: =CC25 -> 1971 | Q25: =CK25 -> 290125 | R25: =CD25 -> 376364 | S25: =1-Q25/R25 -> 0.22913722 | U25: =$R28*U$2 -> 215356.2 | V25: =$R29*V$2 -> 291719.4 | W25: =$R30*W$2 -> 100372.2 | X25: =$R31*X$2 -> 0 | Y25: =SUM(U25:X25) -> 607447.8 | AD25: =Y25 -> 607447.8 | AE25: =B25 -> 1971 | AF25: =U25/$Y25 -> 0.35452627 | AG25: =V25/$Y25 -> 0.48023781 | AH25: =W25/$Y25 -> 0.16523593 | AJ25: =B25 -> 1971 | AK25: =AF22*AN22+AG21*AN21+AH20*AN20 -> 369685 | AL25: =CHOOSE(umethod,S25,retroU,MAX(0,cslope*(AK25-nlim)/AK25)) -> 0.22913722 | AM25: =AK25*(1-AL25) -> 284976.41 | AN25: =AM25*EXP(aa-bb*AM25+J25) -> 598562.25 | AO25: =AK25-AM25 -> 84708.593 | AW25: Cass | AX25: 1971 | AY25: 40206 | AZ25: N/A | BA25: 9162 | BB25: 19848 | BC25: 193 | BD25: 25716 | BE25: 95125 | BF25: 0.25 | BG25: 290150 | BH25: 385275 | BI25: =BE25/BH25 -> 0.24690156 | BJ25: =AY25/BH25 -> 0.10435663 | BK25: =BA25/(BH25-AY25) -> 0.026551211 | BL25: =BD25/(BH25-AY25-BA25-BC25) -> 0.076600916 | BM25: =BE25/BH25 -> 0.24690156 | BN25: =BG25*BM25/(1-BM25) -> 95125 | BP25: =BJ25/(SUM($BJ25:$BL25)) -> 0.50290229 | BQ25: =BK25/(SUM($BJ25:$BL25)) -> 0.12795225 | BR25: =BL25/(SUM($BJ25:$BL25)) -> 0.36914546 | CB25: Grant | CC25: 1971 | CD25: 376364 | CE25: 33093 | CF25: 0 | CG25: 7502 | CH25: 19850 | CI25: 0 | CJ25: 25794 | CK25: 290125 | CL25: =SUM(CE25:CK25) -> 376364 | CN25: 0.229 | CO25: =CC25 -> 1971 | CP25: =(CD25-BH25)/BH25 -> -0.023128934 | CQ25: =(CK25-BG25)/BG25 -> -8.616233e-05
A26: =O26 -> Grant | B26: =K26 -> 1972 | C26: =L26 -> 423290 | D26: =M26 -> 965520 | E26: =LN(D26/C26) -> 0.82460929 | F26: =A26 -> Grant | G26: =Q26 -> 423290 | H26: =Y26 -> 820346.5 | I26: =LN(H26/G26) -> 0.66166929 | J26: =I26-(aa-bb*G26) -> -0.20678344 | K26: 1972 | L26: 423290 | M26: 965520 | O26: =CB26 -> Grant | P26: =CC26 -> 1972 | Q26: =CK26 -> 423290 | R26: =CD26 -> 1349820 | S26: =1-Q26/R26 -> 0.68641004 | U26: =$R29*U$2 -> 145859.7 | V26: =$R30*V$2 -> 602233.2 | W26: =$R31*W$2 -> 72253.6 | X26: =$R32*X$2 -> 0 | Y26: =SUM(U26:X26) -> 820346.5 | AD26: =Y26 -> 820346.5 | AE26: =B26 -> 1972 | AF26: =U26/$Y26 -> 0.17780255 | AG26: =V26/$Y26 -> 0.73412052 | AH26: =W26/$Y26 -> 0.088076928 | AJ26: =B26 -> 1972 | AK26: =AF23*AN23+AG22*AN22+AH21*AN21 -> 1335366.4 | AL26: =CHOOSE(umethod,S26,retroU,MAX(0,cslope*(AK26-nlim)/AK26)) -> 0.68641004 | AM26: =AK26*(1-AL26) -> 418757.51 | AN26: =AM26*EXP(aa-bb*AM26+J26) -> 813830.21 | AO26: =AK26-AM26 -> 916608.94 | AW26: Cass | AX26: 1972 | AY26: 444705 | AZ26: N/A | BA26: 40334 | BB26: 252043 | BC26: 600 | BD26: 262836 | BE26: 1000517 | BF26: 0.7 | BG26: 423290 | BH26: 1423807 | BI26: =BE26/BH26 -> 0.70270549 | BJ26: =AY26/BH26 -> 0.31233517 | BK26: =BA26/(BH26-AY26) -> 0.041194891 | BL26: =BD26/(BH26-AY26-BA26-BC26) -> 0.28015878 | BM26: =BE26/BH26 -> 0.70270549 | BN26: =BG26*BM26/(1-BM26) -> 1000517 | BP26: =BJ26/(SUM($BJ26:$BL26)) -> 0.49288413 | BQ26: =BK26/(SUM($BJ26:$BL26)) -> 0.065008074 | BR26: =BL26/(SUM($BJ26:$BL26)) -> 0.4421078 | CB26: Grant | CC26: 1972 | CD26: 1349820 | CE26: 358496 | CF26: 15952 | CG26: 37276 | CH26: 252043 | CI26: 0 | CJ26: 262763 | CK26: 423290 | CL26: =SUM(CE26:CK26) -> 1349820 | CN26: 0.686 | CO26: =CC26 -> 1972 | CP26: =(CD26-BH26)/BH26 -> -0.051964206 | CQ26: =(CK26-BG26)/BG26 -> 0
A27: =O27 -> Grant | B27: =K27 -> 1973 | C27: =L27 -> 267105 | D27: =M27 -> 826929 | E27: =LN(D27/C27) -> 1.130077 | F27: =A27 -> Grant | G27: =Q27 -> 267080 | H27: =Y27 -> 853160.5 | I27: =LN(H27/G27) -> 1.1613995 | J27: =I27-(aa-bb*G27) -> 0.19677539 | K27: 1973 | L27: 267105 | M27: 826929 | O27: =CB27 -> Grant | P27: =CC27 -> 1973 | Q27: =CK27 -> 267080 | R27: =CD27 -> 1506960 | S27: =1-Q27/R27 -> 0.82276902 | U27: =$R30*U$2 -> 301116.6 | V27: =$R31*V$2 -> 433521.6 | W27: =$R32*W$2 -> 118522.3 | X27: =$R33*X$2 -> 0 | Y27: =SUM(U27:X27) -> 853160.5 | AD27: =Y27 -> 853160.5 | AE27: =B27 -> 1973 | AF27: =U27/$Y27 -> 0.3529425 | AG27: =V27/$Y27 -> 0.50813604 | AH27: =W27/$Y27 -> 0.13892146 | AJ27: =B27 -> 1973 | AK27: =AF24*AN24+AG23*AN23+AH22*AN22 -> 1486678 | AL27: =CHOOSE(umethod,S27,retroU,MAX(0,cslope*(AK27-nlim)/AK27)) -> 0.82276902 | AM27: =AK27*(1-AL27) -> 263485.4 | AN27: =AM27*EXP(aa-bb*AM27+J27) -> 843542.63 | AO27: =AK27-AM27 -> 1223192.6 | AW27: Cass | AX27: 1973 | AY27: 590246 | AZ27: N/A | BA27: 80727 | BB27: 200744 | BC27: 643 | BD27: 201278 | BE27: 1073638 | BF27: 0.8 | BG27: 267105 | BH27: 1340743 | BI27: =BE27/BH27 -> 0.80077837 | BJ27: =AY27/BH27 -> 0.44023799 | BK27: =BA27/(BH27-AY27) -> 0.10756472 | BL27: =BD27/(BH27-AY27-BA27-BC27) -> 0.30080687 | BM27: =BE27/BH27 -> 0.80077837 | BN27: =BG27*BM27/(1-BM27) -> 1073638 | BP27: =BJ27/(SUM($BJ27:$BL27)) -> 0.51877565 | BQ27: =BK27/(SUM($BJ27:$BL27)) -> 0.12675407 | BR27: =BL27/(SUM($BJ27:$BL27)) -> 0.35447028 | CB27: Grant | CC27: 1973 | CD27: 1506960 | CE27: 742948 | CF27: 17553 | CG27: 77828 | CH27: 200744 | CI27: 0 | CJ27: 200807 | CK27: 267080 | CL27: =SUM(CE27:CK27) -> 1506960 | CN27: 0.823 | CO27: =CC27 -> 1973 | CP27: =(CD27-BH27)/BH27 -> 0.1239738 | CQ27: =(CK27-BG27)/BG27 -> -9.3596151e-05
A28: =O28 -> Grant | B28: =K28 -> 1974 | C28: =L28 -> 350390 | D28: =M28 -> 1107885 | E28: =LN(D28/C28) -> 1.1511613 | F28: =A28 -> Grant | G28: =Q28 -> 350315 | H28: =Y28 -> 958767.8 | I28: =LN(H28/G28) -> 1.0068162 | J28: =I28-(aa-bb*G28) -> 0.093436078 | K28: 1974 | L28: 350390 | M28: 1107885 | O28: =CB28 -> Grant | P28: =CC28 -> 1974 | Q28: =CK28 -> 350315 | R28: =CD28 -> 717854 | S28: =1-Q28/R28 -> 0.51199687 | U28: =$R31*U$2 -> 216760.8 | V28: =$R32*V$2 -> 711133.8 | W28: =$R33*W$2 -> 30873.2 | X28: =$R34*X$2 -> 0 | Y28: =SUM(U28:X28) -> 958767.8 | AD28: =Y28 -> 958767.8 | AE28: =B28 -> 1974 | AF28: =U28/$Y28 -> 0.22608269 | AG28: =V28/$Y28 -> 0.7417164 | AH28: =W28/$Y28 -> 0.032200915 | AJ28: =B28 -> 1974 | AK28: =AF25*AN25+AG24*AN24+AH23*AN23 -> 706353.48 | AL28: =CHOOSE(umethod,S28,retroU,MAX(0,cslope*(AK28-nlim)/AK28)) -> 0.51199687 | AM28: =AK28*(1-AL28) -> 344702.71 | AN28: =AM28*EXP(aa-bb*AM28+J28) -> 946673 | AO28: =AK28-AM28 -> 361650.77 | AW28: Cass | AX28: 1974 | AY28: 101667 | AZ28: N/A | BA28: 28013 | BB28: 145411 | BC28: 1279 | BD28: 108257 | BE28: 384627 | BF28: 0.52 | BG28: 350390 | BH28: 735017 | BI28: =BE28/BH28 -> 0.52328994 | BJ28: =AY28/BH28 -> 0.13831925 | BK28: =BA28/(BH28-AY28) -> 0.044229889 | BL28: =BD28/(BH28-AY28-BA28-BC28) -> 0.17921623 | BM28: =BE28/BH28 -> 0.52328994 | BN28: =BG28*BM28/(1-BM28) -> 384627 | BP28: =BJ28/(SUM($BJ28:$BL28)) -> 0.38234519 | BQ28: =BK28/(SUM($BJ28:$BL28)) -> 0.12226126 | BR28: =BL28/(SUM($BJ28:$BL28)) -> 0.49539356 | CB28: Grant | CC28: 1974 | CD28: 717854 | CE28: 87421 | CF28: 1151 | CG28: 25560 | CH28: 145411 | CI28: 0 | CJ28: 107996 | CK28: 350315 | CL28: =SUM(CE28:CK28) -> 717854 | CN28: 0.512 | CO28: =CC28 -> 1974 | CP28: =(CD28-BH28)/BH28 -> -0.02335048 | CQ28: =(CK28-BG28)/BG28 -> -0.0002140472
A29: =O29 -> Grant | B29: =K29 -> 1975 | C29: =L29 -> 191445 | D29: =M29 -> 527760 | E29: =LN(D29/C29) -> 1.0140411 | F29: =A29 -> Grant | G29: =Q29 -> 191420 | H29: =Y29 -> 631741.4 | I29: =LN(H29/G29) -> 1.1940102 | J29: =I29-(aa-bb*G29) -> 0.18280571 | K29: 1975 | L29: 191445 | M29: 527760 | O29: =CB29 -> Grant | P29: =CC29 -> 1975 | Q29: =CK29 -> 191420 | R29: =CD29 -> 486199 | S29: =1-Q29/R29 -> 0.6062929 | U29: =$R32*U$2 -> 355566.9 | V29: =$R33*V$2 -> 185239.2 | W29: =$R34*W$2 -> 90935.3 | X29: =$R35*X$2 -> 0 | Y29: =SUM(U29:X29) -> 631741.4 | AD29: =Y29 -> 631741.4 | AE29: =B29 -> 1975 | AF29: =U29/$Y29 -> 0.56283615 | AG29: =V29/$Y29 -> 0.29321998 | AH29: =W29/$Y29 -> 0.14394387 | AJ29: =B29 -> 1975 | AK29: =AF26*AN26+AG25*AN25+AH24*AN24 -> 479931.48 | AL29: =CHOOSE(umethod,S29,retroU,MAX(0,cslope*(AK29-nlim)/AK29)) -> 0.6062929 | AM29: =AK29*(1-AL29) -> 188952.43 | AN29: =AM29*EXP(aa-bb*AM29+J29) -> 624545.78 | AO29: =AK29-AM29 -> 290979.05 | AW29: Cass | AX29: 1975 | AY29: 144527 | AZ29: N/A | BA29: 17876 | BB29: 69307 | BC29: 262 | BD29: 80560 | BE29: 312533 | BF29: 0.62 | BG29: 191445 | BH29: 503978 | BI29: =BE29/BH29 -> 0.62013223 | BJ29: =AY29/BH29 -> 0.28677244 | BK29: =BA29/(BH29-AY29) -> 0.049731396 | BL29: =BD29/(BH29-AY29-BA29-BC29) -> 0.23602969 | BM29: =BE29/BH29 -> 0.62013223 | BN29: =BG29*BM29/(1-BM29) -> 312533 | BP29: =BJ29/(SUM($BJ29:$BL29)) -> 0.50088323 | BQ29: =BK29/(SUM($BJ29:$BL29)) -> 0.086861981 | BR29: =BL29/(SUM($BJ29:$BL29)) -> 0.41225479 | CB29: Grant | CC29: 1975 | CD29: 486199 | CE29: 124247 | CF29: 3950 | CG29: 16433 | CH29: 69307 | CI29: 0 | CJ29: 80842 | CK29: 191420 | CL29: =SUM(CE29:CK29) -> 486199 | CN29: 0.606 | CO29: =CC29 -> 1975 | CP29: =(CD29-BH29)/BH29 -> -0.035277334 | CQ29: =(CK29-BG29)/BG29 -> -0.00013058581
A30: =O30 -> Grant | B30: =K30 -> 1976 | C30: =L30 -> 340467 | D30: =M30 -> 761292 | E30: =LN(D30/C30) -> 0.80469879 | F30: =A30 -> Grant | G30: =Q30 -> 340517 | H30: =Y30 -> 688258.5 | I30: =LN(H30/G30) -> 0.70369944 | J30: =I30-(aa-bb*G30) -> -0.21571283 | K30: 1976 | L30: 340467 | M30: 761292 | O30: =CB30 -> Grant | P30: =CC30 -> 1976 | Q30: =CK30 -> 340517 | R30: =CD30 -> 1003722 | S30: =1-Q30/R30 -> 0.6607457 | U30: =$R33*U$2 -> 92619.6 | V30: =$R34*V$2 -> 545611.8 | W30: =$R35*W$2 -> 50027.1 | X30: =$R36*X$2 -> 0 | Y30: =SUM(U30:X30) -> 688258.5 | AD30: =Y30 -> 688258.5 | AE30: =B30 -> 1976 | AF30: =U30/$Y30 -> 0.13457095 | AG30: =V30/$Y30 -> 0.79274255 | AH30: =W30/$Y30 -> 0.072686498 | AJ30: =B30 -> 1976 | AK30: =AF27*AN27+AG26*AN26+AH25*AN25 -> 994075.49 | AL30: =CHOOSE(umethod,S30,retroU,MAX(0,cslope*(AK30-nlim)/AK30)) -> 0.6607457 | AM30: =AK30*(1-AL30) -> 337244.38 | AN30: =AM30*EXP(aa-bb*AM30+J30) -> 683018.59 | AO30: =AK30-AM30 -> 656831.11 | AS30: Approx. | AT30: Approx. | AU30: Approx. | AW30: Cass | AX30: 1976 | AY30: 343629 | AZ30: N/A | BA30: 49645 | BB30: 191507 | BC30: 1126 | BD30: 187661 | BE30: 773568 | BF30: 0.69 | BG30: 340467 | BH30: 1114035 | BI30: =BE30/BH30 -> 0.69438393 | BJ30: =AY30/BH30 -> 0.3084544 | BK30: =BA30/(BH30-AY30) -> 0.064440048 | BL30: =BD30/(BH30-AY30-BA30-BC30) -> 0.26077247 | BM30: =BE30/BH30 -> 0.69438393 | BN30: =BG30*BM30/(1-BM30) -> 773568 | BP30: =BJ30/(SUM($BJ30:$BL30)) -> 0.48677687 | BQ30: =BK30/(SUM($BJ30:$BL30)) -> 0.10169388 | BR30: =BL30/(SUM($BJ30:$BL30)) -> 0.41152925 | CB30: Grant | CC30: 1976 | CD30: 1003722 | CE30: 237524 | CF30: 4559 | CG30: 43244 | CH30: 191507 | CI30: 0 | CJ30: 186371 | CK30: 340517 | CL30: =SUM(CE30:CK30) -> 1003722 | CN30: 0.661 | CO30: =CC30 -> 1976 | CP30: =(CD30-BH30)/BH30 -> -0.099021126 | CQ30: =(CK30-BG30)/BG30 -> 0.00014685711
A31: =O31 -> Grant | B31: =K31 -> 1977 | C31: =L31 -> 599371 | D31: =M31 -> 583647 | E31: =LN(D31/C31) -> -0.026584424 | F31: =A31 -> Grant | G31: =Q31 -> 599341 | H31: =Y31 -> 645369.6 | I31: =LN(H31/G31) -> 0.073992458 | J31: =I31-(aa-bb*G31) -> -0.68607375 | K31: 1977 | L31: 599371 | M31: 583647 | O31: =CB31 -> Grant | P31: =CC31 -> 1977 | Q31: =CK31 -> 599341 | R31: =CD31 -> 722536 | S31: =1-Q31/R31 -> 0.17050362 | U31: =$R34*U$2 -> 272805.9 | V31: =$R35*V$2 -> 300162.6 | W31: =$R36*W$2 -> 72401.1 | X31: =$R37*X$2 -> 0 | Y31: =SUM(U31:X31) -> 645369.6 | AD31: =Y31 -> 645369.6 | AE31: =B31 -> 1977 | AF31: =U31/$Y31 -> 0.42271266 | AG31: =V31/$Y31 -> 0.46510186 | AH31: =W31/$Y31 -> 0.11218548 | AJ31: =B31 -> 1977 | AK31: =AF28*AN28+AG27*AN27+AH26*AN26 -> 714340.45 | AL31: =CHOOSE(umethod,S31,retroU,MAX(0,cslope*(AK31-nlim)/AK31)) -> 0.17050362 | AM31: =AK31*(1-AL31) -> 592542.82 | AN31: =AM31*EXP(aa-bb*AM31+J31) -> 640725.37 | AO31: =AK31-AM31 -> 121797.63 | AP31: Source | AR31: Fraser R | AS31: Fraser R | AT31: Total HR | AU31: total return | AV31: %dif with Grant | AW31: Cass | AX31: 1977 | AY31: 42066 | AZ31: N/A | BA31: 8228 | BB31: 38846 | BC31: 626 | BD31: 23728 | BE31: 113494 | BF31: 0.16 | BG31: 599371 | BH31: 712865 | BI31: =BE31/BH31 -> 0.15920827 | BJ31: =AY31/BH31 -> 0.05900977 | BK31: =BA31/(BH31-AY31) -> 0.012265969 | BL31: =BD31/(BH31-AY31-BA31-BC31) -> 0.035845878 | BM31: =BE31/BH31 -> 0.15920827 | BN31: =BG31*BM31/(1-BM31) -> 113494 | BP31: =BJ31/(SUM($BJ31:$BL31)) -> 0.55086706 | BQ31: =BK31/(SUM($BJ31:$BL31)) -> 0.11450508 | BR31: =BL31/(SUM($BJ31:$BL31)) -> 0.33462787 | CB31: Grant | CC31: 1977 | CD31: 722536 | CE31: 54997 | CF31: 0 | CG31: 6358 | CH31: 36660 | CI31: 0 | CJ31: 25180 | CK31: 599341 | CL31: =SUM(CE31:CK31) -> 722536 | CN31: 0.171 | CO31: =CC31 -> 1977 | CP31: =(CD31-BH31)/BH31 -> 0.013566384 | CQ31: =(CK31-BG31)/BG31 -> -5.0052472e-05
A32: =O32 -> Grant | B32: =K32 -> 1978 | C32: =L32 -> 359065 | D32: =M32 -> 635560 | E32: =LN(D32/C32) -> 0.57100307 | F32: =A32 -> Grant | G32: =Q32 -> 358990 | H32: =Y32 -> 631498 | I32: =LN(H32/G32) -> 0.56480024 | J32: =I32-(aa-bb*G32) -> -0.34323905 | K32: 1978 | L32: 359065 | M32: 635560 | O32: =CB32 -> Grant | P32: =CC32 -> 1978 | Q32: =CK32 -> 358990 | R32: =CD32 -> 1185223 | S32: =1-Q32/R32 -> 0.69711185 | U32: =$R35*U$2 -> 150081.3 | V32: =$R36*V$2 -> 434406.6 | W32: =$R37*W$2 -> 47010.1 | X32: =$R38*X$2 -> 0 | Y32: =SUM(U32:X32) -> 631498 | AD32: =Y32 -> 631498 | AE32: =B32 -> 1978 | AF32: =U32/$Y32 -> 0.23765918 | AG32: =V32/$Y32 -> 0.68789862 | AH32: =W32/$Y32 -> 0.074442199 | AJ32: =B32 -> 1978 | AK32: =AF29*AN29+AG28*AN28+AH27*AN27 -> 1170866 | AL32: =CHOOSE(umethod,S32,retroU,MAX(0,cslope*(AK32-nlim)/AK32)) -> 0.69711185 | AM32: =AK32*(1-AL32) -> 354641.44 | AN32: =AM32*EXP(aa-bb*AM32+J32) -> 625520.87 | AO32: =AK32-AM32 -> 816224.57 | AQ32: broodyear | AR32: spawners | AS32: total catch | AT32: HR | AW32: Cass | AX32: 1978 | AY32: 485439 | AZ32: N/A | BA32: 12318 | BB32: 295733 | BC32: 277 | BD32: 134260 | BE32: 928027 | BF32: 0.72 | BG32: 359065 | BH32: 1287092 | BI32: =BE32/BH32 -> 0.72102616 | BJ32: =AY32/BH32 -> 0.37715952 | BK32: =BA32/(BH32-AY32) -> 0.015365751 | BL32: =BD32/(BH32-AY32-BA32-BC32) -> 0.17015226 | BM32: =BE32/BH32 -> 0.72102616 | BN32: =BG32*BM32/(1-BM32) -> 928027 | BP32: =BJ32/(SUM($BJ32:$BL32)) -> 0.67029426 | BQ32: =BK32/(SUM($BJ32:$BL32)) -> 0.027308271 | BR32: =BL32/(SUM($BJ32:$BL32)) -> 0.30239746 | CB32: Grant | CC32: 1978 | CD32: 1185223 | CE32: 405890 | CF32: 729 | CG32: 11113 | CH32: 273516 | CI32: 0 | CJ32: 134985 | CK32: 358990 | CL32: =SUM(CE32:CK32) -> 1185223 | CN32: 0.697 | CO32: =CC32 -> 1978 | CP32: =(CD32-BH32)/BH32 -> -0.079146634 | CQ32: =(CK32-BG32)/BG32 -> -0.00020887583 | CT32: broodyear | CU32: spawners | CV32: recruits | CW32: %dif Spa | CX32: %dif Rec
A33: =O33 -> Grant | B33: =K33 -> 1979 | C33: =L33 -> 255634 | D33: =M33 -> 510199 | E33: =LN(D33/C33) -> 0.69105411 | F33: =A33 -> Grant | G33: =Q33 -> 255634 | H33: =Y33 -> 560544.2 | I33: =LN(H33/G33) -> 0.78516136 | J33: =I33-(aa-bb*G33) -> -0.18650947 | K33: 1979 | L33: 255634 | M33: 510199 | O33: =CB33 -> Grant | P33: =CC33 -> 1979 | Q33: =CK33 -> 255634 | R33: =CD33 -> 308732 | S33: =1-Q33/R33 -> 0.17198735 | U33: =$R36*U$2 -> 217203.3 | V33: =$R37*V$2 -> 282060.6 | W33: =$R38*W$2 -> 61280.3 | X33: =$R39*X$2 -> 0 | Y33: =SUM(U33:X33) -> 560544.2 | AD33: =Y33 -> 560544.2 | AE33: =B33 -> 1979 | AF33: =U33/$Y33 -> 0.38748648 | AG33: =V33/$Y33 -> 0.50319065 | AH33: =W33/$Y33 -> 0.10932287 | AJ33: =B33 -> 1979 | AK33: =AF30*AN30+AG29*AN29+AH28*AN28 -> 305527.5 | AL33: =CHOOSE(umethod,S33,retroU,MAX(0,cslope*(AK33-nlim)/AK33)) -> 0.17198735 | AM33: =AK33*(1-AL33) -> 252980.63 | AN33: =AM33*EXP(aa-bb*AM33+J33) -> 555632.92 | AO33: =AK33-AM33 -> 52546.866 | AP33: Cass | AQ33: 1979 | AR33: 255634 | AS33: =BE33 -> 42262 | AT33: =AS33/(AR33+AS33) -> 0.1418683 | AU33: =AR33+AS33 -> 297896 | AV33: =(AU33-CD33)/CD33 -> -0.035098402 | AW33: Cass | AX33: 1979 | AY33: 20326 | AZ33: N/A | BA33: 2105 | BB33: 3455 | BC33: 403 | BD33: 15973 | BE33: 42262 | BF33: 0.14 | BG33: 255634 | BH33: 297896 | BI33: =BE33/BH33 -> 0.1418683 | BJ33: =AY33/BH33 -> 0.068231866 | BK33: =BA33/(BH33-AY33) -> 0.0075836726 | BL33: =BD33/(BH33-AY33-BA33-BC33) -> 0.058070544 | BM33: =BE33/BH33 -> 0.1418683 | BN33: =BG33*BM33/(1-BM33) -> 42262 | BO33: Harvest Rate | BP33: =BJ33/(SUM($BJ33:$BL33)) -> 0.50962628 | BQ33: =BK33/(SUM($BJ33:$BL33)) -> 0.056642725 | BR33: =BL33/(SUM($BJ33:$BL33)) -> 0.433731 | BT33: Year | BU33: Spawners | BV33: Harvest | BW33: Harvest Rate d2 | BX33: Returns | BZ33: Harvest Rate d1 | CB33: Grant | CC33: 1979 | CD33: 308732 | CE33: 31093 | CF33: 0 | CG33: 1381 | CH33: 3321 | CI33: 0 | CJ33: 17304 | CK33: 255634 | CL33: =SUM(CE33:CK33) -> 308733 | CN33: 0.172 | CO33: =CC33 -> 1979 | CP33: =(CD33-BH33)/BH33 -> 0.036375111 | CQ33: =(CK33-BG33)/BG33 -> 0 | CT33: 1979 | CU33: 255634 | CV33: 510199 | CW33: =(CU33-Q33)/Q33 -> 0 | CX33: =(CV33-AD33)/AD33 -> -0.089814862
A34: =O34 -> Grant | B34: =K34 -> 1980 | C34: =L34 -> 312182 | D34: =M34 -> 655505 | E34: =LN(D34/C34) -> 0.74181958 | F34: =A34 -> Grant | G34: =Q34 -> 314011 | H34: =Y34 -> 692616.5 | I34: =LN(H34/G34) -> 0.79104844 | J34: =I34-(aa-bb*G34) -> -0.14468236 | K34: 1980 | L34: 312182 | M34: 655505 | O34: =CB34 -> Grant | P34: =CC34 -> 1980 | Q34: =CK34 -> 314011 | R34: =CD34 -> 909353 | S34: =1-Q34/R34 -> 0.65468745 | U34: =$R37*U$2 -> 141030.3 | V34: =$R38*V$2 -> 367681.8 | W34: =$R39*W$2 -> 183904.4 | X34: =$R40*X$2 -> 0 | Y34: =SUM(U34:X34) -> 692616.5 | AD34: =Y34 -> 692616.5 | AE34: =B34 -> 1980 | AF34: =U34/$Y34 -> 0.20361961 | AG34: =V34/$Y34 -> 0.53085914 | AH34: =W34/$Y34 -> 0.26552125 | AJ34: =B34 -> 1980 | AK34: =AF31*AN31+AG30*AN30+AH29*AN29 -> 902200.16 | AL34: =CHOOSE(umethod,S34,retroU,MAX(0,cslope*(AK34-nlim)/AK34)) -> 0.65468745 | AM34: =AK34*(1-AL34) -> 311541.04 | AN34: =AM34*EXP(aa-bb*AM34+J34) -> 688214.21 | AO34: =AK34-AM34 -> 590659.13 | AP34: Cass | AQ34: 1980 | AR34: 312182 | AS34: =BE34 -> 594711 | AT34: =AS34/(AR34+AS34) -> 0.65576755 | AU34: =AR34+AS34 -> 906893 | AV34: =(AU34-CD34)/CD34 -> -0.0027052201 | AW34: Cass | AX34: 1980 | AY34: 243146 | AZ34: N/A | BA34: 13550 | BB34: 245019 | BC34: 3666 | BD34: 89330 | BE34: 594711 | BF34: =BE34/BH34 -> 0.65576755 | BG34: 312182 | BH34: 906893 | BI34: =BE34/BH34 -> 0.65576755 | BJ34: =AY34/BH34 -> 0.26810881 | BK34: =BA34/(BH34-AY34) -> 0.020414405 | BL34: =BD34/(BH34-AY34-BA34-BC34) -> 0.13816816 | BM34: =BE34/BH34 -> 0.65576755 | BN34: =BG34*BM34/(1-BM34) -> 594711 | BO34: 0.51937603 | BP34: =BJ34/(SUM($BJ34:$BL34)) -> 0.62834363 | BQ34: =BK34/(SUM($BJ34:$BL34)) -> 0.047843491 | BR34: =BL34/(SUM($BJ34:$BL34)) -> 0.32381288 | BT34: 1980 | BU34: 1373377 | BV34: 1162099.8 | BW34: 0.45833581 | BX34: 2535476.8 | BZ34: =BF34 -> 0.65576755 | CB34: Grant | CC34: 1980 | CD34: 909353 | CE34: 242556 | CF34: 8546 | CG34: 12026 | CH34: 241835 | CI34: 0 | CJ34: 90380 | CK34: 314011 | CL34: =SUM(CE34:CK34) -> 909354 | CN34: 0.655 | CO34: =CC34 -> 1980 | CP34: =(CD34-BH34)/BH34 -> 0.0027125582 | CQ34: =(CK34-BG34)/BG34 -> 0.0058587619 | CT34: 1980 | CU34: 312182 | CV34: 655505 | CW34: =(CU34-Q34)/Q34 -> -0.0058246367 | CX34: =(CV34-AD34)/AD34 -> -0.0535816
A35: =O35 -> Grant | B35: =K35 -> 1981 | C35: =L35 -> 435345 | D35: =M35 -> 1492293 | E35: =LN(D35/C35) -> 1.2319303 | F35: =A35 -> Grant | G35: =Q35 -> 436996 | H35: =Y35 -> 1445354.1 | I35: =LN(H35/G35) -> 1.1961856 | J35: =I35-(aa-bb*G35) -> 0.33617101 | K35: 1981 | L35: 435345 | M35: 1492293 | O35: =CB35 -> Grant | P35: =CC35 -> 1981 | Q35: =CK35 -> 436996 | R35: =CD35 -> 500271 | S35: =1-Q35/R35 -> 0.12648145 | U35: =$R38*U$2 -> 183840.9 | V35: =$R39*V$2 -> 1103426.4 | W35: =$R40*W$2 -> 158086.8 | X35: =$R41*X$2 -> 0 | Y35: =SUM(U35:X35) -> 1445354.1 | AD35: =Y35 -> 1445354.1 | AE35: =B35 -> 1981 | AF35: =U35/$Y35 -> 0.12719437 | AG35: =V35/$Y35 -> 0.76342981 | AH35: =W35/$Y35 -> 0.10937583 | AJ35: =B35 -> 1981 | AK35: =AF32*AN32+AG31*AN31+AH30*AN30 -> 496309.57 | AL35: =CHOOSE(umethod,S35,retroU,MAX(0,cslope*(AK35-nlim)/AK35)) -> 0.12648145 | AM35: =AK35*(1-AL35) -> 433535.62 | AN35: =AM35*EXP(aa-bb*AM35+J35) -> 1436967 | AO35: =AK35-AM35 -> 62773.953 | AP35: Cass | AQ35: 1981 | AR35: 435345 | AS35: =BE35 -> 56270 | AT35: =AS35/(AR35+AS35) -> 0.11445949 | AU35: =AR35+AS35 -> 491615 | AV35: =(AU35-CD35)/CD35 -> -0.017302622 | AW35: Cass | AX35: 1981 | AY35: 26519 | AZ35: N/A | BA35: 3205 | BB35: 5814 | BC35: 771 | BD35: 19961 | BE35: 56270 | BF35: =BE35/BH35 -> 0.11445949 | BG35: 435345 | BH35: 491615 | BI35: =BE35/BH35 -> 0.11445949 | BJ35: =AY35/BH35 -> 0.053942618 | BK35: =BA35/(BH35-AY35) -> 0.0068910504 | BL35: =BD35/(BH35-AY35-BA35-BC35) -> 0.043288081 | BM35: =BE35/BH35 -> 0.11445949 | BN35: =BG35*BM35/(1-BM35) -> 56270 | BO35: 0.1414136 | BP35: =BJ35/(SUM($BJ35:$BL35)) -> 0.51807253 | BQ35: =BK35/(SUM($BJ35:$BL35)) -> 0.066182623 | BR35: =BL35/(SUM($BJ35:$BL35)) -> 0.41574485 | BT35: 1981 | BU35: 1302540 | BV35: 185726.45 | BW35: 0.12479381 | BX35: 1488266.4 | BZ35: =BF35 -> 0.11445949 | CB35: Grant | CC35: 1981 | CD35: 500271 | CE35: 30394 | CF35: 3370 | CG35: 2288 | CH35: 5814 | CI35: 0 | CJ35: 21408 | CK35: 436996 | CL35: =SUM(CE35:CK35) -> 500270 | CN35: 0.126 | CO35: =CC35 -> 1981 | CP35: =(CD35-BH35)/BH35 -> 0.017607274 | CQ35: =(CK35-BG35)/BG35 -> 0.0037923945 | CT35: 1981 | CU35: 435345 | CV35: 1492293 | CW35: =(CU35-Q35)/Q35 -> -0.0037780666 | CX35: =(CV35-AD35)/AD35 -> 0.03247571
A36: =O36 -> Grant | B36: =K36 -> 1982 | C36: =L36 -> 322286 | D36: =M36 -> 1416221 | E36: =LN(D36/C36) -> 1.480308 | F36: =A36 -> Grant | G36: =Q36 -> 326439 | H36: =Y36 -> 1548341.6 | I36: =LN(H36/G36) -> 1.5566966 | J36: =I36-(aa-bb*G36) -> 0.62861715 | K36: 1982 | L36: 322286 | M36: 1416221 | O36: =CB36 -> Grant | P36: =CC36 -> 1982 | Q36: =CK36 -> 326439 | R36: =CD36 -> 724011 | S36: =1-Q36/R36 -> 0.54912425 | U36: =$R39*U$2 -> 551713.2 | V36: =$R40*V$2 -> 948520.8 | W36: =$R41*W$2 -> 48107.6 | X36: =$R42*X$2 -> 0 | Y36: =SUM(U36:X36) -> 1548341.6 | AD36: =Y36 -> 1548341.6 | AE36: =B36 -> 1982 | AF36: =U36/$Y36 -> 0.35632525 | AG36: =V36/$Y36 -> 0.61260435 | AH36: =W36/$Y36 -> 0.031070405 | AJ36: =B36 -> 1982 | AK36: =AF33*AN33+AG32*AN32+AH31*AN31 -> 717475.27 | AL36: =CHOOSE(umethod,S36,retroU,MAX(0,cslope*(AK36-nlim)/AK36)) -> 0.54912425 | AM36: =AK36*(1-AL36) -> 323492.2 | AN36: =AM36*EXP(aa-bb*AM36+J36) -> 1537150.7 | AO36: =AK36-AM36 -> 393983.07 | AP36: Cass | AQ36: 1982 | AR36: 322286 | AS36: =BE36 -> 383164 | AT36: =AS36/(AR36+AS36) -> 0.54314835 | AU36: =AR36+AS36 -> 705450 | AV36: =(AU36-CD36)/CD36 -> -0.025636351 | AW36: Cass | AX36: 1982 | AY36: 235914 | AZ36: N/A | BA36: 8527 | BB36: 54570 | BC36: 1649 | BD36: 82505 | BE36: 383164 | BF36: =BE36/BH36 -> 0.54314835 | BG36: 322286 | BH36: 705450 | BI36: =BE36/BH36 -> 0.54314835 | BJ36: =AY36/BH36 -> 0.33441633 | BK36: =BA36/(BH36-AY36) -> 0.018160482 | BL36: =BD36/(BH36-AY36-BA36-BC36) -> 0.17960859 | BM36: =BE36/BH36 -> 0.54314835 | BN36: =BG36*BM36/(1-BM36) -> 383164 | BO36: 0.57254889 | BP36: =BJ36/(SUM($BJ36:$BL36)) -> 0.62838314 | BQ36: =BK36/(SUM($BJ36:$BL36)) -> 0.034124352 | BR36: =BL36/(SUM($BJ36:$BL36)) -> 0.33749251 | BT36: 1982 | BU36: 1453419 | BV36: 1484320.9 | BW36: 0.50525946 | BX36: 2937739.9 | BZ36: =BF36 -> 0.54314835 | CB36: Grant | CC36: 1982 | CD36: 724011 | CE36: 240409 | CF36: 12660 | CG36: 7095 | CH36: 54508 | CI36: 0 | CJ36: 82899 | CK36: 326439 | CL36: =SUM(CE36:CK36) -> 724010 | CN36: 0.549 | CO36: =CC36 -> 1982 | CP36: =(CD36-BH36)/BH36 -> 0.026310865 | CQ36: =(CK36-BG36)/BG36 -> 0.01288607 | CT36: 1982 | CU36: 322286 | CV36: 1416221 | CW36: =(CU36-Q36)/Q36 -> -0.012722132 | CX36: =(CV36-AD36)/AD36 -> -0.085330395
A37: =O37 -> Grant | B37: =K37 -> 1983 | C37: =L37 -> 367363 | D37: =M37 -> 795564 | E37: =LN(D37/C37) -> 0.77270084 | F37: =A37 -> Grant | G37: =Q37 -> 371770 | H37: =Y37 -> 866417.1 | I37: =LN(H37/G37) -> 0.84609105 | J37: =I37-(aa-bb*G37) -> -0.054080182 | K37: 1983 | L37: 367363 | M37: 795564 | O37: =CB37 -> Grant | P37: =CC37 -> 1983 | Q37: =CK37 -> 371770 | R37: =CD37 -> 470101 | S37: =1-Q37/R37 -> 0.20916994 | U37: =$R40*U$2 -> 474260.4 | V37: =$R41*V$2 -> 288645.6 | W37: =$R42*W$2 -> 103511.1 | X37: =$R43*X$2 -> 0 | Y37: =SUM(U37:X37) -> 866417.1 | AD37: =Y37 -> 866417.1 | AE37: =B37 -> 1983 | AF37: =U37/$Y37 -> 0.54738116 | AG37: =V37/$Y37 -> 0.33314855 | AH37: =W37/$Y37 -> 0.11947029 | AJ37: =B37 -> 1983 | AK37: =AF34*AN34+AG33*AN33+AH32*AN32 -> 466288.34 | AL37: =CHOOSE(umethod,S37,retroU,MAX(0,cslope*(AK37-nlim)/AK37)) -> 0.20916994 | AM37: =AK37*(1-AL37) -> 368754.84 | AN37: =AM37*EXP(aa-bb*AM37+J37) -> 860986.97 | AO37: =AK37-AM37 -> 97533.507 | AP37: Cass | AQ37: 1983 | AR37: 367363 | AS37: =BE37 -> 88034 | AT37: =AS37/(AR37+AS37) -> 0.19331265 | AU37: =AR37+AS37 -> 455397 | AV37: =(AU37-CD37)/CD37 -> -0.031278385 | AW37: Cass | AX37: 1983 | AY37: 56191 | AZ37: N/A | BA37: 81 | BB37: 1671 | BC37: 4899 | BD37: 25194 | BE37: 88034 | BF37: =BE37/BH37 -> 0.19331265 | BG37: 367363 | BH37: 455397 | BI37: =BE37/BH37 -> 0.19331265 | BJ37: =AY37/BH37 -> 0.12338904 | BK37: =BA37/(BH37-AY37) -> 0.00020290276 | BL37: =BD37/(BH37-AY37-BA37-BC37) -> 0.063907505 | BM37: =BE37/BH37 -> 0.19331265 | BN37: =BG37*BM37/(1-BM37) -> 88034 | BO37: 0.23086634 | BP37: =BJ37/(SUM($BJ37:$BL37)) -> 0.65807682 | BQ37: =BK37/(SUM($BJ37:$BL37)) -> 0.0010821512 | BR37: =BL37/(SUM($BJ37:$BL37)) -> 0.34084102 | BT37: 1983 | BU37: 1196968 | BV37: 306257.42 | BW37: 0.20373353 | BX37: 1503225.4 | BZ37: =BF37 -> 0.19331265 | CB37: Grant | CC37: 1983 | CD37: 470101 | CE37: 60431 | CF37: 14683 | CG37: 20 | CH37: 1602 | CI37: 0 | CJ37: 21595 | CK37: 371770 | CL37: =SUM(CE37:CK37) -> 470101 | CN37: 0.209 | CO37: =CC37 -> 1983 | CP37: =(CD37-BH37)/BH37 -> 0.032288311 | CQ37: =(CK37-BG37)/BG37 -> 0.011996309 | CT37: 1983 | CU37: 367363 | CV37: 795564 | CW37: =(CU37-Q37)/Q37 -> -0.011854103 | CX37: =(CV37-AD37)/AD37 -> -0.081777126
A38: =O38 -> Grant | B38: =K38 -> 1984 | C38: =L38 -> 540265 | D38: =M38 -> 1061099 | E38: =LN(D38/C38) -> 0.67500068 | F38: =A38 -> Grant | G38: =Q38 -> 541478 | H38: =Y38 -> 874855.5 | I38: =LN(H38/G38) -> 0.47975629 | J38: =I38-(aa-bb*G38) -> -0.31593351 | K38: 1984 | L38: 540265 | M38: 1061099 | O38: =CB38 -> Grant | P38: =CC38 -> 1984 | Q38: =CK38 -> 541478 | R38: =CD38 -> 612803 | S38: =1-Q38/R38 -> 0.1163914 | U38: =$R41*U$2 -> 144322.8 | V38: =$R42*V$2 -> 621066.6 | W38: =$R43*W$2 -> 109466.1 | X38: =$R44*X$2 -> 0 | Y38: =SUM(U38:X38) -> 874855.5 | AD38: =Y38 -> 874855.5 | AE38: =B38 -> 1984 | AF38: =U38/$Y38 -> 0.16496759 | AG38: =V38/$Y38 -> 0.70990764 | AH38: =W38/$Y38 -> 0.12512478 | AJ38: =B38 -> 1984 | AK38: =AF35*AN35+AG34*AN34+AH33*AN33 -> 608862.3 | AL38: =CHOOSE(umethod,S38,retroU,MAX(0,cslope*(AK38-nlim)/AK38)) -> 0.1163914 | AM38: =AK38*(1-AL38) -> 537995.96 | AN38: =AM38*EXP(aa-bb*AM38+J38) -> 871095.03 | AO38: =AK38-AM38 -> 70866.336 | AP38: Cass | AQ38: 1984 | AR38: 540265 | AS38: =BE38 -> 65644 | AT38: =AS38/(AR38+AS38) -> 0.1083397 | AU38: =AR38+AS38 -> 605909 | AV38: =(AU38-CD38)/CD38 -> -0.011249945 | AW38: Cass | AX38: 1984 | AY38: 19746 | AZ38: N/A | BA38: 6131 | BB38: 1192 | BC38: 4846 | BD38: 337299 | BE38: 65644 | BF38: =BE38/BH38 -> 0.1083397 | BG38: 540265 | BH38: 605909 | BI38: =BE38/BH38 -> 0.1083397 | BJ38: =AY38/BH38 -> 0.032589052 | BK38: =BA38/(BH38-AY38) -> 0.010459548 | BL38: =BD38/(BH38-AY38-BA38-BC38) -> 0.58641726 | BM38: =BE38/BH38 -> 0.1083397 | BN38: =BG38*BM38/(1-BM38) -> 65644 | BO38: 0.1743125 | BP38: =BJ38/(SUM($BJ38:$BL38)) -> 0.051772549 | BQ38: =BK38/(SUM($BJ38:$BL38)) -> 0.016616545 | BR38: =BL38/(SUM($BJ38:$BL38)) -> 0.93161091 | BT38: 1984 | BU38: 1627518 | BV38: 295867.09 | BW38: 0.15382624 | BX38: 1923385.1 | BZ38: =BF38 -> 0.1083397 | CB38: Grant | CC38: 1984 | CD38: 612803 | CE38: 30552 | CF38: 17335 | CG38: 1 | CH38: 1192 | CI38: 0 | CJ38: 22246 | CK38: 541478 | CL38: =SUM(CE38:CK38) -> 612804 | CN38: 0.116 | CO38: =CC38 -> 1984 | CP38: =(CD38-BH38)/BH38 -> 0.011377946 | CQ38: =(CK38-BG38)/BG38 -> 0.0022451945 | CT38: 1984 | CU38: 540265 | CV38: 1061099 | CW38: =(CU38-Q38)/Q38 -> -0.0022401649 | CX38: =(CV38-AD38)/AD38 -> 0.21288487
A39: =O39 -> Grant | B39: =K39 -> 1985 | C39: =L39 -> 1147702 | D39: =M39 -> 1010518 | E39: =LN(D39/C39) -> -0.12729861 | F39: =A39 -> Grant | G39: =Q39 -> 1383808 | H39: =Y39 -> 1126818.4 | I39: =LN(H39/G39) -> -0.20544103 | J39: =I39-(aa-bb*G39) -> -0.4825469 | K39: 1985 | L39: 1147702 | M39: 1010518 | O39: =CB39 -> Grant | P39: =CC39 -> 1985 | Q39: =CK39 -> 1383808 | R39: =CD39 -> 1839044 | S39: =1-Q39/R39 -> 0.24753948 | U39: =$R42*U$2 -> 310533.3 | V39: =$R43*V$2 -> 656796.6 | W39: =$R44*W$2 -> 159488.5 | X39: =$R45*X$2 -> 0 | Y39: =SUM(U39:X39) -> 1126818.4 | AD39: =Y39 -> 1126818.4 | AE39: =B39 -> 1985 | AF39: =U39/$Y39 -> 0.27558416 | AG39: =V39/$Y39 -> 0.58287706 | AH39: =W39/$Y39 -> 0.14153878 | AJ39: =B39 -> 1985 | AK39: =AF36*AN36+AG35*AN35+AH34*AN34 -> 1827484.6 | AL39: =CHOOSE(umethod,S39,retroU,MAX(0,cslope*(AK39-nlim)/AK39)) -> 0.24753948 | AM39: =AK39*(1-AL39) -> 1375110 | AN39: =AM39*EXP(aa-bb*AM39+J39) -> 1125747.9 | AO39: =AK39-AM39 -> 452374.58 | AP39: Cass | AQ39: 1985 | AR39: 1147702 | AS39: =BE39 -> 604708 | AT39: =AS39/(AR39+AS39) -> 0.34507221 | AU39: =AR39+AS39 -> 1752410 | AV39: =(AU39-CD39)/CD39 -> -0.047108171 | AW39: Cass | AX39: 1985 | AY39: 242114 | AZ39: 36552 | BA39: 128032 | BB39: 124160 | BC39: 15449 | BD39: 58400 | BE39: 604708 | BF39: =BE39/BH39 -> 0.34507221 | BG39: 1147702 | BH39: 1752410 | BI39: =BE39/BH39 -> 0.34507221 | BJ39: =AY39/BH39 -> 0.13816059 | BK39: =BA39/(BH39-AY39) -> 0.084772786 | BL39: =BD39/(BH39-AY39-BA39-BC39) -> 0.04272707 | BM39: =BE39/BH39 -> 0.34507221 | BN39: =BG39*BM39/(1-BM39) -> 604708 | BO39: 0.38 | BP39: =BJ39/(SUM($BJ39:$BL39)) -> 0.52006459 | BQ39: =BK39/(SUM($BJ39:$BL39)) -> 0.31910202 | BR39: =BL39/(SUM($BJ39:$BL39)) -> 0.16083339 | BT39: 1985 | BU39: 2969439 | BV39: 1733316.5 | BW39: 0.36857466 | BX39: 4702755.5 | BZ39: =BF39 -> 0.34507221 | CB39: Grant | CC39: 1985 | CD39: 1839044 | CE39: 248099 | CF39: 23242 | CG39: 2142 | CH39: 124098 | CI39: 0 | CJ39: 57656 | CK39: 1383808 | CL39: =SUM(CE39:CK39) -> 1839045 | CN39: 0.248 | CO39: =CC39 -> 1985 | CP39: =(CD39-BH39)/BH39 -> 0.049437061 | CQ39: =(CK39-BG39)/BG39 -> 0.20572065 | CT39: 1985 | CU39: 1147702 | CV39: 1010518 | CW39: =(CU39-Q39)/Q39 -> -0.17062049 | CX39: =(CV39-AD39)/AD39 -> -0.10321131
A40: =O40 -> Grant | B40: =K40 -> 1986 | C40: =L40 -> 833591 | D40: =M40 -> 1322564 | E40: =LN(D40/C40) -> 0.46158468 | F40: =A40 -> Grant | G40: =Q40 -> 997327 | H40: =Y40 -> 1430746.2 | I40: =LN(H40/G40) -> 0.36087271 | J40: =I40-(aa-bb*G40) -> -0.15417178 | K40: 1986 | L40: 833591 | M40: 1322564 | O40: =CB40 -> Grant | P40: =CC40 -> 1986 | Q40: =CK40 -> 997327 | R40: =CD40 -> 1580868 | S40: =1-Q40/R40 -> 0.36912696 | U40: =$R43*U$2 -> 328398.3 | V40: =$R44*V$2 -> 956931 | W40: =$R45*W$2 -> 145416.9 | X40: =$R46*X$2 -> 0 | Y40: =SUM(U40:X40) -> 1430746.2 | AD40: =Y40 -> 1430746.2 | AE40: =B40 -> 1986 | AF40: =U40/$Y40 -> 0.22952939 | AG40: =V40/$Y40 -> 0.66883351 | AH40: =W40/$Y40 -> 0.1016371 | AJ40: =B40 -> 1986 | AK40: =AF37*AN37+AG36*AN36+AH35*AN35 -> 1570122.7 | AL40: =CHOOSE(umethod,S40,retroU,MAX(0,cslope*(AK40-nlim)/AK40)) -> 0.36912696 | AM40: =AK40*(1-AL40) -> 990548.1 | AN40: =AM40*EXP(aa-bb*AM40+J40) -> 1426964.3 | AO40: =AK40-AM40 -> 579574.63 | AP40: Cass | AQ40: 1986 | AR40: 833591 | AS40: =BE40 -> 622194 | AT40: =AS40/(AR40+AS40) -> 0.42739416 | AU40: =AR40+AS40 -> 1455785 | AV40: =(AU40-CD40)/CD40 -> -0.079122988 | AW40: Cass | AX40: 1986 | AY40: 342548 | AZ40: 61331 | BA40: 17228 | BB40: 68213 | BC40: 17213 | BD40: 115661 | BE40: 622194 | BF40: =BE40/BH40 -> 0.42739416 | BG40: 833591 | BH40: 1455785 | BI40: =BE40/BH40 -> 0.42739416 | BJ40: =AY40/BH40 -> 0.23530123 | BK40: =BA40/(BH40-AY40) -> 0.015475591 | BL40: =BD40/(BH40-AY40-BA40-BC40) -> 0.10721304 | BM40: =BE40/BH40 -> 0.42739416 | BN40: =BG40*BM40/(1-BM40) -> 622194 | BO40: 0.5 | BP40: =BJ40/(SUM($BJ40:$BL40)) -> 0.65728462 | BQ40: =BK40/(SUM($BJ40:$BL40)) -> 0.043229131 | BR40: =BL40/(SUM($BJ40:$BL40)) -> 0.29948625 | BT40: 1986 | BU40: 2321907 | BV40: 1888703.2 | BW40: 0.44855808 | BX40: 4210610.2 | BZ40: =BF40 -> 0.42739416 | CB40: Grant | CC40: 1986 | CD40: 1580868 | CE40: 346413 | CF40: 54696 | CG40: 1188 | CH40: 67221 | CI40: 0 | CJ40: 114023 | CK40: 997327 | CL40: =SUM(CE40:CK40) -> 1580868 | CN40: 0.369 | CO40: =CC40 -> 1986 | CP40: =(CD40-BH40)/BH40 -> 0.085921341 | CQ40: =(CK40-BG40)/BG40 -> 0.19642247 | CT40: 1986 | CU40: 833591 | CV40: 1322564 | CW40: =(CU40-Q40)/Q40 -> -0.16417484 | CX40: =(CV40-AD40)/AD40 -> -0.075612432
A41: =O41 -> Grant | B41: =K41 -> 1987 | C41: =L41 -> 430000 | D41: =M41 -> 1116839 | E41: =LN(D41/C41) -> 0.95447244 | F41: =A41 -> Grant | G41: =Q41 -> 363671 | H41: =Y41 -> 1506538.7 | I41: =LN(H41/G41) -> 1.4213204 | J41: =I41-(aa-bb*G41) -> 0.51616302 | K41: 1987 | L41: 430000 | M41: 1116839 | O41: =CB41 -> Grant | P41: =CC41 -> 1987 | Q41: =CK41 -> 363671 | R41: =CD41 -> 481076 | S41: =1-Q41/R41 -> 0.24404668 | U41: =$R44*U$2 -> 478465.5 | V41: =$R45*V$2 -> 872501.4 | W41: =$R46*W$2 -> 155571.8 | X41: =$R47*X$2 -> 0 | Y41: =SUM(U41:X41) -> 1506538.7 | AD41: =Y41 -> 1506538.7 | AE41: =B41 -> 1987 | AF41: =U41/$Y41 -> 0.31759257 | AG41: =V41/$Y41 -> 0.57914304 | AH41: =W41/$Y41 -> 0.10326439 | AJ41: =B41 -> 1987 | AK41: =AF38*AN38+AG37*AN37+AH36*AN36 -> 478298.9 | AL41: =CHOOSE(umethod,S41,retroU,MAX(0,cslope*(AK41-nlim)/AK41)) -> 0.24404668 | AM41: =AK41*(1-AL41) -> 361571.64 | AN41: =AM41*EXP(aa-bb*AM41+J41) -> 1499779.1 | AO41: =AK41-AM41 -> 116727.26 | AP41: Cass | AQ41: 1987 | AR41: 430000 | AS41: =BE41 -> 136674 | AT41: =AS41/(AR41+AS41) -> 0.24118629 | AU41: =AR41+AS41 -> 566674 | AV41: =(AU41-CD41)/CD41 -> 0.17793031 | AW41: Cass | AX41: 1987 | AY41: 17868 | AZ41: 26729 | BA41: 22999 | BB41: 18649 | BC41: 14081 | BD41: 36348 | BE41: 136674 | BF41: =BE41/BH41 -> 0.24118629 | BG41: 430000 | BH41: 566674 | BI41: =BE41/BH41 -> 0.24118629 | BJ41: =AY41/BH41 -> 0.031531357 | BK41: =BA41/(BH41-AY41) -> 0.041907341 | BL41: =BD41/(BH41-AY41-BA41-BC41) -> 0.0710302 | BM41: =BE41/BH41 -> 0.24118629 | BN41: =BG41*BM41/(1-BM41) -> 136674 | BO41: 0.52 | BP41: =BJ41/(SUM($BJ41:$BL41)) -> 0.21825706 | BQ41: =BK41/(SUM($BJ41:$BL41)) -> 0.29007864 | BR41: =BL41/(SUM($BJ41:$BL41)) -> 0.4916643 | BT41: 1987 | BU41: 1317145 | BV41: 638770.32 | BW41: 0.32658383 | BX41: 1955915.3 | BZ41: =BF41 -> 0.24118629 | CB41: Grant | CC41: 1987 | CD41: 481076 | CE41: 22167 | CF41: 25236 | CG41: 10167 | CH41: 21984 | CI41: 0 | CJ41: 37852 | CK41: 363671 | CL41: =SUM(CE41:CK41) -> 481077 | CN41: 0.244 | CO41: =CC41 -> 1987 | CP41: =(CD41-BH41)/BH41 -> -0.15105334 | CQ41: =(CK41-BG41)/BG41 -> -0.15425349 | CT41: 1987 | CU41: 430000 | CV41: 1116839 | CW41: =(CU41-Q41)/Q41 -> 0.18238738 | CX41: =(CV41-AD41)/AD41 -> -0.25867221
A42: =O42 -> Grant | B42: =K42 -> 1988 | C42: =L42 -> 488070 | D42: =M42 -> 406805 | E42: =LN(D42/C42) -> -0.18212488 | F42: =A42 -> Grant | G42: =Q42 -> 528467 | H42: =Y42 -> 1517347.8 | I42: =LN(H42/G42) -> 1.0547389 | J42: =I42-(aa-bb*G42) -> 0.25103878 | K42: 1988 | L42: 488070 | M42: 406805 | O42: =CB42 -> Grant | P42: =CC42 -> 1988 | Q42: =CK42 -> 528467 | R42: =CD42 -> 1035111 | S42: =1-Q42/R42 -> 0.48945862 | U42: =$R45*U$2 -> 436250.7 | V42: =$R46*V$2 -> 933430.8 | W42: =$R47*W$2 -> 147666.3 | X42: =$R48*X$2 -> 0 | Y42: =SUM(U42:X42) -> 1517347.8 | Z42: =$R45*$U$2 -> 436250.7 | AA42: =$R46*$V$2 -> 933430.8 | AB42: =$R47*$W$2 -> 147666.3 | AC42: =$R48*$X$2 -> 0 | AD42: =SUM(Z42:AC42) -> 1517347.8 | AE42: =B42 -> 1988 | AF42: =U42/$Y42 -> 0.2875087 | AG42: =V42/$Y42 -> 0.61517261 | AH42: =W42/$Y42 -> 0.09731869 | AJ42: =B42 -> 1988 | AK42: =AF39*AN39+AG38*AN38+AH37*AN37 -> 1031497.7 | AL42: =CHOOSE(umethod,S42,retroU,MAX(0,cslope*(AK42-nlim)/AK42)) -> 0.48945862 | AM42: =AK42*(1-AL42) -> 526622.25 | AN42: =AM42*EXP(aa-bb*AM42+J42) -> 1513769.4 | AO42: =AK42-AM42 -> 504875.43 | AP42: Cass | AQ42: 1988 | AR42: 488070 | AS42: =BE42 -> 685238 | AT42: =AS42/(AR42+AS42) -> 0.58402227 | AU42: =AR42+AS42 -> 1173308 | AV42: =(AU42-CD42)/CD42 -> 0.13350935 | AW42: Cass | AX42: 1988 | AY42: 250953 | AZ42: 4743 | BA42: 196360 | BB42: 96300 | BC42: 30719 | BD42: 106162 | BE42: 685238 | BF42: =BE42/BH42 -> 0.58402227 | BG42: 488070 | BH42: 1173308 | BI42: =BE42/BH42 -> 0.58402227 | BJ42: =AY42/BH42 -> 0.21388502 | BK42: =BA42/(BH42-AY42) -> 0.21288983 | BL42: =BD42/(BH42-AY42-BA42-BC42) -> 0.15269044 | BM42: =BE42/BH42 -> 0.58402227 | BN42: =BG42*BM42/(1-BM42) -> 685238 | BO42: 0.56 | BP42: =BJ42/(SUM($BJ42:$BL42)) -> 0.36910755 | BQ42: =BK42/(SUM($BJ42:$BL42)) -> 0.36739014 | BR42: =BL42/(SUM($BJ42:$BL42)) -> 0.26350231 | BT42: 1988 | BU42: 1634560 | BV42: 1788874.1 | BW42: 0.52253791 | BX42: 3423434.1 | BZ42: =BF42 -> 0.58402227 | CB42: Grant | CC42: 1988 | CD42: 1035111 | CE42: 296424 | CF42: 3964 | CG42: 1537 | CH42: 96892 | CI42: 0 | CJ42: 107827 | CK42: 528467 | CL42: =SUM(CE42:CK42) -> 1035111 | CN42: 0.489 | CO42: =CC42 -> 1988 | CP42: =(CD42-BH42)/BH42 -> -0.11778408 | CQ42: =(CK42-BG42)/BG42 -> 0.082768865 | CT42: 1988 | CU42: 488070 | CV42: 406805 | CW42: =(CU42-Q42)/Q42 -> -0.076441859 | CX42: =(CV42-AD42)/AD42 -> -0.73189733
A43: =O43 -> Grant | B43: =K43 -> 1989 | C43: =L43 -> 523657 | D43: =Y43 -> 1582242 | E43: =LN(D43/C43) -> 1.1057612 | F43: =A43 -> Grant | G43: =Q43 -> 739647 | H43: =Y43 -> 1582242 | I43: =LN(H43/G43) -> 0.76042506 | J43: =I43-(aa-bb*G43) -> 0.086738822 | K43: 1989 | L43: 523657 | M43: =NA() -> #N/A | O43: =CB43 -> Grant | P43: =CC43 -> 1989 | Q43: =CK43 -> 739647 | R43: =CD43 -> 1094661 | S43: =1-Q43/R43 -> 0.3243141 | U43: =$R46*U$2 -> 466715.4 | V43: =$R47*V$2 -> 885997.8 | W43: =$R48*W$2 -> 229528.8 | X43: =$R49*X$2 -> 0 | Y43: =SUM(U43:X43) -> 1582242 | Z43: =$R46*$U$2 -> 466715.4 | AA43: =$R47*$V$2 -> 885997.8 | AB43: =$R48*$W$2 -> 229528.8 | AC43: =$R49*$X$2 -> 0 | AD43: =SUM(Z43:AC43) -> 1582242 | AE43: =B43 -> 1989 | AF43: =U43/$Y43 -> 0.29497093 | AG43: =V43/$Y43 -> 0.55996352 | AH43: =W43/$Y43 -> 0.14506555 | AJ43: =B43 -> 1989 | AK43: =AF40*AN40+AG39*AN39+AH38*AN38 -> 1092698.5 | AL43: =CHOOSE(umethod,S43,retroU,MAX(0,cslope*(AK43-nlim)/AK43)) -> 0.3243141 | AM43: =AK43*(1-AL43) -> 738320.94 | AN43: =AM43*EXP(aa-bb*AM43+J43) -> 1580695.3 | AO43: =AK43-AM43 -> 354377.52 | AQ43: 1989 | AW43: Cass | AX43: 1989 | AY43: 256398 | AZ43: 8017 | BA43: 25786 | BB43: 55544 | BC43: 16769 | BD43: 37156 | BE43: 399670 | BF43: =BE43/BH43 -> 0.43093335 | BG43: 527782 | BH43: 927452 | BI43: =BE43/BH43 -> 0.43093335 | BJ43: =AY43/BH43 -> 0.2764542 | BK43: =BA43/(BH43-AY43) -> 0.038426118 | BL43: =BD43/(BH43-AY43-BA43-BC43) -> 0.05911863 | BM43: =BE43/BH43 -> 0.43093335 | BN43: =BG43*BM43/(1-BM43) -> 399670 | BO43: 0.56 | BP43: =BJ43/(SUM($BJ43:$BL43)) -> 0.73918443 | BQ43: =BK43/(SUM($BJ43:$BL43)) -> 0.10274392 | BR43: =BL43/(SUM($BJ43:$BL43)) -> 0.15807165 | BT43: 1989 | BU43: 1029563 | BV43: 822368.74 | BW43: 0.44405996 | BX43: 1851931.7 | BZ43: =BF43 -> 0.43093335 | CB43: Grant | CC43: 1989 | CD43: 1094661 | CE43: 244269 | CF43: 6323 | CG43: 9749 | CH43: 55358 | CI43: 0 | CJ43: 39315 | CK43: 739647 | CL43: =SUM(CE43:CK43) -> 1094661 | CN43: 0.324 | CO43: =CC43 -> 1989 | CP43: =(CD43-BH43)/BH43 -> 0.18028858 | CQ43: =(CK43-BG43)/BG43 -> 0.40142521 | CT43: 1989
A44: =O44 -> Grant | B44: =K44 -> 1990 | C44: =L44 -> 736039 | D44: =Y44 -> 2004615.8 | E44: =LN(D44/C44) -> 1.0019246 | F44: =A44 -> Grant | G44: =Q44 -> 861972 | H44: =Y44 -> 2004615.8 | I44: =LN(H44/G44) -> 0.84398491 | J44: =I44-(aa-bb*G44) -> 0.24560856 | K44: 1990 | L44: 736039 | M44: =NA() -> #N/A | O44: =CB44 -> Grant | P44: =CC44 -> 1990 | Q44: =CK44 -> 861972 | R44: =CD44 -> 1594885 | S44: =1-Q44/R44 -> 0.45953972 | U44: =$R47*U$2 -> 442998.9 | V44: =$R48*V$2 -> 1377172.8 | W44: =$R49*W$2 -> 184444.1 | X44: =$R50*X$2 -> 0 | Y44: =SUM(U44:X44) -> 2004615.8 | Z44: =$R47*$U$2 -> 442998.9 | AA44: =$R48*$V$2 -> 1377172.8 | AB44: =$R49*$W$2 -> 184444.1 | AC44: =$T50*$X$2 -> 0 | AD44: =SUM(Z44:AC44) -> 2004615.8 | AE44: =B44 -> 1990 | AF44: =U44/$Y44 -> 0.22098943 | AG44: =V44/$Y44 -> 0.68700087 | AH44: =W44/$Y44 -> 0.092009701 | AJ44: =B44 -> 1990 | AK44: =AF41*AN41+AG40*AN40+AH39*AN39 -> 1590057.2 | AL44: =CHOOSE(umethod,S44,retroU,MAX(0,cslope*(AK44-nlim)/AK44)) -> 0.45953972 | AM44: =AK44*(1-AL44) -> 859362.78 | AN44: =AM44*EXP(aa-bb*AM44+J44) -> 2001760.8 | AO44: =AK44-AM44 -> 730694.44 | AQ44: 1990 | AW44: Cass | AX44: 1990 | AY44: 437784 | AZ44: 8274 | BA44: 1988 | BB44: 143511 | BC44: 15719 | BD44: 127188 | BE44: 734464 | BF44: =BE44/BH44 -> 0.49435486 | BG44: 751239 | BH44: 1485702 | BI44: =BE44/BH44 -> 0.49435486 | BJ44: =AY44/BH44 -> 0.29466474 | BK44: =BA44/(BH44-AY44) -> 0.001897095 | BL44: =BD44/(BH44-AY44-BA44-BC44) -> 0.1234582 | BM44: =BE44/BH44 -> 0.49435486 | BN44: =BG44*BM44/(1-BM44) -> 734464.98 | BO44: 0.57 | BP44: =BJ44/(SUM($BJ44:$BL44)) -> 0.70154924 | BQ44: =BK44/(SUM($BJ44:$BL44)) -> 0.0045166773 | BR44: =BL44/(SUM($BJ44:$BL44)) -> 0.29393408 | BT44: 1990 | BU44: 1743112 | BV44: 1884857.3 | BW44: 0.51953507 | BX44: 3627969.3 | BZ44: =BF44 -> 0.49435486 | CB44: Grant | CC44: 1990 | CD44: 1594885 | CE44: 451937 | CF44: 16682 | CG44: 4 | CH44: 144478 | CI44: 0 | CJ44: 119812 | CK44: 861972 | CL44: =SUM(CE44:CK44) -> 1594885 | CN44: 0.46 | CO44: =CC44 -> 1990 | CP44: =(CD44-BH44)/BH44 -> 0.073489165 | CQ44: =(CK44-BG44)/BG44 -> 0.14740049 | CT44: 1990
A45: =O45 -> Grant | B45: =K45 -> 1991 | C45: =L45 -> 790060 | D45: =Y45 -> 1920095.3 | E45: =LN(D45/C45) -> 0.8880212 | F45: =A45 -> Grant | G45: =Q45 -> 1106348 | H45: =Y45 -> 1920095.3 | I45: =LN(H45/G45) -> 0.55131032 | J45: =I45-(aa-bb*G45) -> 0.10338506 | K45: 1991 | L45: 790060 | M45: =NA() -> #N/A | O45: =CB45 -> Grant | P45: =CC45 -> 1991 | Q45: =CK45 -> 1106348 | R45: =CD45 -> 1454169 | S45: =1-Q45/R45 -> 0.23918884 | U45: =$R48*U$2 -> 688586.4 | V45: =$R49*V$2 -> 1106664.6 | W45: =$R50*W$2 -> 124844.29 | X45: =$R51*X$2 -> 0 | Y45: =SUM(U45:X45) -> 1920095.3 | Z45: =$R48*$U$2 -> 688586.4 | AA45: =$R49*$V$2 -> 1106664.6 | AB45: =$T50*$W$2 -> 124844.29 | AC45: =$T51*$X$2 -> 0 | AD45: =SUM(Z45:AC45) -> 1920095.3 | AE45: =B45 -> 1991 | AF45: =U45/$Y45 -> 0.35862095 | AG45: =V45/$Y45 -> 0.57635921 | AH45: =W45/$Y45 -> 0.065019843 | AJ45: =B45 -> 1991 | AK45: =AF42*AN42+AG41*AN41+AH40*AN40 -> 1448841 | AL45: =CHOOSE(umethod,S45,retroU,MAX(0,cslope*(AK45-nlim)/AK45)) -> 0.23918884 | AM45: =AK45*(1-AL45) -> 1102294.4 | AN45: =AM45*EXP(aa-bb*AM45+J45) -> 1917840.4 | AO45: =AK45-AM45 -> 346546.61 | AQ45: 1991 | AX45: 1991 | BF45: =BO45 -> 0.42 | BO45: 0.42 | CB45: Grant | CC45: 1991 | CD45: 1454169 | CE45: 104533 | CF45: 54637 | CG45: 78 | CH45: 110837 | CI45: 0 | CJ45: 77737 | CK45: 1106348 | CL45: =SUM(CE45:CK45) -> 1454170 | CN45: 0.239 | CT45: 1991
A46: =O46 -> Grant | B46: =K46 -> 1992 | C46: =L46 -> 757025 | D46: =Y46 -> 1415807.9 | E46: =LN(D46/C46) -> 0.62605933 | F46: =A46 -> Grant | G46: =Q46 -> 1035859 | H46: =Y46 -> 1415807.9 | I46: =LN(H46/G46) -> 0.31246929 | J46: =I46-(aa-bb*G46) -> -0.17885281 | K46: 1992 | L46: 757025 | M46: =NA() -> #N/A | O46: =CB46 -> Grant | P46: =CC46 -> 1992 | Q46: =CK46 -> 1035859 | R46: =CD46 -> 1555718 | S46: =1-Q46/R46 -> 0.33416018 | U46: =$R49*U$2 -> 553332.3 | V46: =$R50*V$2 -> 749065.77 | W46: =$R51*W$2 -> 113409.84 | X46: =$R52*X$2 -> 0 | Y46: =SUM(U46:X46) -> 1415807.9 | Z46: =$R49*$U$2 -> 553332.3 | AA46: =$T50*$V$2 -> 749065.77 | AB46: =$T51*$W$2 -> 113409.84 | AC46: =$T52*$X$2 -> 0 | AD46: =SUM(Z46:AC46) -> 1415807.9 | AE46: =B46 -> 1992 | AF46: =U46/$Y46 -> 0.39082442 | AG46: =V46/$Y46 -> 0.52907302 | AH46: =W46/$Y46 -> 0.080102562 | AJ46: =B46 -> 1992 | AK46: =AF43*AN43+AG42*AN42+AH41*AN41 -> 1552362.4 | AL46: =CHOOSE(umethod,S46,retroU,MAX(0,cslope*(AK46-nlim)/AK46)) -> 0.33416018 | AM46: =AK46*(1-AL46) -> 1033624.7 | AN46: =AM46*EXP(aa-bb*AM46+J46) -> 1414698.7 | AO46: =AK46-AM46 -> 518737.68 | AQ46: 1992 | AX46: 1992 | BF46: =BO46 -> 0.53 | BO46: 0.53 | CB46: Grant | CC46: 1992 | CD46: 1555718 | CE46: 309541 | CF46: 48931 | CG46: 57 | CH46: 90015 | CI46: 0 | CJ46: 71317 | CK46: 1035859 | CL46: =SUM(CE46:CK46) -> 1555720 | CN46: 0.334 | CT46: 1992
A47: =O47 -> Grant | B47: =K47 -> 1993 | C47: =L47 -> 788831 | D47: =M47 -> 1361315 | E47: =LN(D47/C47) -> 0.54565432 | F47: =A47 -> Grant | G47: =Q47 -> 985479 | H47: =Y47 -> 1461960 | I47: =LN(H47/G47) -> 0.39440543 | J47: =I47-(aa-bb*G47) -> -0.12793333 | K47: 1993 | L47: 788831 | M47: 1361315 | O47: =CB47 -> Grant | P47: =AQ47 -> 1993 | Q47: =CK47 -> 985479 | R47: =CD47 -> 1476663 | S47: =1-Q47/R47 -> 0.33263107 | U47: =$R50*U$2 -> 374532.88 | V47: =$R51*V$2 -> 680459.05 | W47: =$R52*W$2 -> 406968.02 | X47: =$R53*X$2 -> 0 | Y47: =SUM(U47:X47) -> 1461960 | Z47: =$T50*$U$2 -> 374532.88 | AA47: =$T51*$V$2 -> 680459.05 | AB47: =$T52*$W$2 -> 406968.02 | AC47: =$T53*$X$2 -> 0 | AD47: =SUM(Z47:AC47) -> 1461960 | AE47: =B47 -> 1993 | AF47: =U47/$Y47 -> 0.25618546 | AG47: =V47/$Y47 -> 0.46544302 | AH47: =W47/$Y47 -> 0.27837152 | AJ47: =B47 -> 1993 | AK47: =AF44*AN44+AG43*AN43+AH42*AN42 -> 1474817.7 | AL47: =CHOOSE(umethod,S47,retroU,MAX(0,cslope*(AK47-nlim)/AK47)) -> 0.33263107 | AM47: =AK47*(1-AL47) -> 984247.5 | AN47: =AM47*EXP(aa-bb*AM47+J47) -> 1461240.5 | AO47: =AK47-AM47 -> 490570.2 | AP47: Brittany | AQ47: 1993 | AR47: 788831 | AS47: =AR47*BF47/(1-BF47) -> 854566.92 | AT47: =AS47/(AR47+AS47) -> 0.52 | AU47: =AR47+AS47 -> 1643397.9 | AV47: =(AU47-CD47)/CD47 -> 0.11291332 | AX47: 1993 | BF47: =BO47 -> 0.52 | BO47: 0.52 | CB47: Grant | CC47: 1993 | CD47: 1476663 | CE47: 250194 | CF47: 26665 | CG47: 28 | CH47: 98891 | CI47: 0 | CJ47: 115406 | CK47: 985479 | CL47: =SUM(CE47:CK47) -> 1476663 | CN47: 0.333 | CT47: 1993 | CU47: 788831 | CV47: 1361315 | CW47: =(CU47-Q47)/Q47 -> -0.1995456 | CX47: =(CV47-AD47)/AD47 -> -0.068842482
A48: =O48 -> Grant | B48: =K48 -> 1994 | C48: =Q48 -> 1666079 | D48: =M48 -> 3442899 | E48: =LN(D48/C48) -> 0.72584089 | F48: =A48 -> Grant | G48: =Q48 -> 1666079 | H48: =Y48 -> 3090405.4 | I48: =LN(H48/G48) -> 0.61782931 | J48: =I48-(aa-bb*G48) -> 0.51450475 | K48: 1994 | L48: =NA() -> #N/A | M48: 3442899 | O48: =CB48 -> Grant | P48: =CC48 -> 1994 | Q48: =CK48 -> 1666079 | R48: =CD48 -> 2295288 | S48: =1-Q48/R48 -> 0.27413074 | U48: =$R51*U$2 -> 340229.52 | V48: =$R52*V$2 -> 2441808.1 | W48: =$R53*W$2 -> 308367.73 | X48: =$R54*X$2 -> 0 | Y48: =SUM(U48:X48) -> 3090405.4 | Z48: =$T51*$U$2 -> 340229.52 | AA48: =$T52*$V$2 -> 2441808.1 | AB48: =$T53*$W$2 -> 308367.73 | AC48: =$T54*$X$2 -> 0 | AD48: =SUM(Z48:AC48) -> 3090405.4 | AE48: =B48 -> 1994 | AF48: =U48/$Y48 -> 0.1100922 | AG48: =V48/$Y48 -> 0.79012551 | AH48: =W48/$Y48 -> 0.099782291 | AJ48: =B48 -> 1994 | AK48: =AF45*AN45+AG44*AN44+AH43*AN43 -> 2292293.5 | AL48: =CHOOSE(umethod,S48,retroU,MAX(0,cslope*(AK48-nlim)/AK48)) -> 0.27413074 | AM48: =AK48*(1-AL48) -> 1663905.4 | AN48: =AM48*EXP(aa-bb*AM48+J48) -> 3090506.5 | AO48: =AK48-AM48 -> 628388.13 | AP48: Brittany | AQ48: 1994 | AT48: =BF48 -> 0.44 | AX48: 1994 | BF48: =BO48 -> 0.44 | BO48: 0.44 | CB48: Grant | CC48: 1994 | CD48: 2295288 | CE48: 335201 | CF48: 24576 | CG48: 0 | CH48: 54975 | CI48: 0 | CJ48: 214456 | CK48: 1666079 | CL48: =SUM(CE48:CK48) -> 2295287 | CN48: 0.274 | CT48: 1994 | DH48: Digitized from DFO 2023 slide set
A49: =O49 -> Grant | B49: =K49 -> 1995 | C49: =Q49 -> 1628542 | D49: =M49 -> 3112653 | E49: =LN(D49/C49) -> 0.64779028 | F49: =A49 -> Grant | G49: =Q49 -> 1628542 | H49: =Y49 -> 3153242.8 | I49: =LN(H49/G49) -> 0.66074626 | J49: =I49-(aa-bb*G49) -> 0.53431188 | K49: 1995 | L49: =NA() -> #N/A | M49: 3112653 | O49: =CB49 -> Grant | P49: =AQ49 -> 1995 | Q49: =CK49 -> 1628542 | R49: =CD49 -> 1844441 | S49: =1-Q49/R49 -> 0.11705389 | T49: Brittany tot. stock | U49: =$R52*$U$2 -> 1220904.1 | V49: =$R53*$V$2 -> 1850206.4 | W49: =$R54*$W$2 -> 82132.389 | X49: =$R55*$X$2 -> 0 | Y49: =SUM(U49:X49) -> 3153242.8 | Z49: =$T52*$U$2 -> 1220904.1 | AA49: =$T53*$V$2 -> 1850206.4 | AB49: =$T54*$W$2 -> 82132.389 | AC49: =$T55*$X$2 -> 0 | AD49: =SUM(Z49:AC49) -> 3153242.8 | AE49: =B49 -> 1995 | AF49: =U49/$Y49 -> 0.38718999 | AG49: =V49/$Y49 -> 0.58676305 | AH49: =W49/$Y49 -> 0.02604696 | AJ49: =B49 -> 1995 | AK49: =AF46*AN46+AG45*AN45+AH44*AN44 -> 1842445.2 | AL49: =CHOOSE(umethod,S49,retroU,MAX(0,cslope*(AK49-nlim)/AK49)) -> 0.11705389 | AM49: =AK49*(1-AL49) -> 1626779.8 | AN49: =AM49*EXP(aa-bb*AM49+J49) -> 3153249.9 | AO49: =AK49-AM49 -> 215665.38 | AP49: Brittany | AQ49: 1995 | AT49: =BF49 -> 0.28 | AX49: 1995 | BF49: =BO49 -> 0.28 | BO49: 0.28 | CB49: Grant | CC49: 1995 | CD49: 1844441 | CE49: 94747 | CF49: 2224 | CG49: 507 | CH49: 31940 | CI49: 0 | CJ49: 86480 | CK49: 1628542 | CL49: =SUM(CE49:CK49) -> 1844440 | CN49: 0.117 | CT49: 1995 | DF49: Year | DG49: total Run | DH49: spawners | DI49: catch | DJ49: harvest rate | DL49: %dif spawn | DM49: %dif hr
A50: Haley | B50: =K50 -> 1996 | C50: =L50 -> 1186180 | D50: =M50 -> 1431408 | E50: =LN(D50/C50) -> 0.18792052 | F50: Murdoch | G50: =Q50 -> 1186180 | H50: =Y50 -> 1757511.3 | I50: =LN(H50/G50) -> 0.39316069 | J50: =I50-(aa-bb*G50) -> -0.0056156666 | K50: 1996 | L50: 1186180 | M50: 1431408 | O50: =AP50 -> Brittany | P50: =AQ50 -> 1996 | Q50: =AR50 -> 1186180 | R50: =AU50 -> 1248442.9 | S50: =1-Q50/R50 -> 0.04987248 | T50: =R50 -> 1248442.9 | U50: =$R53*$U$2 -> 925103.19 | V50: =$R54*$V$2 -> 492794.34 | W50: =$R55*$W$2 -> 339613.74 | X50: =$R56*$X$2 -> 0 | Y50: =SUM(U50:X50) -> 1757511.3 | Z50: =$T53*$U$2 -> 925103.19 | AA50: =$T54*$V$2 -> 492794.34 | AB50: =$T55*$W$2 -> 339613.74 | AC50: =$T56*$X$2 -> 0 | AD50: =SUM(Z50:AC50) -> 1757511.3 | AE50: =B50 -> 1996 | AF50: =U50/$Y50 -> 0.52637113 | AG50: =V50/$Y50 -> 0.28039327 | AH50: =W50/$Y50 -> 0.1932356 | AJ50: =B50 -> 1996 | AK50: =AF47*AN47+AG46*AN46+AH45*AN45 -> 1247525.2 | AL50: =CHOOSE(umethod,S50,retroU,MAX(0,cslope*(AK50-nlim)/AK50)) -> 0.04987248 | AM50: =AK50*(1-AL50) -> 1185308 | AN50: =AM50*EXP(aa-bb*AM50+J50) -> 1757162.3 | AO50: =AK50-AM50 -> 62217.175 | AP50: Brittany | AQ50: 1996 | AR50: 1186180 | AS50: =AU50-AR50 -> 62262.946 | AT50: =AS50/AU50 -> 0.04987248 | AU50: 1248442.9 | AV50: =(AU50-CD50)/CD50 -> 0.4084213 | AX50: 1996 | BF50: =BO50 -> 0.27 | BO50: 0.27 | CB50: Grant | CC50: 1996 | CD50: 886413 | CE50: 24816 | CF50: 0 | CG50: 0 | CH50: 81 | CI50: 0 | CJ50: 16175 | CK50: 845342 | CL50: =SUM(CE50:CK50) -> 886414 | CN50: 0.046 | CT50: 1996 | CU50: 1186180 | CV50: 1431408 | CW50: =(CU50-Q50)/Q50 -> 0 | CX50: =(CV50-AD50)/AD50 -> -0.18554832 | DF50: 1996 | DG50: 1253503.3 | DH50: 1123652.9 | DI50: =DG50-DH50 -> 129850.39 | DJ50: =DI50/DG50 -> 0.10358999 | DL50: =(L50-DH50)/DG50 -> 0.049881843 | DM50: =(AT50-DJ50)/DJ50 -> -0.51855887
A51: Haley | B51: =K51 -> 1997 | C51: =L51 -> 1045815 | D51: =M51 -> 2858328 | E51: =LN(D51/C51) -> 1.0054404 | F51: Murdoch | G51: =Q51 -> 1045815 | H51: =Y51 -> 2557187.9 | I51: =LN(H51/G51) -> 0.89411171 | J51: =I51-(aa-bb*G51) -> 0.40891906 | K51: 1997 | L51: 1045815 | M51: 2858328 | O51: =AP51 -> Brittany | P51: =AQ51 -> 1997 | Q51: =AR51 -> 1045815 | R51: =AU51 -> 1134098.4 | S51: =1-Q51/R51 -> 0.07784458 | T51: =R51 -> 1134098.4 | U51: =$R54*$U$2 -> 246397.17 | V51: =$R55*$V$2 -> 2037682.4 | W51: =$R56*$W$2 -> 270192.25 | X51: =$R57*$DC57 -> 2916.114 | Y51: =SUM(U51:X51) -> 2557187.9 | Z51: =$T54*$U$2 -> 246397.17 | AA51: =$T55*$V$2 -> 2037682.4 | AB51: =$T56*$W$2 -> 270192.25 | AC51: =$T57*$X$2 -> 0 | AD51: =SUM(Z51:AC51) -> 2554271.8 | AE51: =B51 -> 1997 | AF51: =U51/$Y51 -> 0.096354736 | AG51: =V51/$Y51 -> 0.79684499 | AH51: =W51/$Y51 -> 0.10565991 | AJ51: =B51 -> 1997 | AK51: =AF48*AN48+AG47*AN47+AH46*AN46 -> 1133685.8 | AL51: =CHOOSE(umethod,S51,retroU,MAX(0,cslope*(AK51-nlim)/AK51)) -> 0.07784458 | AM51: =AK51*(1-AL51) -> 1045434.5 | AN51: =AM51*EXP(aa-bb*AM51+J51) -> 2556856.5 | AO51: =AK51-AM51 -> 88251.297 | AP51: Brittany | AQ51: 1997 | AR51: 1045815 | AS51: =AU51-AR51 -> 88283.415 | AT51: =AS51/AU51 -> 0.07784458 | AU51: 1134098.4 | AV51: =(AU51-CD51)/CD51 -> -0.32886159 | AX51: 1997 | BF51: =BO51 -> 0.18 | BO51: 0.18 | CB51: Grant | CC51: 1997 | CD51: 1689813 | CE51: 38231 | CF51: 0 | CG51: 20 | CH51: 191 | CI51: 0 | CJ51: 31764 | CK51: 1619608 | CL51: =SUM(CE51:CK51) -> 1689814 | CN51: 0.042 | CT51: 1997 | CU51: 1045815 | CV51: 2858328 | CW51: =(CU51-Q51)/Q51 -> 0 | CX51: =(CV51-AD51)/AD51 -> 0.1190383 | DF51: 1997 | DG51: 1137153.1 | DH51: 955315.2 | DI51: =DG51-DH51 -> 181837.92 | DJ51: =DI51/DG51 -> 0.15990627 | DL51: =(L51-DH51)/DG51 -> 0.079584532 | DM51: =(AT51-DJ51)/DJ51 -> -0.51318621
A52: Haley | B52: =K52 -> 1998 | C52: =L52 -> 3561043 | D52: =M52 -> 2785129 | E52: =LN(D52/C52) -> -0.24575929 | F52: Murdoch | G52: =Q52 -> 3561043 | H52: =Y52 -> 2766942 | I52: =LN(H52/G52) -> -0.25231074 | J52: =I52-(aa-bb*G52) -> 0.81100709 | K52: 1998 | L52: 3561043 | M52: 2785129 | O52: =AP52 -> Brittany | P52: =AQ52 -> 1998 | Q52: =AR52 -> 3561043 | R52: =AU52 -> 4069680.2 | S52: =1-Q52/R52 -> 0.1249821 | T52: =R52 -> 4069680.2 | U52: =$R55*$U$2 -> 1018841.2 | V52: =$R56*$V$2 -> 1621153.5 | W52: =$R57*$DB57 -> 122476.79 | X52: =$R58*DC58 -> 4470.4815 | Y52: =SUM(U52:X52) -> 2766942 | Z52: =$T55*$U$2 -> 1018841.2 | AA52: =$T56*$V$2 -> 1621153.5 | AB52: =$T57*$W$2 -> 200628.64 | AC52: =$T58*$X$2 -> 0 | AD52: =SUM(Z52:AC52) -> 2840623.4 | AE52: =B52 -> 1998 | AF52: =U52/$Y52 -> 0.36821921 | AG52: =V52/$Y52 -> 0.5859008 | AH52: =W52/$Y52 -> 0.044264313 | AJ52: =B52 -> 1998 | AK52: =AF49*AN49+AG48*AN48+AH47*AN47 -> 4069562.5 | AL52: =CHOOSE(umethod,S52,retroU,MAX(0,cslope*(AK52-nlim)/AK52)) -> 0.1249821 | AM52: =AK52*(1-AL52) -> 3560940.1 | AN52: =AM52*EXP(aa-bb*AM52+J52) -> 2767037.4 | AO52: =AK52-AM52 -> 508622.49 | AP52: Brittany | AQ52: 1998 | AR52: 3561043 | AS52: =AU52-AR52 -> 508637.2 | AT52: =AS52/AU52 -> 0.1249821 | AU52: 4069680.2 | AV52: =(AU52-CD52)/CD52 -> -0.0057344078 | AX52: 1998 | BF52: =BO52 -> 0.36 | BO52: 0.36 | CB52: Grant | CC52: 1998 | CD52: 4093152 | CE52: 334938 | CF52: 80296 | CG52: 0 | CH52: 26006 | CI52: 0 | CJ52: 28281 | CK52: 3623631 | CL52: =SUM(CE52:CK52) -> 4093152 | CN52: 0.115 | CT52: 1998 | CU52: 3561043 | CV52: 2785129 | CW52: =(CU52-Q52)/Q52 -> 0 | CX52: =(CV52-AD52)/AD52 -> -0.019535981 | DF52: 1998 | DG52: 4085678.8 | DH52: 3384399.8 | DI52: =DG52-DH52 -> 701278.96 | DJ52: =DI52/DG52 -> 0.1716432 | DL52: =(L52-DH52)/DG52 -> 0.043234727 | DM52: =(AT52-DJ52)/DJ52 -> -0.27184935
A53: Haley | B53: =K53 -> 1999 | C53: =L53 -> 2987256 | D53: =M53 -> 2232718 | E53: =LN(D53/C53) -> -0.29113556 | F53: Murdoch | G53: =Q53 -> 2987256 | H53: =Y53 -> 3598370.9 | I53: =LN(H53/G53) -> 0.18612596 | J53: =I53-(aa-bb*G53) -> 0.89618946 | K53: 1999 | L53: 2987256 | M53: 2232718 | O53: =AP53 -> Brittany | P53: =AQ53 -> 1999 | Q53: =AR53 -> 2987256 | R53: =AU53 -> 3083677.3 | S53: =1-Q53/R53 -> 0.031268283 | T53: =R53 -> 3083677.3 | U53: =$R56*$U$2 -> 810576.76 | V53: =$R57*$DA57 -> 1825487.3 | W53: =$R58*DB58 -> 952212.55 | X53: =$R59*DC59 -> 10094.194 | Y53: =SUM(U53:X53) -> 3598370.9 | Z53: =$T56*$U$2 -> 810576.76 | AA53: =$T57*$V$2 -> 1203771.8 | AB53: =$T58*$W$2 -> 335286.11 | AC53: =$T59*$X$2 -> 0 | AD53: =SUM(Z53:AC53) -> 2349634.7 | AE53: =B53 -> 1999 | AF53: =U53/$Y53 -> 0.22526215 | AG53: =V53/$Y53 -> 0.5073094 | AH53: =W53/$Y53 -> 0.26462324 | AJ53: =B53 -> 1999 | AK53: =AF50*AN50+AG49*AN49+AH48*AN48 -> 3083507.9 | AL53: =CHOOSE(umethod,S53,retroU,MAX(0,cslope*(AK53-nlim)/AK53)) -> 0.031268283 | AM53: =AK53*(1-AL53) -> 2987091.9 | AN53: =AM53*EXP(aa-bb*AM53+J53) -> 3598536.7 | AO53: =AK53-AM53 -> 96415.997 | AP53: Brittany | AQ53: 1999 | AR53: 2987256 | AS53: =AU53-AR53 -> 96421.294 | AT53: =AS53/AU53 -> 0.031268283 | AU53: 3083677.3 | AV53: =(AU53-CD53)/CD53 -> 0.0094269836 | AX53: 1999 | BF53: =BO53 -> 0.15 | BO53: 0.15 | CB53: Grant | CC53: 1999 | CD53: 3054879 | CE53: 15202 | CF53: 0 | CG53: 0 | CH53: 71 | CI53: 0 | CJ53: 54640 | CK53: 2984966 | CL53: =SUM(CE53:CK53) -> 3054879 | CN53: 0.023 | CT53: 1999 | CU53: 2987256 | CV53: 2232718 | CW53: =(CU53-Q53)/Q53 -> 0 | CX53: =(CV53-AD53)/AD53 -> -0.049759529 | DF53: 1999 | DG53: 3086172.2 | DH53: 2774503.6 | DI53: =DG53-DH53 -> 311668.57 | DJ53: =DI53/DG53 -> 0.10098872 | DL53: =(L53-DH53)/DG53 -> 0.068937303 | DM53: =(AT53-DJ53)/DJ53 -> -0.69037846
A54: Haley | B54: =K54 -> 2000 | C54: =L54 -> 699976 | D54: =M54 -> 2988615 | E54: =LN(D54/C54) -> 1.4515193 | F54: Murdoch | G54: =Q54 -> 699976 | H54: =Y54 -> 2282485.9 | I54: =LN(H54/G54) -> 1.1819744 | J54: =I54-(aa-bb*G54) -> 0.48386455 | K54: 2000 | L54: 699976 | M54: 2988615 | O54: =AP54 -> Brittany | P54: =AQ54 -> 2000 | Q54: =AR54 -> 699976 | R54: =AU54 -> 821323.89 | S54: =1-Q54/R54 -> 0.1477467 | T54: =R54 -> 821323.89 | U54: =$R57*$CZ57 -> 55406.166 | V54: =$R58*DA58 -> 1926777.5 | W54: =$R59*DB59 -> 300302.26 | X54: =$R60*DC60 -> 0 | Y54: =SUM(U54:X54) -> 2282485.9 | Z54: =$T57*$U$2 -> 601885.92 | AA54: =$T58*$V$2 -> 2011716.7 | AB54: =$T59*$W$2 -> 180433.71 | AC54: =$T60*$X$2 -> 0 | AD54: =SUM(Z54:AC54) -> 2794036.3 | AE54: =B54 -> 2000 | AF54: =U54/$Y54 -> 0.024274483 | AG54: =V54/$Y54 -> 0.84415745 | AH54: =W54/$Y54 -> 0.13156807 | AJ54: =B54 -> 2000 | AK54: =AF51*AN51+AG50*AN50+AH49*AN49 -> 821194.3 | AL54: =CHOOSE(umethod,S54,retroU,MAX(0,cslope*(AK54-nlim)/AK54)) -> 0.1477467 | AM54: =AK54*(1-AL54) -> 699865.56 | AN54: =AM54*EXP(aa-bb*AM54+J54) -> 2282281 | AO54: =AK54-AM54 -> 121328.75 | AP54: Brittany | AQ54: 2000 | AR54: 699976 | AS54: =AU54-AR54 -> 121347.89 | AT54: =AS54/AU54 -> 0.1477467 | AU54: 821323.89 | AV54: =(AU54-CD54)/CD54 -> 0.018010685 | AX54: 2000 | BF54: =BO54 -> 0.31 | BO54: 0.31 | CB54: Grant | CC54: 2000 | CD54: 806793 | CE54: 59602 | CF54: 17 | CG54: 4 | CH54: 243 | CI54: 0 | CJ54: 24188 | CK54: 722739 | CL54: =SUM(CE54:CK54) -> 806793 | CN54: 0.104 | CT54: 2000 | CU54: 699976 | CV54: 2988615 | CW54: =(CU54-Q54)/Q54 -> 0 | CX54: =(CV54-AD54)/AD54 -> 0.06964072 | DF54: 2000 | DG54: 813977.82 | DH54: 697074.96 | DI54: =DG54-DH54 -> 116902.85 | DJ54: =DI54/DG54 -> 0.14361921 | DL54: =(L54-DH54)/DG54 -> 0.0035640265 | DM54: =(AT54-DJ54)/DJ54 -> 0.02873909
A55: Haley | B55: =K55 -> 2001 | C55: =L55 -> 3151893 | D55: =M55 -> 2160110 | E55: =LN(D55/C55) -> -0.37784408 | F55: Murdoch | G55: =Q55 -> 3151893 | H55: =Y55 -> 1868662.1 | I55: =LN(H55/G55) -> -0.52278052 | J55: =I55-(aa-bb*G55) -> 0.28864243 | K55: 2001 | L55: 3151893 | M55: 2160110 | O55: =AP55 -> Brittany | P55: =AQ55 -> 2001 | Q55: =AR55 -> 3151893 | R55: =AU55 -> 3396137.4 | S55: =1-Q55/R55 -> 0.071918279 | T55: =R55 -> 3396137.4 | U55: =$R58*CZ58 -> 469400.55 | V55: =$R59*DA59 -> 1332433.6 | W55: =$R60*DB60 -> 66827.95 | X55: =$R61*DC61 -> 0 | Y55: =SUM(U55:X55) -> 1868662.1 | Z55: =$T58*$U$2 -> 1005858.3 | AA55: =$T59*$V$2 -> 1082602.3 | AB55: =$T60*$W$2 -> 268366.98 | AC55: =$T61*$X$2 -> 0 | AD55: =SUM(Z55:AC55) -> 2356827.6 | AE55: =B55 -> 2001 | AF55: =U55/$Y55 -> 0.25119606 | AG55: =V55/$Y55 -> 0.71304148 | AH55: =W55/$Y55 -> 0.035762459 | AJ55: =B55 -> 2001 | AK55: =AF52*AN52+AG51*AN51+AH50*AN50 -> 3395840.9 | AL55: =CHOOSE(umethod,S55,retroU,MAX(0,cslope*(AK55-nlim)/AK55)) -> 0.071918279 | AM55: =AK55*(1-AL55) -> 3151617.9 | AN55: =AM55*EXP(aa-bb*AM55+J55) -> 1868815.5 | AO55: =AK55-AM55 -> 244223.04 | AP55: Brittany | AQ55: 2001 | AR55: 3151893 | AS55: =AU55-AR55 -> 244244.36 | AT55: =AS55/AU55 -> 0.071918279 | AU55: 3396137.4 | AV55: =(AU55-CD55)/CD55 -> -0.0011710311 | AX55: 2001 | BF55: =BO55 -> 0.32 | BO55: 0.32 | CB55: Grant | CC55: 2001 | CD55: 3400119 | CE55: 79639 | CF55: 6221 | CG55: 541 | CH55: 2163 | CI55: 0 | CJ55: 103574 | CK55: 3207981 | CL55: =SUM(CE55:CK55) -> 3400119 | CN55: 0.057 | CT55: 2001 | CU55: 3151893 | CV55: 2160110 | CW55: =(CU55-Q55)/Q55 -> 0 | CX55: =(CV55-AD55)/AD55 -> -0.083467111 | DF55: 2001 | DG55: 3398886.8 | DH55: 3035230.7 | DI55: =DG55-DH55 -> 363656.1 | DJ55: =DI55/DG55 -> 0.10699271 | DL55: =(L55-DH55)/DG55 -> 0.034323671 | DM55: =(AT55-DJ55)/DJ55 -> -0.32782073
A56: Haley | B56: =K56 -> 2002 | C56: =L56 -> 2302250 | D56: =M56 -> 2425524 | E56: =LN(D56/C56) -> 0.052160678 | F56: Murdoch | G56: =Q56 -> 2302250 | H56: =Y56 -> 2826467.2 | I56: =LN(H56/G56) -> 0.20514068 | J56: =I56-(aa-bb*G56) -> 0.49347741 | K56: 2002 | L56: 2302250 | M56: 2425524 | O56: =AP56 -> Brittany | P56: =AQ56 -> 2002 | Q56: =AR56 -> 2302250 | R56: =AU56 -> 2701922.5 | S56: =1-Q56/R56 -> 0.14792154 | T56: =R56 -> 2701922.5 | U56: =$R59*CZ59 -> 161507.1 | V56: =$R60*DA60 -> 2500772.2 | W56: =$R61*DB61 -> 164187.82 | X56: =$R62*DC62 -> 0 | Y56: =SUM(U56:X56) -> 2826467.2 | Z56: =$T59*$U$2 -> 541301.14 | AA56: =$T60*$V$2 -> 1610201.9 | AB56: =$T61*$W$2 -> 138263.43 | AC56: =$T62*$X$2 -> 0 | AD56: =SUM(Z56:AC56) -> 2289766.4 | AE56: =B56 -> 2002 | AF56: =U56/$Y56 -> 0.057140979 | AG56: =V56/$Y56 -> 0.88476961 | AH56: =W56/$Y56 -> 0.058089415 | AJ56: =B56 -> 2002 | AK56: =AF53*AN53+AG52*AN52+AH51*AN51 -> 2701980.8 | AL56: =CHOOSE(umethod,S56,retroU,MAX(0,cslope*(AK56-nlim)/AK56)) -> 0.14792154 | AM56: =AK56*(1-AL56) -> 2302299.6 | AN56: =AM56*EXP(aa-bb*AM56+J56) -> 2826441.7 | AO56: =AK56-AM56 -> 399681.14 | AP56: Brittany | AQ56: 2002 | AR56: 2302250 | AS56: =AU56-AR56 -> 399672.53 | AT56: =AS56/AU56 -> 0.14792154 | AU56: 2701922.5 | AV56: =(AU56-CD56)/CD56 -> -0.011577703 | AX56: 2002 | BF56: =BO56 -> 0.4 | BO56: 0.4 | CB56: Grant | CC56: 2002 | CD56: 2733571 | CE56: 195862 | CF56: 25755 | CG56: 140 | CH56: 77263 | CI56: 0 | CJ56: 76370 | CK56: 2358181 | CL56: =SUM(CE56:CK56) -> 2733571 | CN56: 0.137 | CT56: 2002 | CU56: 2302250 | CV56: 2425524 | CW56: =(CU56-Q56)/Q56 -> 0 | CX56: =(CV56-AD56)/AD56 -> 0.059288822 | CZ56: Age 3 | DA56: Age 4 | DB56: Age 5 | DC56: Age 6 | DF56: 2002 | DG56: 2711068.6 | DH56: 2217562.1 | DI56: =DG56-DH56 -> 493506.49 | DJ56: =DI56/DG56 -> 0.18203394 | DL56: =(L56-DH56)/DG56 -> 0.03123784 | DM56: =(AT56-DJ56)/DJ56 -> -0.18739585
A57: Haley | B57: =K57 -> 2003 | C57: =L57 -> 1494491 | D57: =M57 -> 1619282 | E57: =LN(D57/C57) -> 0.08019716 | F57: Murdoch | G57: =Q57 -> 1494491 | H57: =Y57 -> 1321874.9 | I57: =LN(H57/G57) -> -0.12273454 | J57: =I57-(aa-bb*G57) -> -0.33169796 | K57: 2003 | L57: 1494491 | M57: 1619282 | O57: =AP57 -> Brittany | P57: =AQ57 -> 2003 | Q57: =AR57 -> 1494491 | R57: =AU57 -> 2006286.4 | S57: =1-Q57/R57 -> 0.25509589 | T57: =R57 -> 2006286.4 | U57: =$R60*CZ60 -> 116069.6 | V57: =$R61*DA61 -> 1114748.9 | W57: =$R62*DB62 -> 91056.436 | X57: =$R63*DC63 -> 0 | Y57: =SUM(U57:X57) -> 1321874.9 | Z57: =$T60*$U$2 -> 805100.94 | AA57: =$T61*$V$2 -> 829580.58 | AB57: =$T62*$W$2 -> 123194 | AC57: =$T63*$X$2 -> 0 | AD57: =SUM(Z57:AC57) -> 1757875.5 | AE57: =B57 -> 2003 | AF57: =U57/$Y57 -> 0.087806792 | AG57: =V57/$Y57 -> 0.8433089 | AH57: =W57/$Y57 -> 0.068884304 | AJ57: =B57 -> 2003 | AK57: =AF54*AN54+AG53*AN53+AH52*AN52 -> 2003453.7 | AL57: =CHOOSE(umethod,S57,retroU,MAX(0,cslope*(AK57-nlim)/AK57)) -> 0.25509589 | AM57: =AK57*(1-AL57) -> 1492380.9 | AN57: =AM57*EXP(aa-bb*AM57+J57) -> 1321724.5 | AO57: =AK57-AM57 -> 511072.8 | AP57: Brittany | AQ57: 2003 | AR57: 1494491 | AS57: =AU57-AR57 -> 511795.42 | AT57: =AS57/AU57 -> 0.25509589 | AU57: 2006286.4 | AV57: =(AU57-CD57)/CD57 -> -0.058957592 | AX57: 2003 | BF57: =BO57 -> 0.45 | BO57: 0.45 | CB57: Grant | CC57: 2003 | CD57: 2131983 | CE57: 429450 | CF57: 5941 | CG57: 60 | CH57: 59987 | CI57: 0 | CJ57: 113264 | CK57: 1523281 | CL57: =SUM(CE57:CK57) -> 2131983 | CN57: 0.286 | CT57: 2003 | CU57: 1494491 | CV57: 1619282 | CW57: =(CU57-Q57)/Q57 -> 0 | CX57: =(CV57-AD57)/AD57 -> -0.078841488 | CY57: 2003 | CZ57: 0.027616279 | DA57: 0.90988372 | DB57: 0.061046512 | DC57: 0.0014534884 | DF57: 2003 | DG57: 2010283 | DH57: 1451821.7 | DI57: =DG57-DH57 -> 558461.3 | DJ57: =DI57/DG57 -> 0.27780232 | DL57: =(L57-DH57)/DG57 -> 0.021225502 | DM57: =(AT57-DJ57)/DJ57 -> -0.081735942
A58: Haley | B58: =K58 -> 2004 | C58: =L58 -> 2716634 | D58: =M58 -> 1231521 | E58: =LN(D58/C58) -> -0.79114362 | F58: Murdoch | G58: =Q58 -> 2716634 | H58: =Y58 -> 1274857.4 | I58: =LN(H58/G58) -> -0.75655926 | J58: =I58-(aa-bb*G58) -> -0.21310531 | K58: 2004 | L58: 2716634 | M58: 1231521 | O58: =AP58 -> Brittany | P58: =AQ58 -> 2004 | Q58: =AR58 -> 2716634 | R58: =AU58 -> 3352861.1 | S58: =1-Q58/R58 -> 0.18975647 | T58: =R58 -> 3352861.1 | U58: =$R61*CZ61 -> 103697.57 | V58: =$R62*DA62 -> 1003406.2 | W58: =$R63*DB63 -> 165625.87 | X58: =$R64*DC64 -> 2127.7708 | Y58: =SUM(U58:X58) -> 1274857.4 | Z58: =$T61*$U$2 -> 414790.29 | AA58: =$T62*$V$2 -> 739164.01 | AB58: =$T63*$W$2 -> 81692.16 | AC58: =$T64*$X$2 -> 0 | AD58: =SUM(Z58:AC58) -> 1235646.5 | AE58: =B58 -> 2004 | AF58: =U58/$Y58 -> 0.081340525 | AG58: =V58/$Y58 -> 0.78707328 | AH58: =W58/$Y58 -> 0.12991717 | AJ58: =B58 -> 2004 | AK58: =AF55*AN55+AG54*AN54+AH53*AN53 -> 3348300 | AL58: =CHOOSE(umethod,S58,retroU,MAX(0,cslope*(AK58-nlim)/AK58)) -> 0.18975647 | AM58: =AK58*(1-AL58) -> 2712938.4 | AN58: =AM58*EXP(aa-bb*AM58+J58) -> 1276023.1 | AO58: =AK58-AM58 -> 635361.61 | AP58: Brittany | AQ58: 2004 | AR58: 2716634 | AS58: =AU58-AR58 -> 636227.1 | AT58: =AS58/AU58 -> 0.18975647 | AU58: 3352861.1 | AV58: =(AU58-CD58)/CD58 -> -0.0033266123 | AX58: 2004 | BF58: =BO58 -> 0.44 | BO58: 0.44 | CB58: Grant | CC58: 2004 | CD58: 3364052 | CE58: 351817 | CF58: 14175 | CG58: 124 | CH58: 123455 | CI58: 0 | CJ58: 106393 | CK58: 2768088 | CL58: =SUM(CE58:CK58) -> 3364052 | CN58: 0.177 | CT58: 2004 | CU58: 2716634 | CV58: 1231521 | CW58: =(CU58-Q58)/Q58 -> 0 | CX58: =(CV58-AD58)/AD58 -> -0.0033387064 | CY58: 2004 | CZ58: 0.14 | DA58: 0.57466667 | DB58: 0.284 | DC58: 0.0013333333 | DF58: 2004 | DG58: 3361406.1 | DH58: 2608159.3 | DI58: =DG58-DH58 -> 753246.75 | DJ58: =DI58/DG58 -> 0.22408681 | DL58: =(L58-DH58)/DG58 -> 0.032270627 | DM58: =(AT58-DJ58)/DJ58 -> -0.15320104
A59: Haley | B59: =K59 -> 2005 | C59: =L59 -> 1331383 | D59: =M59 -> 884912 | E59: =LN(D59/C59) -> -0.40848533 | F59: Murdoch | G59: =Q59 -> 1331383 | H59: =Y59 -> 826792.96 | I59: =LN(H59/G59) -> -0.47641922 | J59: =I59-(aa-bb*G59) -> -0.78580076 | K59: 2005 | L59: 1331383 | M59: 884912 | O59: =AP59 -> Brittany | P59: =AQ59 -> 2005 | Q59: =AR59 -> 1331383 | R59: =AU59 -> 1804337.1 | S59: =1-Q59/R59 -> 0.26212071 | T59: =R59 -> 1804337.1 | U59: =$R62*CZ62 -> 137477.36 | V59: =$R63*DA63 -> 620163.04 | W59: =$R64*DB64 -> 69152.55 | X59: =$R65*DC65 -> 0 | Y59: =SUM(U59:X59) -> 826792.96 | Z59: =$T62*$U$2 -> 369582 | AA59: =$T63*$V$2 -> 490152.96 | AB59: =$T64*$W$2 -> 66173.67 | AC59: =$T65*$X$2 -> 0 | AD59: =SUM(Z59:AC59) -> 925908.63 | AE59: =B59 -> 2005 | AF59: =U59/$Y59 -> 0.16627786 | AG59: =V59/$Y59 -> 0.75008264 | AH59: =W59/$Y59 -> 0.0836395 | AJ59: =B59 -> 2005 | AK59: =AF56*AN56+AG55*AN55+AH54*AN54 -> 1794323.9 | AL59: =CHOOSE(umethod,S59,retroU,MAX(0,cslope*(AK59-nlim)/AK59)) -> 0.26212071 | AM59: =AK59*(1-AL59) -> 1323994.4 | AN59: =AM59*EXP(aa-bb*AM59+J59) -> 825953.2 | AO59: =AK59-AM59 -> 470329.46 | AP59: Brittany | AQ59: 2005 | AR59: 1331383 | AS59: =AU59-AR59 -> 472954.13 | AT59: =AS59/AU59 -> 0.26212071 | AU59: 1804337.1 | AV59: =(AU59-CD59)/CD59 -> 0.039479673 | AX59: 2005 | BF59: =BO59 -> 0.46 | BO59: 0.46 | CB59: Grant | CC59: 2005 | CD59: 1735808 | CE59: 176446 | CF59: 3361 | CG59: 234 | CH59: 50487 | CI59: 0 | CJ59: 77503 | CK59: 1427778 | CL59: =SUM(CE59:CK59) -> 1735809 | CN59: 0.177 | CT59: 2005 | CU59: 1331383 | CV59: 884912 | CW59: =(CU59-Q59)/Q59 -> 0 | CX59: =(CV59-AD59)/AD59 -> -0.044277191 | CY59: 2005 | CZ59: 0.08951049 | DA59: 0.73846154 | DB59: 0.16643357 | DC59: 0.0055944056 | DF59: 2005 | DG59: 1803477.7 | DH59: 1309971.2 | DI59: =DG59-DH59 -> 493506.49 | DJ59: =DI59/DG59 -> 0.27364159 | DL59: =(L59-DH59)/DG59 -> 0.011872515 | DM59: =(AT59-DJ59)/DJ59 -> -0.042102065
A60: Haley | B60: =K60 -> 2006 | C60: =L60 -> 1970621 | D60: =M60 -> 744365 | E60: =LN(D60/C60) -> -0.97357249 | F60: Murdoch | G60: =Q60 -> 1970621 | H60: =Y60 -> 653276.45 | I60: =LN(H60/G60) -> -1.1041036 | J60: =I60-(aa-bb*G60) -> -1.0199356 | K60: 2006 | L60: 1970621 | M60: 744365 | O60: =AP60 -> Brittany | P60: =AQ60 -> 2006 | Q60: =AR60 -> 1970621 | R60: =AU60 -> 2683669.8 | S60: =1-Q60/R60 -> 0.26569915 | T60: =R60 -> 2683669.8 | U60: =$R63*CZ63 -> 31132.683 | V60: =$R64*DA64 -> 555348.17 | W60: =$R65*DB65 -> 66795.602 | X60: =$R66*DC66 -> 0 | Y60: =SUM(U60:X60) -> 653276.45 | Z60: =$T63*$U$2 -> 245076.48 | AA60: =$T64*$V$2 -> 397042.02 | AB60: =$T65*$W$2 -> 142092.46 | AC60: =$T66*$X$2 -> 0 | AD60: =SUM(Z60:AC60) -> 784210.96 | AE60: =B60 -> 2006 | AF60: =U60/$Y60 -> 0.047656215 | AG60: =V60/$Y60 -> 0.85009672 | AH60: =W60/$Y60 -> 0.10224707 | AJ60: =B60 -> 2006 | AK60: =AF57*AN57+AG56*AN56+AH55*AN55 -> 2683639.6 | AL60: =CHOOSE(umethod,S60,retroU,MAX(0,cslope*(AK60-nlim)/AK60)) -> 0.26569915 | AM60: =AK60*(1-AL60) -> 1970598.8 | AN60: =AM60*EXP(aa-bb*AM60+J60) -> 653278.02 | AO60: =AK60-AM60 -> 713040.76 | AP60: Brittany | AQ60: 2006 | AR60: 1970621 | AS60: =AU60-AR60 -> 713048.79 | AT60: =AS60/AU60 -> 0.26569915 | AU60: 2683669.8 | AV60: =(AU60-CD60)/CD60 -> -0.050342367 | AX60: 2006 | BF60: =BO60 -> 0.44 | BO60: 0.44 | CB60: Grant | CC60: 2006 | CD60: 2825934 | CE60: 455783 | CF60: 9497 | CG60: 122 | CH60: 75541 | CI60: 0 | CJ60: 197432 | CK60: 2087558 | CL60: =SUM(CE60:CK60) -> 2825933 | CN60: 0.261 | CT60: 2006 | CU60: 1970621 | CV60: 744365 | CW60: =(CU60-Q60)/Q60 -> 0 | CX60: =(CV60-AD60)/AD60 -> -0.050810262 | CY60: 2006 | CZ60: 0.043250328 | DA60: 0.93184797 | DB60: 0.024901704 | DC60: 0 | DF60: 2006 | DG60: 2687088 | DH60: 1868906.2 | DI60: =DG60-DH60 -> 818181.82 | DJ60: =DI60/DG60 -> 0.30448643 | DL60: =(L60-DH60)/DG60 -> 0.037853182 | DM60: =(AT60-DJ60)/DJ60 -> -0.12738588
A61: Haley | B61: =K61 -> 2007 | C61: =L61 -> 1057248 | D61: =M61 -> 1296356 | E61: =LN(D61/C61) -> 0.20388795 | F61: Murdoch | G61: =Q61 -> 1057248 | H61: =Y61 -> 1919087.4 | I61: =LN(H61/G61) -> 0.59618045 | J61: =I61-(aa-bb*G61) -> 0.11802657 | K61: 2007 | L61: 1057248 | M61: 1296356 | O61: =AP61 -> Brittany | P61: =AQ61 -> 2007 | Q61: =AR61 -> 1057248 | R61: =AU61 -> 1382634.3 | S61: =1-Q61/R61 -> 0.23533794 | T61: =R61 -> 1382634.3 | U61: =$R64*CZ64 -> 35108.217 | V61: =$R65*DA65 -> 1326803.5 | W61: =$R66*DB66 -> 544300.78 | X61: =$R67*DC67 -> 12874.838 | Y61: =SUM(U61:X61) -> 1919087.4 | Z61: =$T64*$U$2 -> 198521.01 | AA61: =$T65*$V$2 -> 852554.77 | AB61: =$T66*$W$2 -> 170201.99 | AC61: =$T67*$X$2 -> 0 | AD61: =SUM(Z61:AC61) -> 1221277.8 | AE61: =B61 -> 2007 | AF61: =U61/$Y61 -> 0.018294226 | AG61: =V61/$Y61 -> 0.69137214 | AH61: =W61/$Y61 -> 0.2836248 | AJ61: =B61 -> 2007 | AK61: =AF58*AN58+AG57*AN57+AH56*AN56 -> 1382600.8 | AL61: =CHOOSE(umethod,S61,retroU,MAX(0,cslope*(AK61-nlim)/AK61)) -> 0.23533794 | AM61: =AK61*(1-AL61) -> 1057222.4 | AN61: =AM61*EXP(aa-bb*AM61+J61) -> 1919071.1 | AO61: =AK61-AM61 -> 325378.41 | AP61: Brittany | AQ61: 2007 | AR61: 1057248 | AS61: =AU61-AR61 -> 325386.3 | AT61: =AS61/AU61 -> 0.23533794 | AU61: 1382634.3 | AX61: 2007 | BF61: =BO61 -> 0.44 | BO61: 0.44 | CT61: 2007 | CU61: 1057248 | CV61: 1296356 | CW61: =(CU61-Q61)/Q61 -> 0 | CX61: =(CV61-AD61)/AD61 -> 0.061475142 | CY61: 2007 | CZ61: 0.075 | DA61: 0.80625 | DB61: 0.11875 | DC61: 0 | DF61: 2007 | DG61: 1388880.1 | DH61: 1012256.7 | DI61: =DG61-DH61 -> 376623.38 | DJ61: =DI61/DG61 -> 0.27117054 | DL61: =(L61-DH61)/DG61 -> 0.032393912 | DM61: =(AT61-DJ61)/DJ61 -> -0.13214048
A62: Haley | B62: =K62 -> 2008 | C62: =L62 -> 982016 | D62: =M62 -> 1641562 | E62: =LN(D62/C62) -> 0.51379591 | F62: Murdoch | G62: =Q62 -> 982016 | H62: =Y62 -> 1341575.5 | I62: =LN(H62/G62) -> 0.31199235 | J62: =I62-(aa-bb*G62) -> -0.21247842 | K62: 2008 | L62: 982016 | M62: 1641562 | O62: =AP62 -> Brittany | P62: =AQ62 -> 2008 | Q62: =AR62 -> 982016 | R62: =AU62 -> 1231940 | S62: =1-Q62/R62 -> 0.20287028 | T62: =R62 -> 1231940 | U62: =$R65*CZ65 -> 27325.473 | V62: =$R66*DA66 -> 976285.53 | W62: =$R67*DB67 -> 337964.49 | X62: =$R68*DC68 -> 0 | Y62: =SUM(U62:X62) -> 1341575.5 | Z62: =$T65*$U$2 -> 426277.39 | AA62: =$T66*$V$2 -> 1021211.9 | AB62: =$T67*$W$2 -> 160130.8 | AC62: =$T68*$X$2 -> 0 | AD62: =SUM(Z62:AC62) -> 1607620.1 | AE62: =B62 -> 2008 | AF62: =U62/$Y62 -> 0.020368197 | AG62: =V62/$Y62 -> 0.72771568 | AH62: =W62/$Y62 -> 0.25191612 | AJ62: =B62 -> 2008 | AK62: =AF59*AN59+AG58*AN58+AH57*AN57 -> 1232707.5 | AL62: =CHOOSE(umethod,S62,retroU,MAX(0,cslope*(AK62-nlim)/AK62)) -> 0.20287028 | AM62: =AK62*(1-AL62) -> 982627.76 | AN62: =AM62*EXP(aa-bb*AM62+J62) -> 1341905.8 | AO62: =AK62-AM62 -> 250079.71 | AP62: Brittany | AQ62: 2008 | AR62: 982016 | AS62: =AU62-AR62 -> 249924.02 | AT62: =AS62/AU62 -> 0.20287028 | AU62: 1231940 | AX62: 2008 | BF62: =BO62 -> 0.43 | BO62: 0.43 | CT62: 2008 | CU62: 982016 | CV62: 1641562 | CW62: =(CU62-Q62)/Q62 -> 0 | CX62: =(CV62-AD62)/AD62 -> 0.021113117 | CY62: 2008 | CZ62: 0.1115942 | DA62: 0.81449275 | DB62: 0.073913043 | DC62: 0 | DF62: 2008 | DG62: 1220522.6 | DH62: 934828.09 | DI62: =DG62-DH62 -> 285694.55 | DJ62: =DI62/DG62 -> 0.23407558 | DL62: =(L62-DH62)/DG62 -> 0.038662052 | DM62: =(AT62-DJ62)/DJ62 -> -0.13331294
A63: Haley | B63: =K63 -> 2009 | C63: =L63 -> 474550 | D63: =M63 -> 1613902 | E63: =LN(D63/C63) -> 1.2240431 | F63: Murdoch | G63: =Q63 -> 474550 | H63: =Y63 -> 1605367.1 | I63: =LN(H63/G63) -> 1.2187407 | J63: =I63-(aa-bb*G63) -> 0.38184643 | K63: 2009 | L63: 474550 | M63: 1613902 | O63: =AP63 -> Brittany | P63: =AQ63 -> 2009 | Q63: =AR63 -> 474550 | R63: =AU63 -> 816921.6 | S63: =1-Q63/R63 -> 0.4190997 | T63: =R63 -> 816921.6 | U63: =$R66*CZ66 -> 181433.59 | V63: =$R67*DA67 -> 1200578.6 | W63: =$R68*DB68 -> 220586.48 | X63: =$R69*DC69 -> 2768.3728 | Y63: =SUM(U63:X63) -> 1605367.1 | Z63: =$T66*$U$2 -> 510605.97 | AA63: =$T67*$V$2 -> 960784.77 | AB63: =$T68*$W$2 -> 150786.61 | AC63: =$T69*$X$2 -> 0 | AD63: =SUM(Z63:AC63) -> 1622177.4 | AE63: =B63 -> 2009 | AF63: =U63/$Y63 -> 0.11301689 | AG63: =V63/$Y63 -> 0.74785303 | AH63: =W63/$Y63 -> 0.13740563 | AJ63: =B63 -> 2009 | AK63: =AF60*AN60+AG59*AN59+AH58*AN58 -> 816443.22 | AL63: =CHOOSE(umethod,S63,retroU,MAX(0,cslope*(AK63-nlim)/AK63)) -> 0.4190997 | AM63: =AK63*(1-AL63) -> 474272.11 | AN63: =AM63*EXP(aa-bb*AM63+J63) -> 1604701.5 | AO63: =AK63-AM63 -> 342171.11 | AP63: Brittany | AQ63: 2009 | AR63: 474550 | AS63: =AU63-AR63 -> 342371.6 | AT63: =AS63/AU63 -> 0.4190997 | AU63: 816921.6 | AX63: 2009 | BF63: =BO63 -> 0.42 | BO63: 0.42 | CT63: 2009 | CU63: 474550 | CV63: 1613902 | CW63: =(CU63-Q63)/Q63 -> 0 | CX63: =(CV63-AD63)/AD63 -> -0.0051013916 | CY63: 2009 | CZ63: 0.038109756 | DA63: 0.75914634 | DB63: 0.2027439 | DC63: 0 | DF63: 2009 | DG63: 792484.11 | DH63: 454821.77 | DI63: =DG63-DH63 -> 337662.34 | DJ63: =DI63/DG63 -> 0.42608089 | DL63: =(L63-DH63)/DG63 -> 0.02489416 | DM63: =(AT63-DJ63)/DJ63 -> -0.016384661
A64: Haley | B64: =K64 -> 2010 | C64: =L64 -> 608718 | D64: =M64 -> 1521759 | E64: =LN(D64/C64) -> 0.91626708 | F64: Murdoch | G64: =Q64 -> 608718 | H64: =Y64 -> 1596985.4 | I64: =LN(H64/G64) -> 0.96451789 | J64: =I64-(aa-bb*G64) -> 0.21022468 | K64: 2010 | L64: 608718 | M64: 1521759 | O64: =AP64 -> Brittany | P64: =AQ64 -> 2010 | Q64: =AR64 -> 608718 | R64: =AU64 -> 661736.7 | S64: =1-Q64/R64 -> 0.080120544 | T64: =R64 -> 661736.7 | U64: =$R67*CZ67 -> 49889.997 | V64: =$R68*DA68 -> 1222679.3 | W64: =$R69*DB69 -> 318362.87 | X64: =$R70*DC70 -> 6053.1809 | Y64: =SUM(U64:X64) -> 1596985.4 | Z64: =$T67*$U$2 -> 480392.39 | AA64: =$T68*$V$2 -> 904719.69 | AB64: =$T69*$W$2 -> 145270.36 | AC64: =$T70*$X$2 -> 0 | AD64: =SUM(Z64:AC64) -> 1530382.4 | AE64: =B64 -> 2010 | AF64: =U64/$Y64 -> 0.031240108 | AG64: =V64/$Y64 -> 0.76561711 | AH64: =W64/$Y64 -> 0.1993524 | AJ64: =B64 -> 2010 | AK64: =AF61*AN61+AG60*AN60+AH59*AN59 -> 659539.73 | AL64: =CHOOSE(umethod,S64,retroU,MAX(0,cslope*(AK64-nlim)/AK64)) -> 0.080120544 | AM64: =AK64*(1-AL64) -> 606697.05 | AN64: =AM64*EXP(aa-bb*AM64+J64) -> 1593665 | AO64: =AK64-AM64 -> 52842.682 | AP64: Brittany | AQ64: 2010 | AR64: 608718 | AS64: =AU64-AR64 -> 53018.705 | AT64: =AS64/AU64 -> 0.080120544 | AU64: 661736.7 | AX64: 2010 | BF64: =BO64 -> 0.38 | BO64: 0.38 | CT64: 2010 | CU64: 608718 | CV64: 1521759 | CW64: =(CU64-Q64)/Q64 -> 0 | CX64: =(CV64-AD64)/AD64 -> -0.0056348254 | CY64: 2010 | CZ64: 0.053054662 | DA64: 0.8392283 | DB64: 0.10450161 | DC64: 0.0032154341 | DF64: 2010 | DG64: 663107.41 | DH64: 585185.33 | DI64: =DG64-DH64 -> 77922.078 | DJ64: =DI64/DG64 -> 0.11751049 | DL64: =(L64-DH64)/DG64 -> 0.035488472 | DM64: =(AT64-DJ64)/DJ64 -> -0.31818391
A65: Haley | B65: =K65 -> 2011 | C65: =L65 -> 1079068 | D65: =M65 -> 1567636 | E65: =LN(D65/C65) -> 0.37347105 | F65: Murdoch | G65: =Q65 -> 1079068 | H65: =Y65 -> 1137157.7 | I65: =LN(H65/G65) -> 0.052434169 | J65: =I65-(aa-bb*G65) -> -0.41228613 | K65: 2011 | L65: 1079068 | M65: 1567636 | O65: =AP65 -> Brittany | P65: =AQ65 -> 2011 | Q65: =AR65 -> 1079068 | R65: =AU65 -> 1420924.6 | S65: =1-Q65/R65 -> 0.24058744 | T65: =R65 -> 1420924.6 | U65: =$R68*CZ68 -> 64600.326 | V65: =$R69*DA69 -> 879650.46 | W65: =$R70*DB70 -> 190675.2 | X65: =$R71*DC71 -> 2231.6793 | Y65: =SUM(U65:X65) -> 1137157.7 | Z65: =$T68*$U$2 -> 452359.84 | AA65: =$T69*$V$2 -> 871622.18 | AB65: =$T70*$W$2 -> 294487.25 | AC65: =$T71*$X$2 -> 0 | AD65: =SUM(Z65:AC65) -> 1618469.3 | AE65: =B65 -> 2011 | AF65: =U65/$Y65 -> 0.056808592 | AG65: =V65/$Y65 -> 0.77355189 | AH65: =W65/$Y65 -> 0.16767701 | AJ65: =B65 -> 2011 | AK65: =AF62*AN62+AG61*AN61+AH60*AN60 -> 1420920.3 | AL65: =CHOOSE(umethod,S65,retroU,MAX(0,cslope*(AK65-nlim)/AK65)) -> 0.24058744 | AM65: =AK65*(1-AL65) -> 1079064.7 | AN65: =AM65*EXP(aa-bb*AM65+J65) -> 1137156.5 | AO65: =AK65-AM65 -> 341855.57 | AP65: Brittany | AQ65: 2011 | AR65: 1079068 | AS65: =AU65-AR65 -> 341856.62 | AT65: =AS65/AU65 -> 0.24058744 | AU65: 1420924.6 | AX65: 2011 | BF65: =BO65 -> 0.46 | BO65: 0.46 | CT65: 2011 | CU65: 1079068 | CV65: 1567636 | CW65: =(CU65-Q65)/Q65 -> 0 | CX65: =(CV65-AD65)/AD65 -> -0.031408243 | CY65: 2011 | CZ65: 0.019230769 | DA65: 0.93376068 | DB65: 0.047008547 | DC65: 0 | DF65: 2011 | DG65: 1416827.9 | DH65: 1027237.2 | DI65: =DG65-DH65 -> 389590.65 | DJ65: =DI65/DG65 -> 0.27497388 | DL65: =(L65-DH65)/DG65 -> 0.036582284 | DM65: =(AT65-DJ65)/DJ65 -> -0.12505347
A66: Haley | B66: =K66 -> 2012 | C66: =L66 -> 1381072 | D66: =M66 -> 2530282 | E66: =LN(D66/C66) -> 0.60547075 | F66: Murdoch | G66: =Q66 -> 1381072 | H66: =Y66 -> 3027578.8 | I66: =LN(H66/G66) -> 0.78490321 | J66: =I66-(aa-bb*G66) -> 0.50611292 | K66: 2012 | L66: 1381072 | M66: 2530282 | O66: =AP66 -> Brittany | P66: =AQ66 -> 2012 | Q66: =AR66 -> 1381072 | R66: =AU66 -> 1702019.9 | S66: =1-Q66/R66 -> 0.18856883 | T66: =R66 -> 1702019.9 | U66: =$R69*CZ69 -> 251921.93 | V66: =$R70*DA70 -> 2596814.6 | W66: =$R71*DB71 -> 177418.5 | X66: =$R72*DC72 -> 1423.7453 | Y66: =SUM(U66:X66) -> 3027578.8 | Z66: =$T69*$U$2 -> 435811.09 | AA66: =$T70*$V$2 -> 1766923.5 | AB66: =$T71*$W$2 -> 107232.19 | AC66: =$T72*$X$2 -> 0 | AD66: =SUM(Z66:AC66) -> 2309966.8 | AE66: =B66 -> 2012 | AF66: =U66/$Y66 -> 0.083209041 | AG66: =V66/$Y66 -> 0.85771991 | AH66: =W66/$Y66 -> 0.058600788 | AJ66: =B66 -> 2012 | AK66: =AF63*AN63+AG62*AN62+AH61*AN61 -> 1702180.4 | AL66: =CHOOSE(umethod,S66,retroU,MAX(0,cslope*(AK66-nlim)/AK66)) -> 0.18856883 | AM66: =AK66*(1-AL66) -> 1381202.2 | AN66: =AM66*EXP(aa-bb*AM66+J66) -> 3027621.5 | AO66: =AK66-AM66 -> 320978.18 | AP66: Brittany | AQ66: 2012 | AR66: 1381072 | AS66: =AU66-AR66 -> 320947.91 | AT66: =AS66/AU66 -> 0.18856883 | AU66: 1702019.9 | AX66: 2012 | BF66: =BO66 -> 0.38 | BO66: 0.38 | CT66: 2012 | CU66: 1381072 | CV66: 2530282 | CW66: =(CU66-Q66)/Q66 -> 0 | CX66: =(CV66-AD66)/AD66 -> 0.09537592 | CY66: 2012 | CZ66: 0.10659898 | DA66: 0.57360406 | DB66: 0.31979695 | DC66: 0 | DF66: 2012 | DG66: 1703055.3 | DH66: 1339438.7 | DI66: =DG66-DH66 -> 363616.63 | DJ66: =DI66/DG66 -> 0.21350841 | DL66: =(L66-DH66)/DG66 -> 0.024446254 | DM66: =(AT66-DJ66)/DJ66 -> -0.11680839
A67: Haley | B67: =K67 -> 2013 | C67: =L67 -> 1167839 | D67: =M67 -> 1408307 | E67: =LN(D67/C67) -> 0.18723324 | F67: Murdoch | G67: =Q67 -> 1167839 | H67: =Y67 -> 805154.93 | I67: =LN(H67/G67) -> -0.37187559 | J67: =I67-(aa-bb*G67) -> -0.78194366 | K67: 2013 | L67: 1167839 | M67: 1408307 | O67: =AP67 -> Brittany | P67: =AQ67 -> 2013 | Q67: =AR67 -> 1167839 | R67: =AU67 -> 1601308 | S67: =1-Q67/R67 -> 0.27069681 | T67: =R67 -> 1601308 | U67: =$R70*CZ70 -> 151329.52 | V67: =$R71*DA71 -> 636028.59 | W67: =$R72*DB72 -> 17796.817 | X67: =$R73*DC73 -> 0 | Y67: =SUM(U67:X67) -> 805154.93 | Z67: =$T70*$U$2 -> 883461.76 | AA67: =$T71*$V$2 -> 643393.13 | AB67: =$T72*$W$2 -> 78946.679 | AC67: =$T73*$X$2 -> 0 | AD67: =SUM(Z67:AC67) -> 1605801.6 | AE67: =B67 -> 2013 | AF67: =U67/$Y67 -> 0.18795081 | AG67: =V67/$Y67 -> 0.7899456 | AH67: =W67/$Y67 -> 0.022103593 | AJ67: =B67 -> 2013 | AK67: =AF64*AN64+AG63*AN63+AH62*AN62 -> 1587914.8 | AL67: =CHOOSE(umethod,S67,retroU,MAX(0,cslope*(AK67-nlim)/AK67)) -> 0.27069681 | AM67: =AK67*(1-AL67) -> 1158071.4 | AN67: =AM67*EXP(aa-bb*AM67+J67) -> 803236.49 | AO67: =AK67-AM67 -> 429843.48 | AP67: Brittany | AQ67: 2013 | AR67: 1167839 | AS67: =AU67-AR67 -> 433468.96 | AT67: =AS67/AU67 -> 0.27069681 | AU67: 1601308 | AX67: 2013 | BF67: =BO67 -> 0.5 | BO67: 0.5 | CT67: 2013 | CU67: 1167839 | CV67: 1408307 | CW67: =(CU67-Q67)/Q67 -> 0 | CX67: =(CV67-AD67)/AD67 -> -0.12298815 | CY67: 2013 | CZ67: 0.031155779 | DA67: 0.74974874 | DB67: 0.21105528 | DC67: 0.008040201 | DF67: 2013 | DG67: 1586685.4 | DH67: 1132139.9 | DI67: =DG67-DH67 -> 454545.45 | DJ67: =DI67/DG67 -> 0.28647485 | DL67: =(L67-DH67)/DG67 -> 0.02249917 | DM67: =(AT67-DJ67)/DJ67 -> -0.055076538
A68: Haley | B68: =K68 -> 2014 | C68: =L68 -> 1165580 | D68: =M68 -> 810777 | E68: =LN(D68/C68) -> -0.36298105 | F68: Murdoch | G68: =Q68 -> 1165580 | H68: =Y68 -> 920933.05 | I68: =LN(H68/G68) -> -0.23558676 | J68: =I68-(aa-bb*G68) -> -0.64704559 | K68: 2014 | L68: 1165580 | M68: 810777 | O68: =AP68 -> Brittany | P68: =AQ68 -> 2014 | Q68: =AR68 -> 1165580 | R68: =AU68 -> 1507866.1 | S68: =1-Q68/R68 -> 0.22700035 | T68: =R68 -> 1507866.1 | U68: =$R71*CZ71 -> 256643.12 | V68: =$R72*DA72 -> 639261.66 | W68: =$R73*DB73 -> 25028.275 | X68: =$R74*DC74 -> 0 | Y68: =SUM(U68:X68) -> 920933.05 | Z68: =$T71*$U$2 -> 321696.57 | AA68: =$T72*$V$2 -> 473680.08 | AB68: =$T73*$W$2 -> 32614.164 | AC68: =$T74*$X$2 -> 0 | AD68: =SUM(Z68:AC68) -> 827990.81 | AE68: =B68 -> 2014 | AF68: =U68/$Y68 -> 0.27867728 | AG68: =V68/$Y68 -> 0.69414564 | AH68: =W68/$Y68 -> 0.027177084 | AJ68: =B68 -> 2014 | AK68: =AF65*AN65+AG64*AN64+AH63*AN63 -> 1505232.5 | AL68: =CHOOSE(umethod,S68,retroU,MAX(0,cslope*(AK68-nlim)/AK68)) -> 0.22700035 | AM68: =AK68*(1-AL68) -> 1163544.2 | AN68: =AM68*EXP(aa-bb*AM68+J68) -> 920477.5 | AO68: =AK68-AM68 -> 341688.3 | AP68: Brittany | AQ68: 2014 | AR68: 1165580 | AS68: =AU68-AR68 -> 342286.14 | AT68: =AS68/AU68 -> 0.22700035 | AU68: 1507866.1 | AX68: 2014 | BF68: =BO68 -> 0.45 | BO68: 0.45 | CT68: 2014 | CU68: 1165580 | CV68: 810777 | CW68: =(CU68-Q68)/Q68 -> 0 | CX68: =(CV68-AD68)/AD68 -> -0.020789853 | CY68: 2014 | CZ68: 0.042842215 | DA68: 0.81086729 | DB68: 0.14629049 | DC68: 0 | DF68: 2014 | DG68: 1509256.7 | DH68: 1132633.3 | DI68: =DG68-DH68 -> 376623.38 | DJ68: =DI68/DG68 -> 0.24954229 | DL68: =(L68-DH68)/DG68 -> 0.021829736 | DM68: =(AT68-DJ68)/DJ68 -> -0.090333148
A69: Haley | B69: =K69 -> 2015 | C69: =L69 -> 950865 | D69: =M69 -> 438554 | E69: =LN(D69/C69) -> -0.77388915 | F69: Murdoch | G69: =Q69 -> 950865 | H69: =Y69 -> 390127.06 | I69: =LN(H69/G69) -> -0.89089961 | J69: =I69-(aa-bb*G69) -> -1.4345486 | K69: 2015 | L69: 950865 | M69: 438554 | O69: =AP69 -> Brittany | P69: =AQ69 -> 2015 | Q69: =AR69 -> 950865 | R69: =AU69 -> 1452703.6 | S69: =1-Q69/R69 -> 0.34545149 | T69: =R69 -> 1452703.6 | U69: =$R72*CZ72 -> 130984.57 | V69: =$R73*DA73 -> 247702.51 | W69: =$R74*DB74 -> 11439.981 | X69: =$R75*DC75 -> 0 | Y69: =SUM(U69:X69) -> 390127.06 | Z69: =$T72*$U$2 -> 236840.04 | AA69: =$T73*$V$2 -> 195684.98 | AB69: =$T74*$W$2 -> 67443.889 | AC69: =$T75*$X$2 -> 0 | AD69: =SUM(Z69:AC69) -> 499968.91 | AE69: =B69 -> 2015 | AF69: =U69/$Y69 -> 0.33574849 | AG69: =V69/$Y69 -> 0.63492778 | AH69: =W69/$Y69 -> 0.029323731 | AJ69: =B69 -> 2015 | AK69: =AF66*AN66+AG65*AN65+AH64*AN64 -> 1449276 | AL69: =CHOOSE(umethod,S69,retroU,MAX(0,cslope*(AK69-nlim)/AK69)) -> 0.34545149 | AM69: =AK69*(1-AL69) -> 948621.44 | AN69: =AM69*EXP(aa-bb*AM69+J69) -> 389744.53 | AO69: =AK69-AM69 -> 500654.55 | AP69: Brittany | AQ69: 2015 | AR69: 950865 | AS69: =AU69-AR69 -> 501838.64 | AT69: =AS69/AU69 -> 0.34545149 | AU69: 1452703.6 | AX69: 2015 | BF69: =BO69 -> 0.52 | BO69: 0.52 | CT69: 2015 | CU69: 950865 | CV69: 438554 | CW69: =(CU69-Q69)/Q69 -> 0 | CX69: =(CV69-AD69)/AD69 -> -0.12283746 | CY69: 2015 | CZ69: 0.17341591 | DA69: 0.60552644 | DB69: 0.21915198 | DC69: 0.0019056694 | DF69: 2015 | DG69: 1444834.8 | DH69: 925354.28 | DI69: =DG69-DH69 -> 519480.52 | DJ69: =DI69/DG69 -> 0.35954319 | DL69: =(L69-DH69)/DG69 -> 0.017656495 | DM69: =(AT69-DJ69)/DJ69 -> -0.039193355
A70: Haley | B70: =K70 -> 2016 | C70: =L70 -> 1975386 | D70: =M70 -> 597944 | E70: =LN(D70/C70) -> -1.195022 | F70: Murdoch | G70: =Q70 -> 1975386 | H70: =Y70 -> 718625.96 | I70: =LN(H70/G70) -> -1.0111781 | J70: =I70-(aa-bb*G70) -> -0.92407653 | K70: 2016 | L70: 1975386 | M70: 597944 | O70: =AP70 -> Brittany | P70: =AQ70 -> 2016 | Q70: =AR70 -> 1975386 | R70: =AU70 -> 2944872.5 | S70: =1-Q70/R70 -> 0.32921171 | T70: =R70 -> 2944872.5 | U70: =$R73*CZ73 -> 53410.854 | V70: =$R74*DA74 -> 570959.06 | W70: =$R75*DB75 -> 94256.047 | X70: =$R76*DC76 -> 0 | Y70: =SUM(U70:X70) -> 718625.96 | Z70: =$T73*$U$2 -> 97842.492 | AA70: =$T74*$V$2 -> 404663.33 | AB70: =$T75*$W$2 -> 52702.7 | AC70: =$T76*$X$2 -> 0 | AD70: =SUM(Z70:AC70) -> 555208.53 | AE70: =B70 -> 2016 | AF70: =U70/$Y70 -> 0.07432358 | AG70: =V70/$Y70 -> 0.79451494 | AH70: =W70/$Y70 -> 0.13116148 | AJ70: =B70 -> 2016 | AK70: =AF67*AN67+AG66*AN66+AH65*AN65 -> 2938495.2 | AL70: =CHOOSE(umethod,S70,retroU,MAX(0,cslope*(AK70-nlim)/AK70)) -> 0.32921171 | AM70: =AK70*(1-AL70) -> 1971108.2 | AN70: =AM70*EXP(aa-bb*AM70+J70) -> 718960.74 | AO70: =AK70-AM70 -> 967387.04 | AP70: Brittany | AQ70: 2016 | AR70: 1975386 | AS70: =AU70-AR70 -> 969486.52 | AT70: =AS70/AU70 -> 0.32921171 | AU70: 2944872.5 | AX70: 2016 | BF70: =BO70 -> 0.46 | BO70: 0.46 | CT70: 2016 | CU70: 1975386 | CV70: 597944 | CW70: =(CU70-Q70)/Q70 -> 0 | CX70: =(CV70-AD70)/AD70 -> 0.076971934 | CY70: 2016 | CZ70: 0.051387461 | DA70: 0.88180884 | DB70: 0.064748201 | DC70: 0.0020554985 | DF70: 2016 | DG70: 2951821.7 | DH70: 1938834.7 | DI70: =DG70-DH70 -> 1012987 | DJ70: =DI70/DG70 -> 0.34317351 | DL70: =(L70-DH70)/DG70 -> 0.012382617 | DM70: =(AT70-DJ70)/DJ70 -> -0.040684362
A71: Haley | B71: =K71 -> 2017 | C71: =L71 -> 659667 | D71: =M71 -> 599216 | E71: =LN(D71/C71) -> -0.096113028 | F71: Murdoch | G71: =Q71 -> 659667 | H71: =Y71 -> 465319.39 | I71: =LN(H71/G71) -> -0.34901113 | J71: =I71-(aa-bb*G71) -> -1.0719374 | K71: 2017 | L71: 659667 | M71: 599216 | O71: =AP71 -> Brittany | P71: =AQ71 -> 2017 | Q71: =AR71 -> 659667 | R71: =AU71 -> 1072321.9 | S71: =1-Q71/R71 -> 0.38482371 | T71: =R71 -> 1072321.9 | U71: =$R74*CZ74 -> 92039.849 | V71: =$R75*DA75 -> 257462.04 | W71: =$R76*DB76 -> 115817.5 | X71: =$R77*DC77 -> 0 | Y71: =SUM(U71:X71) -> 465319.39 | Z71: =$T74*$U$2 -> 202331.67 | AA71: =$T75*$V$2 -> 316216.2 | AB71: =$T76*$W$2 -> 115817.5 | AC71: =$T77*$X$2 -> 0 | AD71: =SUM(Z71:AC71) -> 634365.37 | AE71: =B71 -> 2017 | AF71: =U71/$Y71 -> 0.1977993 | AG71: =V71/$Y71 -> 0.55330177 | AH71: =W71/$Y71 -> 0.24889893 | AJ71: =B71 -> 2017 | AK71: =AF68*AN68+AG67*AN67+AH66*AN66 -> 1068450.3 | AL71: =CHOOSE(umethod,S71,retroU,MAX(0,cslope*(AK71-nlim)/AK71)) -> 0.38482371 | AM71: =AK71*(1-AL71) -> 657285.29 | AN71: =AM71*EXP(aa-bb*AM71+J71) -> 464319.7 | AO71: =AK71-AM71 -> 411165.01 | AP71: Brittany | AQ71: 2017 | AR71: 659667 | AS71: =AU71-AR71 -> 412654.89 | AT71: =AS71/AU71 -> 0.38482371 | AU71: 1072321.9 | AX71: 2017 | BF71: =BO71 -> 0.56 | BO71: 0.56 | CT71: 2017 | CU71: 659667 | CV71: 599216 | CW71: =(CU71-Q71)/Q71 -> 0 | CX71: =(CV71-AD71)/AD71 -> -0.055408711 | CY71: 2017 | CZ71: 0.23933403 | DA71: 0.59313215 | DB71: 0.16545265 | DC71: 0.0020811655 | DF71: 2017 | DG71: 1056231 | DH71: 640646.59 | DI71: =DG71-DH71 -> 415584.42 | DJ71: =DI71/DG71 -> 0.39345978 | DL71: =(L71-DH71)/DG71 -> 0.018007815 | DM71: =(AT71-DJ71)/DJ71 -> -0.021949044
A72: Haley | B72: =K72 -> 2018 | C72: =L72 -> 684875 | G72: =Q72 -> 684875 | I72: 0.95 | J72: =I72-(aa-bb*G72) -> 0.24259315 | K72: 2018 | L72: 684875 | O72: =AP72 -> Brittany | P72: =AQ72 -> 2018 | Q72: =AR72 -> 684875 | R72: =AU72 -> 789466.79 | S72: =1-Q72/R72 -> 0.13248409 | T72: =R72 -> 789466.79 | U72: =$R75*CZ75 -> 175308.91 | V72: =$R76*DA76 -> 694905 | W72: =$R77*DB77 -> 0 | X72: =$R78*DC78 -> 0 | Z72: =$T75*$U$2 -> 158108.1 | AA72: =$T76*$V$2 -> 694905 | AB72: =$T77*$W$2 -> 0 | AC72: =$T78*$X$2 -> 0 | AD72: =NA() -> #N/A | AE72: =B72 -> 2018 | AF72: =AF71 -> 0.1977993 | AG72: =AG71 -> 0.55330177 | AH72: =AH71 -> 0.24889893 | AJ72: =B72 -> 2018 | AK72: =AF69*AN69+AG68*AN68+AH67*AN67 -> 787555.99 | AL72: =CHOOSE(umethod,S72,retroU,MAX(0,cslope*(AK72-nlim)/AK72)) -> 0.13248409 | AM72: =AK72*(1-AL72) -> 683217.35 | AN72: =AM72*EXP(aa-bb*AM72+J72) -> 1768405.5 | AO72: =AK72-AM72 -> 104338.64 | AP72: Brittany | AQ72: 2018 | AR72: 684875 | AS72: =AU72-AR72 -> 104591.79 | AT72: =AS72/AU72 -> 0.13248409 | AU72: 789466.79 | AX72: 2018 | BF72: =BO72 -> 0.36 | BO72: 0.36 | CT72: 2018 | CY72: 2018 | CZ72: 0.16591524 | DA72: 0.8097385 | DB72: 0.022542831 | DC72: 0.0018034265 | DF72: 2018 | DG72: 771029.88 | DH72: 654127.03 | DI72: =DG72-DH72 -> 116902.85 | DJ72: =DI72/DG72 -> 0.1516191 | DL72: =(L72-DH72)/DG72 -> 0.039879093 | DM72: =(AT72-DJ72)/DJ72 -> -0.12620443
A73: Haley | B73: =K73 -> 2019 | C73: =L73 -> 303816 | G73: =Q73 -> 303816 | I73: 0 | J73: =I73-(aa-bb*G73) -> -0.94200739 | K73: 2019 | L73: 303816 | O73: =AP73 -> Brittany | P73: =AQ73 -> 2019 | Q73: =AR73 -> 303816 | R73: =AU73 -> 326141.64 | S73: =1-Q73/R73 -> 0.068453817 | T73: =R73 -> 326141.64 | U73: =$R76*CZ76 -> 347452.5 | V73: =$R77*DA77 -> 0 | W73: =$R78*DB78 -> 0 | X73: =$R79*DC79 -> 0 | Z73: =$T76*$U$2 -> 347452.5 | AA73: =$T77*$V$2 -> 0 | AB73: =$T78*$W$2 -> 0 | AC73: =$T79*$X$2 -> 0 | AD73: =NA() -> #N/A | AE73: =B73 -> 2019 | AF73: =AF72 -> 0.1977993 | AG73: =AG72 -> 0.55330177 | AH73: =AH72 -> 0.24889893 | AJ73: =B73 -> 2019 | AK73: =AF70*AN70+AG69*AN69+AH68*AN68 -> 325911.26 | AL73: =CHOOSE(umethod,S73,retroU,MAX(0,cslope*(AK73-nlim)/AK73)) -> 0.068453817 | AM73: =AK73*(1-AL73) -> 303601.39 | AN73: =AM73*EXP(aa-bb*AM73+J73) -> 303641.5 | AO73: =AK73-AM73 -> 22309.869 | AP73: Brittany | AQ73: 2019 | AR73: 303816 | AS73: =AU73-AR73 -> 22325.64 | AT73: =AS73/AU73 -> 0.068453817 | AU73: 326141.64 | AX73: 2019 | BF73: =BO73 -> 0.25 | BO73: 0.25 | CT73: 2019 | CY73: 2019 | CZ73: 0.16376582 | DA73: 0.75949367 | DB73: 0.076740506 | DC73: 0 | DF73: 2019 | DG73: 329945.13 | DH73: 303971.1 | DI73: =DG73-DH73 -> 25974.026 | DJ73: =DI73/DG73 -> 0.078722259 | DL73: =(L73-DH73)/DG73 -> -0.00047009296 | DM73: =(AT73-DJ73)/DJ73 -> -0.13043887
A74: Haley | B74: =K74 -> 2020 | C74: =L74 -> 542377 | G74: =Q74 -> 542377 | I74: 0 | J74: =I74-(aa-bb*G74) -> -0.79513633 | K74: 2020 | L74: 542377 | O74: =AP74 -> Brittany | P74: =AQ74 -> 2020 | Q74: =AR74 -> 542377 | R74: =AU74 -> 674438.89 | S74: =1-Q74/R74 -> 0.19581002 | T74: =R74 -> 674438.89 | U74: =$R77*CZ77 -> 0 | V74: =$R78*DA78 -> 0 | W74: =$R79*DB79 -> 0 | X74: =$R80*DC80 -> 0 | Z74: =$T77*$CZ77 -> 0 | AA74: =$T78*$DA78 -> 0 | AB74: =$T79*$DB79 -> 0 | AC74: =$T80*$DC80 -> 0 | AD74: =NA() -> #N/A | AE74: =B74 -> 2020 | AF74: =AF73 -> 0.1977993 | AG74: =AG73 -> 0.55330177 | AH74: =AH73 -> 0.24889893 | AJ74: =B74 -> 2020 | AK74: =AF71*AN71+AG70*AN70+AH69*AN69 -> 674495.92 | AL74: =CHOOSE(umethod,S74,retroU,MAX(0,cslope*(AK74-nlim)/AK74)) -> 0.19581002 | AM74: =AK74*(1-AL74) -> 542422.86 | AN74: =AM74*EXP(aa-bb*AM74+J74) -> 542407.55 | AO74: =AK74-AM74 -> 132073.06 | AP74: Brittany | AQ74: 2020 | AR74: 542377 | AS74: =AU74-AR74 -> 132061.89 | AT74: =AS74/AU74 -> 0.19581002 | AU74: 674438.89 | AX74: 2020 | BF74: =BO74 -> 0.30774843 | BO74: 0.30774843 | CT74: 2020 | CY74: 2020 | CZ74: 0.13646877 | DA74: 0.84656901 | DB74: 0.016962221 | DC74: 0 | DF74: 2020 | DG74: 668100.9 | DH74: 525243.75 | DI74: =DG74-DH74 -> 142857.14 | DJ74: =DI74/DG74 -> 0.2138257 | DL74: =(L74-DH74)/DG74 -> 0.0256447 | DM74: =(AT74-DJ74)/DJ74 -> -0.084254069
A75: Haley | B75: =K75 -> 2021 | C75: =L75 -> 499287 | G75: =Q75 -> 499287 | I75: 0 | J75: =I75-(aa-bb*G75) -> -0.82166486 | K75: 2021 | L75: 499287 | O75: =AP75 -> Brittany | P75: =AQ75 -> 2021 | Q75: =AR75 -> 499287 | R75: =AU75 -> 527027 | S75: =1-Q75/R75 -> 0.052634874 | T75: =R75 -> 527027 | U75: =$R78*CZ78 -> 0 | V75: =$R79*DA79 -> 0 | W75: =$R80*DB80 -> 0 | X75: =$R81*DC81 -> 0 | Z75: =$T78*$CZ78 -> 0 | AA75: =$T79*$DA79 -> 0 | AB75: =$T80*$DB80 -> 0 | AC75: =$T81*$DC81 -> 0 | AD75: =NA() -> #N/A | AE75: =B75 -> 2021 | AF75: =AF74 -> 0.1977993 | AG75: =AG74 -> 0.55330177 | AH75: =AH74 -> 0.24889893 | AJ75: =B75 -> 2021 | AK75: =AF72*AN72+AG71*AN71+AH70*AN70 -> 700998.24 | AL75: =CHOOSE(umethod,S75,retroU,MAX(0,cslope*(AK75-nlim)/AK75)) -> 0.052634874 | AM75: =AK75*(1-AL75) -> 664101.28 | AN75: =AM75*EXP(aa-bb*AM75+J75) -> 600021.85 | AO75: =AK75-AM75 -> 36896.954 | AP75: Brittany | AQ75: 2021 | AR75: 499287 | AS75: =AU75-AR75 -> 27740 | AT75: =AS75/AU75 -> 0.052634874 | AU75: 527027 | AX75: 2021 | BF75: =AVERAGE($BF$72:$BF$74) -> 0.30591614 | CT75: 2021 | CY75: 2021 | CZ75: 0.33263744 | DA75: 0.48851775 | DB75: 0.17884482 | DC75: 0 | DF75: 2021 | DG75: 538743.93 | DH75: 499782.89 | DI75: =DG75-DH75 -> 38961.039 | DJ75: =DI75/DG75 -> 0.072318288 | DL75: =(L75-DH75)/DG75 -> -0.00092045933 | DM75: =(AT75-DJ75)/DJ75 -> -0.27217754
A76: Haley | B76: =K76 -> 2022 | C76: =L76 -> 1056921 | G76: =Q76 -> 1056921 | I76: 0 | J76: =I76-(aa-bb*G76) -> -0.47835519 | K76: 2022 | L76: 1056921 | O76: =AP76 -> Brittany | P76: =AQ76 -> 2022 | Q76: =AR76 -> 1056921 | R76: =AU76 -> 1158175 | S76: =1-Q76/R76 -> 0.087425475 | T76: =R76 -> 1158175 | U76: =$R79*CZ79 -> 0 | V76: =$R80*DA80 -> 0 | W76: =$R81*DB81 -> 0 | X76: =$R82*DC82 -> 0 | Z76: =$T79*$CZ79 -> 0 | AA76: =$T80*$DA80 -> 0 | AB76: =$T81*$DB81 -> 0 | AC76: =$T82*$DC82 -> 0 | AD76: =NA() -> #N/A | AE76: =B76 -> 2022 | AF76: =AF75 -> 0.1977993 | AG76: =AG75 -> 0.55330177 | AH76: =AH75 -> 0.24889893 | AJ76: =B76 -> 2022 | AK76: =AF73*AN73+AG72*AN72+AH71*AN71 -> 1154090.6 | AL76: =CHOOSE(umethod,S76,retroU,MAX(0,cslope*(AK76-nlim)/AK76)) -> 0.087425475 | AM76: =AK76*(1-AL76) -> 1053193.7 | AN76: =AM76*EXP(aa-bb*AM76+J76) -> 1055613.3 | AO76: =AK76-AM76 -> 100896.92 | AP76: Brittany | AQ76: 2022 | AR76: 1056921 | AS76: =AU76-AR76 -> 101254 | AT76: =AS76/AU76 -> 0.087425475 | AU76: 1158175 | AX76: 2022 | BF76: =AVERAGE($BF$72:$BF$74) -> 0.30591614 | CY76: 2022 | CZ76: =U$2 -> 0.3 | DA76: =V$2 -> 0.6 | DB76: =W$2 -> 0.1 | DC76: =X$2 -> 0 | DF76: 2022 | DG76: 1162614 | DH76: 1019756.8 | DI76: =DG76-DH76 -> 142857.14 | DJ76: =DI76/DG76 -> 0.12287582 | DL76: =(L76-DH76)/DG76 -> 0.031966037 | DM76: =(AT76-DJ76)/DJ76 -> -0.28850544
AE77: =B77 -> 0 | AF77: =AF76 -> 0.1977993 | AG77: =AG76 -> 0.55330177 | AH77: =AH76 -> 0.24889893 | CY77: 2023 | CZ77: =U$2 -> 0.3 | DA77: =V$2 -> 0.6 | DB77: =W$2 -> 0.1 | DC77: =X$2 -> 0
CY78: 2024 | CZ78: =U$2 -> 0.3 | DA78: =V$2 -> 0.6 | DB78: =W$2 -> 0.1 | DC78: =X$2 -> 0
CY79: 2025 | CZ79: =U$2 -> 0.3 | DA79: =V$2 -> 0.6 | DB79: =W$2 -> 0.1 | DC79: =X$2 -> 0
CY80: 2026 | CZ80: =U$2 -> 0.3 | DA80: =V$2 -> 0.6 | DB80: =W$2 -> 0.1 | DC80: =X$2 -> 0
CY81: 2027 | CZ81: =U$2 -> 0.3 | DA81: =V$2 -> 0.6 | DB81: =W$2 -> 0.1 | DC81: =X$2 -> 0

Sheet policy compare
C1: Policy | D1: code | E1: Yield | F1: Utility | I1: 0 | J1: 0 | L1: 0 | M1: 0 | O1: 0 | P1: 0 | R1: ='Orig data'!AJ4 -> year | S1: retro run | T1: Historical U
C2: Historical | D2: hist | E2: 26591286 | F2: 146494.56 | I2: 4000000 | J2: 0.5 | L2: 841001 | M2: 0 | O2: 487692 | P2: 0 | R2: ='Orig data'!AJ5 -> 1951 | S2: 1187739 | T2: 0.85541857
C3: constant U at Umsy | D3: umsy | E3: 51361564 | F3: 226111.49 | L3: =L2+250000 -> 1091001 | M3: =1.017*(L3-841001)/L3 -> 0.23304287 | O3: =O2+250000 -> 737692 | P3: =0.776*(O3-487692)/O3 -> 0.26298238 | R3: ='Orig data'!AJ6 -> 1952 | S3: 927000 | T3: 0.80987055
C4: Maximum yield | D4: maxY | E4: 62669272 | F4: 222904.9 | L4: =L3+250000 -> 1341001 | M4: =1.017*(L4-841001)/L4 -> 0.37919435 | O4: =O3+250000 -> 987692 | P4: =0.776*(O4-487692)/O4 -> 0.39283501 | R4: ='Orig data'!AJ7 -> 1953 | S4: 918122 | T4: 0.85010162
C5: Maximum utility | D5: maxU | E5: 59304112 | F5: 235487.7 | L5: =L4+250000 -> 1591001 | M5: =1.017*(L5-841001)/L5 -> 0.47941516 | O5: =O4+250000 -> 1237692 | P5: =0.776*(O5-487692)/O5 -> 0.47023007 | R5: ='Orig data'!AJ8 -> 1954 | S5: 1096517 | T5: 0.92122785
D6: max | E6: =MAX(E2:E5) -> 62669272 | F6: =MAX(F2:F5) -> 235487.7 | L6: =L5+250000 -> 1841001 | M6: =1.017*(L6-841001)/L6 -> 0.55241686 | O6: =O5+250000 -> 1487692 | P6: =0.776*(O6-487692)/O6 -> 0.52161334 | R6: ='Orig data'!AJ9 -> 1955 | S6: 357389.1 | T6: 0.72173186
L7: =L6+250000 -> 2091001 | M7: =1.017*(L7-841001)/L7 -> 0.60796241 | O7: =O6+250000 -> 1737692 | P7: =0.776*(O7-487692)/O7 -> 0.5582117 | R7: ='Orig data'!AJ10 -> 1956 | S7: 282627 | T7: 0.88341524
C8: relative values | L8: =L7+250000 -> 2341001 | M8: =1.017*(L8-841001)/L8 -> 0.65164432 | O8: =O7+250000 -> 1987692 | P8: =0.776*(O8-487692)/O8 -> 0.58560381 | R8: ='Orig data'!AJ11 -> 1957 | S8: 308363 | T8: 0.72546966
C9: Policy | D9: code | E9: Yield | F9: Utility | L9: =L8+250000 -> 2591001 | M9: =1.017*(L9-841001)/L9 -> 0.68689669 | O9: =O8+250000 -> 2237692 | P9: =0.776*(O9-487692)/O9 -> 0.6068753 | R9: ='Orig data'!AJ12 -> 1958 | S9: 544065.93 | T9: 0.84030838
C10: Historical | D10: hist | E10: =E2/E$6 -> 0.4243114 | F10: =F2/F$6 -> 0.62209008 | L10: =L9+250000 -> 2841001 | M10: =1.017*(L10-841001)/L10 -> 0.71594484 | O10: =O9+250000 -> 2487692 | P10: =0.776*(O10-487692)/O10 -> 0.62387144 | R10: ='Orig data'!AJ13 -> 1959 | S10: 614926.64 | T10: 0.76627554
C11: constant U at Umsy | D11: umsy | E11: =E3/E$6 -> 0.81956536 | F11: =F3/F$6 -> 0.96018385 | L11: =L10+250000 -> 3091001 | M11: =1.017*(L11-841001)/L11 -> 0.74029416 | O11: =O10+250000 -> 2737692 | P11: =0.776*(O11-487692)/O11 -> 0.63776349 | R11: ='Orig data'!AJ14 -> 1960 | S11: 387046.9 | T11: 0.62944251
C12: Maximum yield | D12: maxY | E12: =E4/E$6 -> 1 | F12: =F4/F$6 -> 0.94656707 | L12: =L11+250000 -> 3341001 | M12: =1.017*(L12-841001)/L12 -> 0.76099947 | O12: =O11+250000 -> 2987692 | P12: =0.776*(O12-487692)/O12 -> 0.64933065 | R12: ='Orig data'!AJ15 -> 1961 | S12: 251616.14 | T12: 0.59029191
C13: Maximum utility | D13: maxU | E13: =E5/E$6 -> 0.94630287 | F13: =F5/F$6 -> 1 | L13: =L12+250000 -> 3591001 | M13: =1.017*(L13-841001)/L13 -> 0.77882184 | O13: =O12+250000 -> 3237692 | P13: =0.776*(O13-487692)/O13 -> 0.65911149 | R13: ='Orig data'!AJ16 -> 1962 | S13: 241416.6 | T13: 0.47697993
L14: =L13+250000 -> 3841001 | M14: =1.017*(L14-841001)/L14 -> 0.79432419 | O14: =O13+250000 -> 3487692 | P14: =0.776*(O14-487692)/O14 -> 0.66749013 | R14: ='Orig data'!AJ17 -> 1963 | S14: 327640.49 | T14: 0.43438055
L15: =L14+250000 -> 4091001 | M15: =1.017*(L15-841001)/L15 -> 0.80793185 | O15: =O14+250000 -> 3737692 | P15: =0.776*(O15-487692)/O15 -> 0.67474795 | R15: ='Orig data'!AJ18 -> 1964 | S15: 366907.12 | T15: 0.33592514
O16: =O15+250000 -> 3987692 | P16: =0.776*(O16-487692)/O16 -> 0.68109573 | R16: ='Orig data'!AJ19 -> 1965 | S16: 168080.15 | T16: 0.24058496
R17: ='Orig data'!AJ20 -> 1966 | S17: 408137.85 | T17: 0.14043535
R18: ='Orig data'!AJ21 -> 1967 | S18: 314854.74 | T18: 0.33786064
R19: ='Orig data'!AJ22 -> 1968 | S19: 1137747.3 | T19: 0.41875228
R20: ='Orig data'!AJ23 -> 1969 | S20: 569626.99 | T20: 0.46547322
R21: ='Orig data'!AJ24 -> 1970 | S21: 723902.38 | T21: 0.61554328
R22: ='Orig data'!AJ25 -> 1971 | S22: 369685 | T22: 0.22913722
R23: ='Orig data'!AJ26 -> 1972 | S23: 1335366.4 | T23: 0.68641004
R24: ='Orig data'!AJ27 -> 1973 | S24: 1486678 | T24: 0.82276902
R25: ='Orig data'!AJ28 -> 1974 | S25: 706353.48 | T25: 0.51199687
R26: ='Orig data'!AJ29 -> 1975 | S26: 479931.48 | T26: 0.6062929
R27: ='Orig data'!AJ30 -> 1976 | S27: 994075.49 | T27: 0.6607457
R28: ='Orig data'!AJ31 -> 1977 | S28: 714340.45 | T28: 0.17050362
... R73: ='Orig data'!AJ76 -> 2022 | S73: 1154090.6 | T73: 0.087425475
