Workbook

Sheet runsize correlations
B1: Swift | C1: Fraser | D1: Horsey | E1: Nevin | F1: Holmes | G1: McKale | H1: Twin | I1: Goat | J1: Morkill | K1: Walker | L1: Torpy | M1: Dome | N1: Slim | O1: Bowron | P1: McGregor | Q1: Willow | R1: Salmon (PG) | S1: Stuart | T1: Nechako | U1: Stellako | V1: Endako | W1: Chilako | X1: Blackwater | Y1: Cottonwood | Z1: Quesnel | AA1: Cariboo | AB1: Horsefly | AC1: Chilko | AD1: Chilcotin Upper | AE1: Chilcotin Lower | AF1: Elkin | AG1: Taseko | AH1: Bridge | AI1: Portage | AJ1: Seton | AK1: Mahood | AL1: Clearwater | AM1: Finn | AN1: Raft | AO1: Barriere | AP1: Louis | AQ1: North Thompson | AR1: Bessette | AS1: Middle Shuswap | AT1: Lower Shuswap | AU1: Eagle | AV1: Salmon (ST) | AW1: Adams | AX1: Little River | AY1: South Thompson | AZ1: Lower Thompson | BA1: Deadman | BB1: Bonaparte | BC1: Coldwater | BD1: Spius | BE1: Nicola | BF1: Nahatlatch | BG1: Maria Slough | BH1: Birkenhead | BI1: Harrison | BJ1: Chilliwack | BK1: Pitt | BL1: Blue | BM1: Lemieux | BN1: Upper Adams | BO1: Scotch | BP1: Seymour | BQ1: Stave | BR1: Baker | BS1: Big Silver | BT1: Chilliwack Su | BU1: Douglas | BV1: Holliday | BW1: Kazchek | BX1: Kuzkwa | BY1: Narcosli | BZ1: Naver | CA1: Pinchi | CB1: Sloquet | CC1: Small | CD1: Tipella | CE1: Wap | CF1: McKinley | CG1: Chehalis
A2: Swift | B2: 1
A3: Fraser | B3: 0.56823523 | C3: 1
A4: Horsey | B4: 0.64277759 | C4: 0.57345515 | D4: 1
A5: Nevin | B5: 0.34626463 | C5: 0.082300863 | D5: 0.56512037 | E5: 1
A6: Holmes | B6: 0.79491613 | C6: 0.51529261 | D6: 0.80284853 | E6: 0.59863498 | F6: 1
A7: McKale | B7: 0.25622877 | C7: 0.14318264 | D7: 0.32307574 | E7: 0.47215505 | F7: 0.41339165 | G7: 1
A8: Twin | B8: 0.25388556 | C8: 0.012193053 | D8: 0.38120874 | E8: 0.72806786 | F8: 0.48604877 | G8: 0.5319939 | H8: 1
A9: Goat | B9: 0.57891484 | C9: 0.19148808 | D9: 0.5572776 | E9: 0.53585425 | F9: 0.68162347 | G9: 0.45998575 | H9: 0.45912941 | I9: 1
A10: Morkill | B10: 0.42152621 | C10: 0.12332657 | D10: 0.15851329 | E10: 0.31268629 | F10: 0.34416417 | G10: 0.24035407 | H10: 0.4221087 | I10: 0.041720778 | J10: 1
A11: Walker | B11: 0.48672523 | C11: 0.36769089 | D11: 0.53444049 | E11: 0.49801073 | F11: 0.62289279 | G11: 0.29814234 | H11: 0.51208534 | I11: 0.29100501 | J11: 0.49760392 | K11: 1
A12: Torpy | B12: 0.51369292 | C12: 0.34574889 | D12: 0.62386583 | E12: 0.77607709 | F12: 0.71821937 | G12: 0.4083777 | H12: 0.61187386 | I12: 0.55058853 | J12: 0.52230354 | K12: 0.65303758 | L12: 1
A13: Dome | B13: 0.62798146 | C13: 0.33417816 | D13: 0.39704862 | E13: 0.25677396 | F13: 0.61817888 | G13: 0.19875143 | H13: 0.21667684 | I13: 0.51509204 | J13: 0.34635645 | K13: 0.18919109 | L13: 0.41389618 | M13: 1
A14: Slim | B14: 0.59109182 | C14: 0.65349977 | D14: 0.59753144 | E14: 0.37925704 | F14: 0.6528457 | G14: 0.33612892 | H14: 0.2716247 | I14: 0.29716657 | J14: 0.33345154 | K14: 0.58721179 | L14: 0.52230913 | M14: 0.34655466 | N14: 1
A15: Bowron | B15: 0.55198476 | C15: 0.54222182 | D15: 0.65378429 | E15: 0.51896078 | F15: 0.69075651 | G15: 0.29872951 | H15: 0.31478233 | I15: 0.34335976 | J15: 0.51029303 | K15: 0.49601258 | L15: 0.71747878 | M15: 0.4694073 | N15: 0.67716165 | O15: 1
A16: McGregor | B16: 0.63069026 | C16: 0.37218057 | D16: 0.58274162 | E16: 0.53135279 | F16: 0.73770984 | G16: 0.30242411 | H16: 0.46670014 | I16: 0.45554792 | J16: 0.54137471 | K16: 0.74708705 | L16: 0.7757373 | M16: 0.49005062 | N16: 0.51726808 | O16: 0.61866712 | P16: 1
A17: Willow | B17: 0.44182205 | C17: 0.29244457 | D17: 0.37531178 | E17: 0.44234814 | F17: 0.5219674 | G17: 0.34626578 | H17: 0.3897326 | I17: 0.24515936 | J17: 0.45153994 | K17: 0.40665656 | L17: 0.52198407 | M17: 0.31301923 | N17: 0.62202453 | O17: 0.58649577 | P17: 0.50097214 | Q17: 1
A18: Salmon (PG) | B18: 0.32910102 | C18: 0.11313942 | D18: 0.33955107 | E18: 0.73547126 | F18: 0.46483871 | G18: 0.32962546 | H18: 0.55150303 | I18: 0.46140977 | J18: 0.19736419 | K18: 0.40433459 | L18: 0.62179867 | M18: 0.23392618 | N18: 0.3133894 | O18: 0.3566196 | P18: 0.4224823 | Q18: 0.59824424 | R18: 1
A19: Stuart | B19: 0.34249668 | C19: 0.097329377 | D19: 0.16366245 | E19: 0.18263281 | F19: 0.43638249 | G19: 0.023653559 | H19: 0.18253045 | I19: 0.28351464 | J19: 0.36301228 | K19: 0.24074042 | L19: 0.38872394 | M19: 0.54384748 | N19: 0.25654867 | O19: 0.2546106 | P19: 0.48447597 | Q19: 0.19528474 | R19: 0.12028929 | S19: 1
A20: Nechako | B20: -0.087607565 | C20: -0.11343066 | D20: 0.076991074 | E20: 0.32612139 | F20: -0.051341512 | G20: 0.11536595 | H20: 0.1280544 | I20: 0.17697049 | J20: -0.10967549 | K20: -0.038893371 | L20: 0.15918726 | M20: -0.13301056 | N20: 0.053292156 | O20: 0.024767993 | P20: 0.021622245 | Q20: 0.1636048 | R20: 0.32959892 | S20: 0.055891108 | T20: 1
A21: Stellako | B21: 0.087857927 | C21: 0.14952256 | D21: -0.0083803917 | E21: -0.023863798 | F21: 0.067291037 | G21: 0.24914086 | H21: 0.049941447 | I21: -0.035455386 | J21: 0.10901102 | K21: 0.20846135 | L21: 0.0946997 | M21: 0.092706373 | N21: 0.23798039 | O21: 0.092681494 | P21: 0.21951121 | Q21: 0.16907258 | R21: 0.073780192 | S21: 0.020856638 | T21: -0.034209961 | U21: 1
A22: Endako | B22: 0.35345601 | C22: 0.33805434 | D22: 0.50746147 | E22: 0.29723313 | F22: 0.37631223 | G22: 0.24819194 | H22: 0.32189139 | I22: 0.33324375 | J22: 0.24861988 | K22: 0.44496705 | L22: 0.4877848 | M22: 0.10098221 | N22: 0.42880273 | O22: 0.54173681 | P22: 0.39210355 | Q22: 0.35117617 | R22: 0.30486673 | S22: 0.063690054 | T22: 0.2502853 | U22: 0.24883282 | V22: 1
A23: Chilako | B23: 0.3544713 | C23: 0.24575454 | D23: 0.15362419 | E23: 0.071727896 | F23: 0.28259963 | G23: 0.16945405 | H23: 0.11356947 | I23: 0.27891995 | J23: 0.044987059 | K23: 0.22920627 | L23: 0.20755312 | M23: 0.22393375 | N23: 0.43084349 | O23: 0.08740238 | P23: 0.21959133 | Q23: 0.26919702 | R23: 0.30791974 | S23: 0.23739917 | T23: 0.21092871 | U23: 0.44074107 | V23: 0.10519819 | W23: 1
A24: Blackwater | B24: 0.6778599 | C24: 0.68386737 | D24: 0.5425171 | E24: 0.094571748 | F24: 0.5805357 | G24: -0.037718508 | H24: 0.00628419 | I24: 0.16510808 | J24: 0.29057655 | K24: 0.34100347 | L24: 0.31262952 | M24: 0.47836643 | N24: 0.61048949 | O24: 0.6232138 | P24: 0.41199629 | Q24: 0.34316279 | R24: 0.18069366 | S24: 0.17391993 | T24: -0.27743383 | U24: 0.099292753 | V24: 0.28422607 | W24: 0.28622721 | X24: 1
A25: Cottonwood | B25: 0.61902948 | C25: 0.22548772 | D25: 0.48379363 | E25: 0.27730019 | F25: 0.60247315 | G25: 0.1805179 | H25: 0.15448559 | I25: 0.33226312 | J25: 0.51242317 | K25: 0.22215286 | L25: 0.41385 | M25: 0.739512 | N25: 0.23492354 | O25: 0.62179047 | P25: 0.49646083 | Q25: 0.36227534 | R25: 0.15794886 | S25: 0.25656897 | T25: -0.26461949 | U25: 0.0512868 | V25: 0.1286713 | W25: 0.021357548 | X25: 0.56024868 | Y25: 1
A26: Quesnel | B26: 0.6380854 | C26: 0.50695665 | D26: 0.49974494 | E26: 0.34284367 | F26: 0.70311642 | G26: 0.25402859 | H26: 0.18799588 | I26: 0.29976774 | J26: 0.40851271 | K26: 0.57847196 | L26: 0.59853092 | M26: 0.47520664 | N26: 0.72434681 | O26: 0.71675996 | P26: 0.55869216 | Q26: 0.4813176 | R26: 0.21169469 | S26: 0.36878477 | T26: -0.020558753 | U26: 0.21267221 | V26: 0.36536897 | W26: 0.31994072 | X26: 0.50550785 | Y26: 0.47016176 | Z26: 1
A27: Cariboo | B27: 0.60979495 | C27: 0.49438958 | D27: 0.51257828 | E27: 0.21550088 | F27: 0.68016264 | G27: 0.22316076 | H27: 0.1571042 | I27: 0.24819818 | J27: 0.29032566 | K27: 0.33270503 | L27: 0.41582978 | M27: 0.61728992 | N27: 0.55270992 | O27: 0.57015459 | P27: 0.43053226 | Q27: 0.38720639 | R27: 0.1168154 | S27: 0.3904265 | T27: -0.16614915 | U27: 0.028171968 | V27: 0.1727453 | W27: 0.29623979 | X27: 0.67096964 | Y27: 0.63394645 | Z27: 0.69447808 | AA27: 1
A28: Horsefly | B28: 0.14791297 | C28: 0.25658609 | D28: 0.21195197 | E28: 0.0045858479 | F28: 0.12749051 | G28: 0.20961006 | H28: -0.0044164824 | I28: 0.12905665 | J28: 0.19556234 | K28: 0.011183974 | L28: 0.14191405 | M28: 0.33871434 | N28: 0.14854721 | O28: 0.33456739 | P28: 0.04862171 | Q28: 0.16122126 | R28: 0.070522119 | S28: -0.00052685791 | T28: -0.12351084 | U28: 0.042490252 | V28: 0.065372453 | W28: 0.12838359 | X28: 0.48186984 | Y28: 0.44375139 | Z28: 0.043708045 | AA28: 0.3787731 | AB28: 1
A29: Chilko | B29: 0.48669497 | C29: 0.019473522 | D29: 0.27671109 | E29: 0.65202935 | F29: 0.5859104 | G29: 0.34163856 | H29: 0.41944971 | I29: 0.6149175 | J29: 0.30598418 | K29: 0.30830607 | L29: 0.60661586 | M29: 0.48585716 | N29: 0.27303904 | O29: 0.39394583 | P29: 0.56170482 | Q29: 0.5087628 | R29: 0.72012338 | S29: 0.44307493 | T29: 0.3073393 | U29: 0.016865376 | V29: 0.19342506 | W29: 0.2318448 | X29: 0.11494464 | Y29: 0.39286398 | Z29: 0.38362837 | AA29: 0.2651044 | AB29: -0.072877255 | AC29: 1
A30: Chilcotin Upper | B30: 0.75070699 | C30: 0.33460786 | D30: 0.5707352 | E30: 0.49068389 | F30: 0.76874788 | G30: 0.20435418 | H30: 0.39740573 | I30: 0.65786903 | J30: 0.39140703 | K30: 0.57668365 | L30: 0.69373468 | M30: 0.58982027 | N30: 0.47638892 | O30: 0.55820322 | P30: 0.66584703 | Q30: 0.51429912 | R30: 0.55881689 | S30: 0.4124724 | T30: -0.046139444 | U30: 0.089904544 | V30: 0.38300827 | W30: 0.45161577 | X30: 0.50222229 | Y30: 0.59046597 | Z30: 0.60617265 | AA30: 0.57983906 | AB30: 0.1934469 | AC30: 0.6396151 | AD30: 1
A31: Chilcotin Lower | B31: 0.41816415 | C31: 0.42014043 | D31: 0.38563994 | E31: 0.170834 | F31: 0.49472685 | G31: 0.14365919 | H31: 0.028193084 | I31: 0.24330113 | J31: 0.31813473 | K31: 0.19793226 | L31: 0.3416647 | M31: 0.66152081 | N31: 0.38383009 | O31: 0.5581196 | P31: 0.32806874 | Q31: 0.45807908 | R31: 0.35654937 | S31: 0.32014535 | T31: -0.042131702 | U31: 0.12370984 | V31: 0.23022228 | W31: 0.12203045 | X31: 0.55287342 | Y31: 0.61655062 | Z31: 0.3936454 | AA31: 0.50820293 | AB31: 0.50300376 | AC31: 0.3112668 | AD31: 0.46398449 | AE31: 1
A32: Elkin | B32: 0.37188977 | C32: -0.018014807 | D32: 0.21032172 | E32: 0.45439623 | F32: 0.40696438 | G32: 0.18906704 | H32: 0.26990098 | I32: 0.44340501 | J32: 0.18392162 | K32: 0.09153676 | L32: 0.34902045 | M32: 0.47013396 | N32: 0.19665088 | O32: 0.28389131 | P32: 0.32364872 | Q32: 0.32413986 | R32: 0.4725511 | S32: 0.38931925 | T32: 0.48619139 | U32: -0.029808282 | V32: 0.23417057 | W32: 0.22729675 | X32: 0.17084687 | Y32: 0.33374968 | Z32: 0.27035483 | AA32: 0.27781806 | AB32: 0.034871482 | AC32: 0.7357615 | AD32: 0.40983807 | AE32: 0.25859951 | AF32: 1
A33: Taseko | B33: -0.39950212 | C33: -0.3455908 | D33: -0.24834695 | E33: 0.068308765 | F33: -0.33230989 | G33: 0.16867075 | H33: 0.23728816 | I33: -0.054625983 | J33: -0.1099777 | K33: -0.24081466 | L33: -0.21897866 | M33: -0.28170402 | N33: -0.30917285 | O33: -0.30831571 | P33: -0.3257829 | Q33: -0.12092668 | R33: -0.05994114 | S33: -0.1468889 | T33: 0.39077967 | U33: -0.15616669 | V33: -0.09122734 | W33: -0.19847833 | X33: -0.51114502 | Y33: -0.38047824 | Z33: -0.43867727 | AA33: -0.42703616 | AB33: -0.16716666 | AC33: -0.095966382 | AD33: -0.49101729 | AE33: -0.33750951 | AF33: 0.054331561 | AG33: 1
A34: Bridge | B34: 0.54522189 | C34: 0.2013117 | D34: 0.37169312 | E34: 0.35647085 | F34: 0.61982347 | G34: 0.19082959 | H34: 0.19728657 | I34: 0.45414739 | J34: 0.13015379 | K34: 0.26616312 | L34: 0.40143333 | M34: 0.5063458 | N34: 0.2675478 | O34: 0.42605544 | P34: 0.54649014 | Q34: 0.48260066 | R34: 0.49537376 | S34: 0.30609121 | T34: 0.0036650916 | U34: 0.049162205 | V34: 0.14558763 | W34: 0.13087316 | X34: 0.30700187 | Y34: 0.53194172 | Z34: 0.40996355 | AA34: 0.35586164 | AB34: 0.0054681022 | AC34: 0.71537279 | AD34: 0.58946569 | AE34: 0.45173834 | AF34: 0.50061387 | AG34: -0.37344517 | AH34: 1
A35: Portage | B35: 0.34193364 | C35: 0.3864488 | D35: 0.20834707 | E35: -0.093859545 | F35: 0.17136039 | G35: 0.04265767 | H35: -0.04577453 | I35: 0.044489538 | J35: -0.086513276 | K35: 0.17222272 | L35: 0.049383454 | M35: 0.0096130522 | N35: 0.14303503 | O35: -0.0004281049 | P35: 0.17764716 | Q35: 0.019744104 | R35: -0.0039298878 | S35: -0.12873208 | T35: 0.053975561 | U35: 0.083375964 | V35: 0.21151343 | W35: 0.35052394 | X35: 0.25423675 | Y35: 0.0019458949 | Z35: 0.23009817 | AA35: 0.3243744 | AB35: 0.017430445 | AC35: -0.065475219 | AD35: 0.24605018 | AE35: -0.084212539 | AF35: -0.039627813 | AG35: -0.37135982 | AH35: 0.0026342919 | AI35: 1
A36: Seton | B36: 0.30147762 | C36: 0.53730318 | D36: 0.26914163 | E36: -0.14534934 | F36: 0.18458609 | G36: -0.15546235 | H36: -0.20116362 | I36: -0.21422803 | J36: 0.14669329 | K36: 0.31900957 | L36: 0.073693835 | M36: 0.016815617 | N36: 0.19700299 | O36: 0.24967641 | P36: 0.22392694 | Q36: -0.010011351 | R36: -0.03720973 | S36: -0.090860493 | T36: -0.20610037 | U36: 0.13660292 | V36: 0.20891457 | W36: 0.21121818 | X36: 0.4513619 | Y36: 0.22266697 | Z36: 0.32942588 | AA36: 0.29220639 | AB36: 0.084843639 | AC36: -0.13624031 | AD36: 0.17866585 | AE36: 0.1163579 | AF36: -0.12471785 | AG36: -0.43521329 | AH36: 0.089981256 | AI36: 0.59037685 | AJ36: 1
A37: Mahood | B37: 0.53957248 | C37: 0.41104288 | D37: 0.54248989 | E37: 0.51314392 | F37: 0.63745256 | G37: 0.26058613 | H37: 0.38467862 | I37: 0.29314535 | J37: 0.26052829 | K37: 0.67059959 | L37: 0.62276276 | M37: 0.12625427 | N37: 0.61321231 | O37: 0.46655541 | P37: 0.57732391 | Q37: 0.5543435 | R37: 0.59381644 | S37: 0.14590982 | T37: 0.062904868 | U37: 0.2250741 | V37: 0.3638041 | W37: 0.46769069 | X37: 0.50382653 | Y37: 0.23937953 | Z37: 0.58881826 | AA37: 0.52563726 | AB37: 0.10734167 | AC37: 0.45864225 | AD37: 0.64532089 | AE37: 0.17171469 | AF37: 0.25599143 | AG37: -0.37348998 | AH37: 0.36759276 | AI37: 0.40945271 | AJ37: 0.39844501 | AK37: 1
A38: Clearwater | B38: 0.6604038 | C38: 0.34744368 | D38: 0.38429888 | E38: 0.38874968 | F38: 0.63994883 | G38: 0.41776364 | H38: 0.29684134 | I38: 0.5041471 | J38: 0.33998182 | K38: 0.43449501 | L38: 0.45773266 | M38: 0.42533563 | N38: 0.64619795 | O38: 0.51620278 | P38: 0.46457916 | Q38: 0.60786979 | R38: 0.43841868 | S38: 0.28427637 | T38: 0.017174489 | U38: 0.0402964 | V38: 0.20654293 | W38: 0.37415468 | X38: 0.42443803 | Y38: 0.43678995 | Z38: 0.59993751 | AA38: 0.5582633 | AB38: 0.20698036 | AC38: 0.62576087 | AD38: 0.68117015 | AE38: 0.33209964 | AF38: 0.43494264 | AG38: -0.29683124 | AH38: 0.57172985 | AI38: 0.13533969 | AJ38: 0.090288237 | AK38: 0.62535387 | AL38: 1
A39: Finn | B39: 0.56230564 | C39: 0.55596997 | D39: 0.40062519 | E39: -0.082848742 | F39: 0.41296196 | G39: 0.038672465 | H39: -0.088266627 | I39: 0.060529076 | J39: 0.28588011 | K39: 0.37307456 | L39: 0.18284181 | M39: 0.1905428 | N39: 0.41732143 | O39: 0.3955797 | P39: 0.39859285 | Q39: 0.28845914 | R39: 0.030894512 | S39: -0.086358197 | T39: -0.19421164 | U39: 0.16146747 | V39: 0.33778754 | W39: 0.17780252 | X39: 0.6798316 | Y39: 0.4576134 | Z39: 0.42190812 | AA39: 0.50357714 | AB39: 0.37704281 | AC39: 0.06114728 | AD39: 0.38684661 | AE39: 0.33750203 | AF39: 0.034188509 | AG39: -0.47754509 | AH39: 0.32141971 | AI39: 0.54943041 | AJ39: 0.65874526 | AK39: 0.5385057 | AL39: 0.4407731 | AM39: 1
A40: Raft | B40: 0.57546319 | C40: 0.43112827 | D40: 0.35658841 | E40: 0.12912972 | F40: 0.50533501 | G40: 0.15254785 | H40: -0.056608915 | I40: 0.27443175 | J40: 0.21836702 | K40: 0.23314742 | L40: 0.33058653 | M40: 0.40486972 | N40: 0.47336445 | O40: 0.46736612 | P40: 0.36942315 | Q40: 0.45496494 | R40: 0.32411261 | S40: 0.14272951 | T40: -0.14239912 | U40: 0.065487936 | V40: 0.31708029 | W40: 0.1460234 | X40: 0.53119223 | Y40: 0.49696188 | Z40: 0.43111349 | AA40: 0.40170642 | AB40: 0.27388669 | AC40: 0.38874351 | AD40: 0.47448728 | AE40: 0.53218795 | AF40: 0.3180866 | AG40: -0.4382862 | AH40: 0.66247484 | AI40: 0.1139478 | AJ40: 0.30037822 | AK40: 0.38006093 | AL40: 0.59891717 | AM40: 0.63072672 | AN40: 1
A41: Barriere | B41: 0.07561868 | C41: -0.039429043 | D41: 0.092301357 | E41: 0.25967115 | F41: 0.022168711 | G41: 0.31842258 | H41: 0.11936233 | I41: 0.33749054 | J41: -0.031628464 | K41: -0.14674048 | L41: 0.24457832 | M41: -0.017309562 | N41: -0.070081762 | O41: 0.11159098 | P41: 0.14674924 | Q41: 0.22534422 | R41: 0.17991784 | S41: 0.032388071 | T41: 0.39631112 | U41: -0.026383731 | V41: 0.17056799 | W41: -0.029175425 | X41: -0.33574658 | Y41: -0.025508723 | Z41: -0.020276439 | AA41: -0.16069745 | AB41: -0.094390521 | AC41: 0.33452251 | AD41: 0.029568333 | AE41: -0.057393342 | AF41: 0.15802045 | AG41: 0.2305531 | AH41: 0.23234096 | AI41: -0.032792512 | AJ41: -0.29516011 | AK41: -0.060030014 | AL41: 0.10522814 | AM41: -0.1803673 | AN41: -0.011354473 | AO41: 1
A42: Louis | B42: 0.44603639 | C42: 0.16359393 | D42: 0.37377871 | E42: 0.15221114 | F42: 0.39201233 | G42: 0.068971075 | H42: -0.04675714 | I42: 0.59806278 | J42: -0.078753677 | K42: -0.028869217 | L42: 0.16802398 | M42: 0.39673342 | N42: 0.16653735 | O42: 0.14016961 | P42: 0.16469198 | Q42: 0.22356373 | R42: 0.22063926 | S42: 0.045095801 | T42: 0.078022502 | U42: -0.044804461 | V42: 0.1029849 | W42: 0.065512599 | X42: 0.2012427 | Y42: 0.39079713 | Z42: 0.087350402 | AA42: 0.085792701 | AB42: 0.20764428 | AC42: 0.33508619 | AD42: 0.39309195 | AE42: 0.38736596 | AF42: 0.31126359 | AG42: -0.14095616 | AH42: 0.45506646 | AI42: -0.078565909 | AJ42: -0.12118727 | AK42: 0.056178981 | AL42: 0.3759871 | AM42: 0.28981863 | AN42: 0.61665055 | AO42: 0.1738754 | AP42: 1
A43: North Thompson | B43: 0.26225079 | C43: 0.11201633 | D43: 0.2428295 | E43: 0.13824078 | F43: 0.20821673 | G43: 0.051299439 | H43: 0.1107169 | I43: 0.35519764 | J43: 0.21095149 | K43: 0.098125365 | L43: 0.22620136 | M43: 0.16169104 | N43: 0.12665673 | O43: 0.10680714 | P43: 0.24687784 | Q43: 0.15722984 | R43: 0.043363414 | S43: -0.012874636 | T43: 0.30417382 | U43: 0.0052678392 | V43: 0.16075275 | W43: 0.10739563 | X43: 0.052880141 | Y43: 0.2246986 | Z43: 0.055413783 | AA43: 0.046669058 | AB43: 0.12897334 | AC43: 0.2203148 | AD43: 0.22780861 | AE43: 0.14590954 | AF43: 0.19149572 | AG43: 0.088012336 | AH43: 0.094937445 | AI43: 0.11472276 | AJ43: -0.025285104 | AK43: 0.12441986 | AL43: 0.28258839 | AM43: 0.38866835 | AN43: 0.26432979 | AO43: 0.22130671 | AP43: 0.61467201 | AQ43: 1
A44: Bessette | B44: 0.57773236 | C44: 0.46310241 | D44: 0.33816501 | E44: 0.16388564 | F44: 0.41548215 | G44: 0.034739113 | H44: 0.11438661 | I44: 0.43261746 | J44: 0.093000812 | K44: 0.14196629 | L44: 0.33300246 | M44: 0.58546826 | N44: 0.32157554 | O44: 0.36191343 | P44: 0.36093993 | Q44: 0.22936839 | R44: 0.16997755 | S44: 0.22506575 | T44: 0.088999569 | U44: 0.11823594 | V44: 0.27053486 | W44: 0.2864306 | X44: 0.45258376 | Y44: 0.41248568 | Z44: 0.42630621 | AA44: 0.4690678 | AB44: 0.21758973 | AC44: 0.32101725 | AD44: 0.5299235 | AE44: 0.3377091 | AF44: 0.46171368 | AG44: -0.2494132 | AH44: 0.45660094 | AI44: 0.27572719 | AJ44: 0.095671366 | AK44: 0.22938769 | AL44: 0.37708631 | AM44: 0.38164424 | AN44: 0.47004976 | AO44: 0.18526476 | AP44: 0.44904292 | AQ44: 0.35991221 | AR44: 1
A45: Middle Shuswap | B45: 0.5076414 | C45: 0.1078918 | D45: 0.3409495 | E45: 0.32124385 | F45: 0.5351166 | G45: 0.21667031 | H45: 0.27215453 | I45: 0.60220766 | J45: 0.29986144 | K45: 0.08821616 | L45: 0.48504626 | M45: 0.71852112 | N45: 0.198593 | O45: 0.31383885 | P45: 0.39407797 | Q45: 0.26823289 | R45: 0.21844069 | S45: 0.66710324 | T45: 0.16379243 | U45: -0.084470566 | V45: 0.16650315 | W45: 0.18689682 | X45: 0.21419551 | Y45: 0.4961393 | Z45: 0.40197037 | AA45: 0.51752601 | AB45: 0.23643727 | AC45: 0.49694976 | AD45: 0.55481412 | AE45: 0.40399518 | AF45: 0.56172459 | AG45: -0.14818516 | AH45: 0.35114964 | AI45: 0.056852254 | AJ45: -0.19582285 | AK45: 0.13283746 | AL45: 0.36882041 | AM45: 0.036177472 | AN45: 0.26531544 | AO45: 0.22678527 | AP45: 0.40762791 | AQ45: 0.24781314 | AR45: 0.54616907 | AS45: 1
A46: Lower Shuswap | B46: 0.046335712 | C46: -0.20278676 | D46: 0.10622622 | E46: 0.23813769 | F46: 0.10013464 | G46: 0.1449603 | H46: 0.19577501 | I46: 0.40098839 | J46: -0.018040948 | K46: 0.0090784191 | L46: 0.16474402 | M46: 0.20576847 | N46: -0.016637231 | O46: 0.040098126 | P46: 0.058387897 | Q46: 0.1909317 | R46: 0.26213215 | S46: 0.272783 | T46: 0.49960256 | U46: -0.15652024 | V46: 0.13272701 | W46: 0.051306894 | X46: -0.19666292 | Y46: 0.026393656 | Z46: -0.013652672 | AA46: 0.016610574 | AB46: 0.010062348 | AC46: 0.29682864 | AD46: 0.22386233 | AE46: 0.19392942 | AF46: 0.43281756 | AG46: 0.18173287 | AH46: 0.096484457 | AI46: -0.13603875 | AJ46: -0.41377036 | AK46: -0.10223681 | AL46: 0.13775397 | AM46: -0.29992365 | AN46: -0.046105415 | AO46: 0.25828635 | AP46: 0.31237821 | AQ46: 0.21315511 | AR46: 0.24975947 | AS46: 0.5595639 | AT46: 1
A47: Eagle | B47: 0.26082189 | C47: 0.16627269 | D47: 0.39839733 | E47: 0.26574076 | F47: 0.32583978 | G47: 0.16003574 | H47: 0.20756656 | I47: 0.3191449 | J47: 0.20782595 | K47: 0.2264799 | L47: 0.42548707 | M47: 0.31356299 | N47: 0.32031347 | O47: 0.39290482 | P47: 0.43504841 | Q47: 0.2760431 | R47: 0.14193331 | S47: 0.26489706 | T47: 0.17184272 | U47: -0.15352054 | V47: 0.30894565 | W47: -0.090094869 | X47: 0.18813189 | Y47: 0.26143839 | Z47: 0.37572775 | AA47: 0.35034524 | AB47: 0.13690042 | AC47: 0.21775081 | AD47: 0.30066606 | AE47: 0.26308013 | AF47: 0.16529408 | AG47: -0.17199144 | AH47: 0.2026555 | AI47: 0.035846441 | AJ47: -0.0055534647 | AK47: 0.21010058 | AL47: 0.22931852 | AM47: 0.16429668 | AN47: 0.14853361 | AO47: 0.11230412 | AP47: 0.12386127 | AQ47: 0.14408747 | AR47: 0.24049497 | AS47: 0.46401714 | AT47: 0.34781978 | AU47: 1
A48: Salmon (ST) | B48: 0.51814699 | C48: 0.56660184 | D48: 0.43053114 | E48: -0.016097326 | F48: 0.33339374 | G48: 0.14664522 | H48: -0.004250198 | I48: 0.10533152 | J48: 0.14269475 | K48: 0.13408506 | L48: 0.14182322 | M48: 0.36624661 | N48: 0.35572607 | O48: 0.39482751 | P48: 0.29177862 | Q48: 0.23819518 | R48: -0.094968066 | S48: -0.096682378 | T48: -0.031503835 | U48: 0.08363327 | V48: 0.30934098 | W48: 0.035221144 | X48: 0.50051632 | Y48: 0.43209797 | Z48: 0.37380214 | AA48: 0.57737958 | AB48: 0.31969135 | AC48: -0.085689501 | AD48: 0.24036837 | AE48: 0.39624422 | AF48: -0.016797675 | AG48: -0.30952227 | AH48: 0.1977106 | AI48: 0.52755482 | AJ48: 0.34695485 | AK48: 0.16945612 | AL48: 0.20073386 | AM48: 0.62117176 | AN48: 0.34202107 | AO48: 0.10882226 | AP48: 0.19319455 | AQ48: 0.26143819 | AR48: 0.55798458 | AS48: 0.20534003 | AT48: -0.051436787 | AU48: 0.36933545 | AV48: 1
A49: Adams | B49: -0.38974504 | C49: -0.44986686 | D49: -0.30349242 | E49: -0.11990208 | F49: -0.3387444 | G49: -0.061551174 | H49: -0.043778916 | I49: -0.046467593 | J49: -0.15347963 | K49: -0.30708893 | L49: -0.28136772 | M49: -0.14521974 | N49: -0.21751591 | O49: -0.19573363 | P49: -0.36470375 | Q49: -0.11085726 | R49: -0.13325803 | S49: -0.0080332353 | T49: 0.35941118 | U49: -0.1699958 | V49: -0.1396151 | W49: -0.17430155 | X49: -0.43655681 | Y49: -0.27580854 | Z49: -0.26803757 | AA49: -0.29961472 | AB49: -0.19736071 | AC49: -0.093485833 | AD49: -0.35216664 | AE49: -0.18712111 | AF49: 0.13497987 | AG49: 0.40352708 | AH49: -0.3021035 | AI49: -0.3427148 | AJ49: -0.40552842 | AK49: -0.42278062 | AL49: -0.16763468 | AM49: -0.52369016 | AN49: -0.39923986 | AO49: 0.015109507 | AP49: -0.060782458 | AQ49: -0.016602682 | AR49: -0.22946595 | AS49: 0.051524191 | AT49: 0.61713543 | AU49: 0.060066936 | AV49: -0.30350313 | AW49: 1
A50: Little River | B50: -0.40303959 | C50: -0.3340204 | D50: -0.32072294 | E50: -0.19985657 | F50: -0.33715163 | G50: -0.15302854 | H50: -0.19060513 | I50: -0.14926647 | J50: -0.22928025 | K50: -0.27001804 | L50: -0.29125148 | M50: -0.21809102 | N50: -0.24855678 | O50: -0.18482779 | P50: -0.29307985 | Q50: -0.16534699 | R50: -0.16926305 | S50: -0.088034465 | T50: 0.088137911 | U50: -0.15059031 | V50: -0.25643211 | W50: -0.25398327 | X50: -0.30247014 | Y50: -0.2341418 | Z50: -0.29417125 | AA50: -0.19518422 | AB50: -0.14099555 | AC50: -0.16893278 | AD50: -0.33135826 | AE50: -0.23767755 | AF50: -0.10949057 | AG50: 0.15633232 | AH50: -0.27994633 | AI50: -0.20985323 | AJ50: -0.21389518 | AK50: -0.31729784 | AL50: -0.15006015 | AM50: -0.34516993 | AN50: -0.32732078 | AO50: -0.089781424 | AP50: -0.10577843 | AQ50: -0.087841596 | AR50: -0.28983588 | AS50: -0.076114786 | AT50: 0.41558908 | AU50: -0.014447107 | AV50: -0.26112826 | AW50: 0.8217491 | AX50: 1
A51: South Thompson | B51: -0.46382227 | C51: -0.47281056 | D51: -0.32870443 | E51: -0.092761567 | F51: -0.37556711 | G51: -0.066265549 | H51: -0.084922219 | I51: -0.091707588 | J51: -0.26961514 | K51: -0.32519395 | L51: -0.30721476 | M51: -0.25720731 | N51: -0.304066 | O51: -0.25112625 | P51: -0.36321532 | Q51: -0.12791139 | R51: -0.11782419 | S51: -0.039958162 | T51: 0.27110652 | U51: -0.16446156 | V51: -0.22383193 | W51: -0.22521336 | X51: -0.48039848 | Y51: -0.32119061 | Z51: -0.3435191 | AA51: -0.30581284 | AB51: -0.20851573 | AC51: -0.12787419 | AD51: -0.3839399 | AE51: -0.31690776 | AF51: -0.00043323025 | AG51: 0.38713397 | AH51: -0.3264352 | AI51: -0.29742279 | AJ51: -0.37974924 | AK51: -0.37003373 | AL51: -0.18393009 | AM51: -0.54952108 | AN51: -0.45155841 | AO51: 0.058610416 | AP51: -0.12743726 | AQ51: -0.11276893 | AR51: -0.33101003 | AS51: -0.031254242 | AT51: 0.50854543 | AU51: -0.047750023 | AV51: -0.38210472 | AW51: 0.89363356 | AX51: 0.9180728 | AY51: 1
A52: Lower Thompson | B52: -0.24565833 | C52: -0.39589752 | D52: -0.11977081 | E52: 0.19099875 | F52: -0.16860812 | G52: 0.17655358 | H52: 0.17883807 | I52: 0.21866394 | J52: -0.2095237 | K52: -0.13754191 | L52: -0.079676417 | M52: -0.16467244 | N52: -0.20710646 | O52: -0.17451187 | P52: -0.18835291 | Q52: -0.10174336 | R52: -0.00096309338 | S52: 0.045965881 | T52: 0.3763944 | U52: -0.19087117 | V52: -0.029939521 | W52: -0.069793886 | X52: -0.49000087 | Y52: -0.29777796 | Z52: -0.1891838 | AA52: -0.25950348 | AB52: -0.15473743 | AC52: 0.0029062459 | AD52: -0.1856232 | AE52: -0.31681012 | AF52: 0.10533229 | AG52: 0.55386325 | AH52: -0.24420832 | AI52: -0.27755422 | AJ52: -0.47523182 | AK52: -0.26481585 | AL52: -0.031479329 | AM52: -0.59857021 | AN52: -0.43264584 | AO52: 0.33465897 | AP52: -0.091166402 | AQ52: -0.050573799 | AR52: -0.18410217 | AS52: 0.15633871 | AT52: 0.46465865 | AU52: 0.14787563 | AV52: -0.32164203 | AW52: 0.49036867 | AX52: 0.32357528 | AY52: 0.59022429 | AZ52: 1
A53: Deadman | B53: 0.43779246 | C53: 0.1651313 | D53: 0.42234996 | E53: 0.47954394 | F53: 0.4612622 | G53: 0.037960881 | H53: 0.27985292 | I53: 0.41807276 | J53: 0.045326633 | K53: 0.21204396 | L53: 0.31553031 | M53: 0.46585686 | N53: 0.16359045 | O53: 0.36949194 | P53: 0.32751039 | Q53: 0.32448611 | R53: 0.51904046 | S53: 0.14122102 | T53: 0.28207849 | U53: -0.094005528 | V53: 0.28833683 | W53: -0.016420565 | X53: 0.28172463 | Y53: 0.47863041 | Z53: 0.27718132 | AA53: 0.4108232 | AB53: 0.14664613 | AC53: 0.55164626 | AD53: 0.48862318 | AE53: 0.46298458 | AF53: 0.5239451 | AG53: -0.16665784 | AH53: 0.60148842 | AI53: 0.091243044 | AJ53: 0.050010001 | AK53: 0.34196008 | AL53: 0.39853333 | AM53: 0.24544711 | AN53: 0.3600873 | AO53: 0.16873245 | AP53: 0.36923083 | AQ53: 0.19946146 | AR53: 0.46350978 | AS53: 0.34784351 | AT53: 0.25316331 | AU53: 0.27472089 | AV53: 0.38221186 | AW53: -0.12799777 | AX53: -0.15741211 | AY53: -0.14202233 | AZ53: -0.034335698 | BA53: 1
A54: Bonaparte | B54: 0.2409162 | C54: -0.038627984 | D54: 0.306111 | E54: 0.45070556 | F54: 0.40136049 | G54: 0.30287567 | H54: 0.2766835 | I54: 0.65139849 | J54: -0.087576914 | K54: -0.024312787 | L54: 0.34686704 | M54: 0.43066391 | N54: 0.02874861 | O54: 0.21781902 | P54: 0.23326351 | Q54: 0.28452409 | R54: 0.52123125 | S54: 0.16908485 | T54: 0.37380009 | U54: 0.032897022 | V54: 0.12084246 | W54: 0.069044149 | X54: -0.095300199 | Y54: 0.30988557 | Z54: 0.12832609 | AA54: 0.071523593 | AB54: 0.03607278 | AC54: 0.64404993 | AD54: 0.34690335 | AE54: 0.37256465 | AF54: 0.48833122 | AG54: 0.028622039 | AH54: 0.57102461 | AI54: -0.22833486 | AJ54: -0.34441125 | AK54: 0.082434028 | AL54: 0.27705252 | AM54: -0.15917506 | AN54: 0.19631785 | AO54: 0.44152379 | AP54: 0.50023833 | AQ54: 0.22263529 | AR54: 0.25141584 | AS54: 0.41554216 | AT54: 0.34760482 | AU54: 0.20160895 | AV54: 0.020977271 | AW54: 0.1285082 | AX54: -0.015950151 | AY54: 0.076071017 | AZ54: 0.1584599 | BA54: 0.61386892 | BB54: 1
A55: Coldwater | B55: 0.57713171 | C55: 0.45197524 | D55: 0.51852276 | E55: 0.3162629 | F55: 0.61221755 | G55: 0.021913473 | H55: 0.13299165 | I55: 0.44581176 | J55: 0.055661716 | K55: 0.45060881 | L55: 0.46390027 | M55: 0.48228141 | N55: 0.37693062 | O55: 0.40612074 | P55: 0.7079978 | Q55: 0.32670658 | R55: 0.30827369 | S55: 0.17832111 | T55: 0.025673228 | U55: 0.17127293 | V55: 0.16475975 | W55: 0.32145871 | X55: 0.41424728 | Y55: 0.43488782 | Z55: 0.4775832 | AA55: 0.39155775 | AB55: -0.030477709 | AC55: 0.43610041 | AD55: 0.61815215 | AE55: 0.26711195 | AF55: 0.29518488 | AG55: -0.41613878 | AH55: 0.56647353 | AI55: 0.39419218 | AJ55: 0.33952975 | AK55: 0.44877457 | AL55: 0.31840692 | AM55: 0.40923056 | AN55: 0.36239737 | AO55: 0.084066074 | AP55: 0.36856623 | AQ55: 0.24972258 | AR55: 0.55133413 | AS55: 0.26375996 | AT55: 0.00037608111 | AU55: 0.21660389 | AV55: 0.41007528 | AW55: -0.38355731 | AX55: -0.25466783 | AY55: -0.36887673 | AZ55: -0.32812271 | BA55: 0.43595191 | BB55: 0.31312776 | BC55: 1
A56: Spius | B56: 0.33830065 | C56: 0.024812309 | D56: 0.36934848 | E56: 0.64333144 | F56: 0.49982841 | G56: 0.31511421 | H56: 0.42123751 | I56: 0.58406982 | J56: 0.15096009 | K56: 0.17674565 | L56: 0.56804666 | M56: 0.3521624 | N56: 0.13969181 | O56: 0.38247172 | P56: 0.47535596 | Q56: 0.46269099 | R56: 0.61665737 | S56: 0.012250659 | T56: 0.30802618 | U56: -0.035397318 | V56: 0.15629753 | W56: 0.063360163 | X56: 0.0056673775 | Y56: 0.42280882 | Z56: 0.26182714 | AA56: 0.14915775 | AB56: -0.033646537 | AC56: 0.72296733 | AD56: 0.45493458 | AE56: 0.2319513 | AF56: 0.4902562 | AG56: -0.064296785 | AH56: 0.63920407 | AI56: -0.010810086 | AJ56: -0.088696482 | AK56: 0.30795448 | AL56: 0.37564624 | AM56: 0.096706476 | AN56: 0.34720087 | AO56: 0.48219265 | AP56: 0.48625223 | AQ56: 0.39963641 | AR56: 0.33855673 | AS56: 0.37201799 | AT56: 0.23416293 | AU56: 0.24775579 | AV56: 0.13919663 | AW56: -0.080170801 | AX56: -0.081965344 | AY56: -0.077474533 | AZ56: 0.013839741 | BA56: 0.57314577 | BB56: 0.73235181 | BC56: 0.55905434 | BD56: 1
A57: Nicola | B57: 0.46378593 | C57: 0.17670928 | D57: 0.36836341 | E57: 0.36185457 | F57: 0.55014697 | G57: 0.12594176 | H57: 0.1345737 | I57: 0.67098839 | J57: -0.091220649 | K57: 0.18973907 | L57: 0.40251731 | M57: 0.50765528 | N57: 0.23571394 | O57: 0.30743269 | P57: 0.48577095 | Q57: 0.35446973 | R57: 0.51808114 | S57: 0.24152184 | T57: 0.20671015 | U57: 0.048547068 | V57: 0.20415614 | W57: 0.32050857 | X57: 0.312748 | Y57: 0.406927 | Z57: 0.28075371 | AA57: 0.31637557 | AB57: 0.19459784 | AC57: 0.68656715 | AD57: 0.629329 | AE57: 0.40951865 | AF57: 0.61146136 | AG57: -0.28708494 | AH57: 0.74560715 | AI57: 0.13492849 | AJ57: -0.0045933784 | AK57: 0.37986337 | AL57: 0.48702662 | AM57: 0.31362366 | AN57: 0.56047787 | AO57: 0.25332558 | AP57: 0.6471189 | AQ57: 0.35225042 | AR57: 0.59829886 | AS57: 0.47849452 | AT57: 0.28723195 | AU57: 0.22987199 | AV57: 0.18017457 | AW57: -0.2334076 | AX57: -0.2072701 | AY57: -0.24335144 | AZ57: -0.10859955 | BA57: 0.60989738 | BB57: 0.58831291 | BC57: 0.69297771 | BD57: 0.68827973 | BE57: 1
A58: Nahatlatch | B58: 0.25644449 | C58: 0.4255892 | D58: 0.44137313 | E58: 0.050085865 | F58: 0.30060005 | G58: 0.035543566 | H58: -0.070995219 | I58: 0.14653722 | J58: -0.0389567 | K58: 0.2029034 | L58: 0.16163269 | M58: 0.30285672 | N58: 0.32070122 | O58: 0.31060569 | P58: 0.38990771 | Q58: 0.057827715 | R58: -0.15893774 | S58: 0.074224461 | T58: -0.13729675 | U58: 0.092203554 | V58: 0.1304179 | W58: 0.1254111 | X58: 0.2532777 | Y58: 0.28593329 | Z58: 0.28818134 | AA58: 0.34976532 | AB58: -0.043503661 | AC58: -0.029633988 | AD58: 0.21690634 | AE58: 0.073803765 | AF58: -0.095054995 | AG58: -0.3112155 | AH58: 0.13826554 | AI58: 0.34476347 | AJ58: 0.38711979 | AK58: 0.092400125 | AL58: 0.070525906 | AM58: 0.24729231 | AN58: 0.088029678 | AO58: 0.092564735 | AP58: 0.05586382 | AQ58: 0.053294291 | AR58: 0.28687656 | AS58: 0.086084131 | AT58: -0.11624373 | AU58: 0.18429653 | AV58: 0.4549921 | AW58: -0.19791807 | AX58: 0.013608247 | AY58: -0.10953292 | AZ58: -0.20095593 | BA58: 0.114844 | BB58: -0.024120605 | BC58: 0.62798625 | BD58: 0.18729057 | BE58: 0.20628154 | BF58: 1
A59: Maria Slough | B59: -0.12012496 | C59: -0.32200649 | D59: 0.099867997 | E59: 0.22711125 | F59: -0.0068033278 | G59: 0.28338582 | H59: 0.15405202 | I59: 0.28117966 | J59: -0.22126845 | K59: -0.058804991 | L59: 0.071265942 | M59: -0.036294832 | N59: -0.1187852 | O59: -0.1064305 | P59: -0.083628399 | Q59: -0.12122624 | R59: 0.11006694 | S59: 0.10582607 | T59: 0.48098325 | U59: -0.11235138 | V59: 0.12286944 | W59: 0.12414991 | X59: -0.33014976 | Y59: -0.18067612 | Z59: -0.062191142 | AA59: -0.13897364 | AB59: -0.084009547 | AC59: 0.16440294 | AD59: -0.039833315 | AE59: -0.16799686 | AF59: 0.28320406 | AG59: 0.44158125 | AH59: -0.11062772 | AI59: -0.15476057 | AJ59: -0.34185102 | AK59: -0.11350916 | AL59: -0.10979583 | AM59: -0.40771275 | AN59: -0.28533532 | AO59: 0.21388477 | AP59: -0.010484039 | AQ59: -0.0054845165 | AR59: -0.051974059 | AS59: 0.098161445 | AT59: 0.26513452 | AU59: 0.01341054 | AV59: -0.19127614 | AW59: 0.28630722 | AX59: -0.0036226023 | AY59: 0.24000814 | AZ59: 0.43528434 | BA59: -0.025674136 | BB59: 0.29996578 | BC59: -0.11094048 | BD59: 0.053634826 | BE59: 0.028668207 | BF59: -0.090034644 | BG59: 1
A60: Birkenhead | B60: 0.010796974 | C60: -0.19509318 | D60: 0.04172603 | E60: 0.09782705 | F60: -0.052515042 | G60: 0.17415557 | H60: 0.046681805 | I60: 0.060917909 | J60: -0.017643428 | K60: -0.067248378 | L60: -0.0095621644 | M60: -0.094110742 | N60: -0.14636808 | O60: -0.19719509 | P60: -0.040159718 | Q60: -0.10622075 | R60: -0.08875265 | S60: 0.085661814 | T60: 0.28989299 | U60: 0.2477175 | V60: 0.032705344 | W60: 0.12852915 | X60: -0.21301642 | Y60: -0.056099544 | Z60: -0.050190677 | AA60: -0.015094304 | AB60: -0.024192558 | AC60: 0.0278471 | AD60: -0.10277892 | AE60: -0.24656189 | AF60: 0.22527194 | AG60: 0.1864447 | AH60: -0.16195158 | AI60: 0.03257343 | AJ60: -0.15665745 | AK60: 0.028509048 | AL60: -0.090414113 | AM60: -0.13923797 | AN60: -0.23185853 | AO60: 0.20315007 | AP60: -0.021073688 | AQ60: 0.10550084 | AR60: -0.016442406 | AS60: 0.12187244 | AT60: 0.17903187 | AU60: -0.067409607 | AV60: -0.023350701 | AW60: 0.081980433 | AX60: -0.094756158 | AY60: 0.070879363 | AZ60: 0.18783557 | BA60: 0.014703362 | BB60: 0.067944871 | BC60: -0.1213134 | BD60: -0.070956029 | BE60: -0.10723181 | BF60: -0.14952198 | BG60: 0.37420003 | BH60: 1
A61: Harrison | B61: 0.24211537 | C61: 0.20508945 | D61: 0.36775049 | E61: 0.44029321 | F61: 0.34219625 | G61: 0.1303575 | H61: 0.23576096 | I61: 0.1563339 | J61: 0.23890847 | K61: 0.39621271 | L61: 0.59734083 | M61: 0.22812563 | N61: 0.33337881 | O61: 0.45311184 | P61: 0.48373878 | Q61: 0.30204675 | R61: 0.33360532 | S61: 0.26381833 | T61: 0.2389275 | U61: 0.0622996 | V61: 0.21215752 | W61: 0.16251404 | X61: 0.19078201 | Y61: 0.27389987 | Z61: 0.47477234 | AA61: 0.41329442 | AB61: 0.098964112 | AC61: 0.4066088 | AD61: 0.44184148 | AE61: 0.065417975 | AF61: 0.28128283 | AG61: -0.20663375 | AH61: 0.17280416 | AI61: 0.26314087 | AJ61: 0.24307838 | AK61: 0.5644361 | AL61: 0.38014589 | AM61: 0.23603211 | AN61: 0.11176866 | AO61: 0.066109103 | AP61: -0.055292998 | AQ61: 0.10067946 | AR61: 0.24495336 | AS61: 0.28711377 | AT61: 0.14895914 | AU61: 0.34518772 | AV61: 0.13709202 | AW61: -0.056511994 | AX61: 0.028912161 | AY61: -0.033167848 | AZ61: -0.16825301 | BA61: 0.24174376 | BB61: 0.093260326 | BC61: 0.36924046 | BD61: 0.26224086 | BE61: 0.19285754 | BF61: 0.29462881 | BG61: 0.10872521 | BH61: 0.11207821 | BI61: 1
A62: Chilliwack | B62: -0.18603729 | C62: -0.51088676 | D62: -0.1669237 | E62: 0.16412034 | F62: -0.14368508 | G62: 0.048528311 | H62: 0.028707144 | I62: 0.25244595 | J62: -0.065425309 | K62: -0.22926108 | L62: -0.012583968 | M62: 0.058417988 | N62: -0.31200256 | O62: -0.13456813 | P62: -0.084492274 | Q62: 0.03959209 | R62: 0.14293588 | S62: 0.15226116 | T62: 0.34125173 | U62: -0.20647862 | V62: -0.045523733 | W62: -0.31051632 | X62: -0.54590868 | Y62: -0.018124955 | Z62: -0.228003 | AA62: -0.31421852 | AB62: -0.28986508 | AC62: 0.35152635 | AD62: -0.024888465 | AE62: -0.036214253 | AF62: 0.22937748 | AG62: 0.25395525 | AH62: 0.10277276 | AI62: -0.41428652 | AJ62: -0.54699385 | AK62: -0.35286272 | AL62: -0.023681693 | AM62: -0.50791094 | AN62: -0.13763568 | AO62: 0.405847 | AP62: 0.26796419 | AQ62: 0.1502268 | AR62: -0.077116501 | AS62: 0.29838732 | AT62: 0.69839599 | AU62: 0.18980243 | AV62: -0.30689203 | AW62: 0.61000723 | AX62: 0.5058542 | AY62: 0.60074646 | AZ62: 0.4559192 | BA62: 0.19006128 | BB62: 0.44637104 | BC62: -0.14204441 | BD62: 0.33683041 | BE62: 0.13673656 | BF62: -0.12405577 | BG62: 0.23650362 | BH62: 0.061185547 | BI62: 0.026114927 | BJ62: 1
A63: Pitt | B63: 0.50944158 | C63: 0.29738998 | D63: 0.22087851 | E63: 0.087033015 | F63: 0.40081141 | G63: 0.25741803 | H63: 0.0082470238 | I63: 0.10114838 | J63: 0.42758792 | K63: 0.38544775 | L63: 0.32123665 | M63: 0.099708627 | N63: 0.49303017 | O63: 0.34411213 | P63: 0.32135348 | Q63: 0.41760335 | R63: 0.16868662 | S63: 0.11096845 | T63: -0.098087573 | U63: 0.20969328 | V63: 0.13851889 | W63: 0.39623216 | X63: 0.50555566 | Y63: 0.30446382 | Z63: 0.50280868 | AA63: 0.48096373 | AB63: 0.31623219 | AC63: 0.10877059 | AD63: 0.39646859 | AE63: 0.35937477 | AF63: -0.020060696 | AG63: -0.33184598 | AH63: 0.16483334 | AI63: 0.2271955 | AJ63: 0.20159813 | AK63: 0.50681209 | AL63: 0.42787638 | AM63: 0.53503659 | AN63: 0.44319207 | AO63: -0.042663402 | AP63: 0.13601168 | AQ63: 0.14404363 | AR63: 0.16146323 | AS63: 0.18096791 | AT63: -0.12458786 | AU63: 0.10559906 | AV63: 0.3359182 | AW63: -0.3813685 | AX63: -0.30156655 | AY63: -0.39076221 | AZ63: -0.25658027 | BA63: -0.005667523 | BB63: -0.099436224 | BC63: 0.15964194 | BD63: 0.052646261 | BE63: 0.15116544 | BF63: -0.052230766 | BG63: -0.19480568 | BH63: -0.053225031 | BI63: 0.026231491 | BJ63: -0.39331207 | BK63: 1
A64: Blue | B64: -0.27754379 | C64: -0.3306965 | D64: 0.075136757 | E64: 0.23843196 | F64: -0.068544053 | G64: 0.25856043 | H64: 0.093215132 | I64: 0.31134377 | J64: -0.33623713 | K64: -0.15671081 | L64: 0.0081853473 | M64: -0.21373717 | N64: -0.19142862 | O64: -0.13872787 | P64: -0.075823571 | Q64: 0.025921427 | R64: 0.11129233 | S64: -0.062898 | T64: 0.33550491 | U64: -0.2851675 | V64: -0.0013260868 | W64: -0.23394413 | X64: -0.46247252 | Y64: -0.25414593 | Z64: -0.24316683 | AA64: -0.27329014 | AB64: -0.14965406 | AC64: 0.11825809 | AD64: -0.12596037 | AE64: -0.26038549 | AF64: 0.040631854 | AG64: 0.3735903 | AH64: -0.16524061 | AI64: -0.12172737 | AJ64: -0.45140399 | AK64: -0.14112469 | AL64: -0.075100709 | AM64: -0.42322092 | AN64: -0.3383797 | AO64: 0.42040148 | AP64: 0.10848624 | AQ64: 0.059869 | AR64: -0.27311613 | AS64: 0.10969758 | AT64: 0.44099498 | AU64: 0.15959582 | AV64: -0.28653785 | AW64: 0.39991679 | AX64: 0.42393146 | AY64: 0.58602344 | AZ64: 0.61694806 | BA64: -0.035005348 | BB64: 0.27593216 | BC64: -0.071198397 | BD64: 0.23352404 | BE64: 0.084347645 | BF64: 0.081422319 | BG64: 0.4466945 | BH64: 0.1184068 | BI64: 0.058032368 | BJ64: 0.57114714 | BK64: -0.30075457 | BL64: 1
A65: Lemieux | B65: 0.12112836 | C65: -0.04803805 | D65: 0.094504635 | E65: 0.24987035 | F65: 0.10105123 | G65: 0.29057612 | H65: 0.16320362 | I65: 0.37378711 | J65: 0.064143415 | K65: 0.067890243 | L65: 0.30236044 | M65: 0.096033459 | N65: -0.023258069 | O65: 0.083369292 | P65: 0.29673537 | Q65: 0.21721897 | R65: 0.33415859 | S65: -0.002998075 | T65: 0.3058447 | U65: 0.0049508695 | V65: 0.18739427 | W65: 0.0009620173 | X65: -0.24928858 | Y65: 0.092382862 | Z65: 0.0072972305 | AA65: -0.21949451 | AB65: -0.10359863 | AC65: 0.46006143 | AD65: 0.19050026 | AE65: 0.035875031 | AF65: 0.2598842 | AG65: 0.0061051714 | AH65: 0.49485561 | AI65: -0.046257094 | AJ65: -0.17408832 | AK65: -0.019540502 | AL65: 0.20172865 | AM65: 0.025339136 | AN65: 0.39917365 | AO65: 0.56431866 | AP65: 0.43345101 | AQ65: 0.37231129 | AR65: 0.34034087 | AS65: 0.2263518 | AT65: 0.31307909 | AU65: 0.15590245 | AV65: 0.024641259 | AW65: -0.050301455 | AX65: -0.079455244 | AY65: -0.069756551 | AZ65: 0.027842694 | BA65: 0.23244441 | BB65: 0.48365576 | BC65: 0.28830752 | BD65: 0.63292091 | BE65: 0.47250716 | BF65: 0.1082046 | BG65: 0.090105411 | BH65: -0.022093775 | BI65: 0.089162849 | BJ65: 0.44158742 | BK65: -0.033230424 | BL65: 0.21475949 | BM65: 1
A66: Upper Adams | B66: 0.23102399 | C66: -0.26325394 | D66: 0.036847236 | E66: 0.35129214 | F66: 0.25724278 | G66: 0.11931012 | H66: 0.26522684 | I66: 0.29927931 | J66: 0.034449894 | K66: -0.069180385 | L66: 0.15668121 | M66: 0.33282204 | N66: -0.002262178 | O66: 0.14272383 | P66: 0.1249766 | Q66: 0.27028764 | R66: 0.3579377 | S66: 0.11647462 | T66: 0.23635127 | U66: -0.029205895 | V66: -0.027746361 | W66: 0.13418441 | X66: -0.061219223 | Y66: 0.33168345 | Z66: 0.15537045 | AA66: 0.11129546 | AB66: -0.11016416 | AC66: 0.55258654 | AD66: 0.22761686 | AE66: 0.081237727 | AF66: 0.56244922 | AG66: 0.13527562 | AH66: 0.59655941 | AI66: -0.2336894 | AJ66: -0.25852634 | AK66: 0.085046074 | AL66: 0.30129195 | AM66: -0.12731814 | AN66: 0.29622634 | AO66: 0.26028174 | AP66: 0.28329617 | AQ66: 0.081727667 | AR66: 0.30451594 | AS66: 0.25125401 | AT66: 0.095535627 | AU66: -0.050498252 | AV66: -0.041592102 | AW66: 0.041231658 | AX66: -0.15475292 | AY66: -0.027018207 | AZ66: 0.14237627 | BA66: 0.52343455 | BB66: 0.59973587 | BC66: 0.21869342 | BD66: 0.60126521 | BE66: 0.47029128 | BF66: -0.14651709 | BG66: 0.21293928 | BH66: 0.0084376586 | BI66: -0.035537094 | BJ66: 0.25130515 | BK66: -0.020002743 | BL66: -0.094226494 | BM66: 0.37290137 | BN66: 1
A67: Scotch | B67: 0.042400714 | C67: 0.036967788 | D67: 0.049835675 | E67: -0.0073600082 | F67: 0.10745837 | G67: -0.0041965259 | H67: -0.037237804 | I67: 0.075646367 | J67: 0.029618199 | K67: 0.06160404 | L67: 0.10148507 | M67: 0.10293583 | N67: 0.09812967 | O67: 0.18412085 | P67: 0.104835 | Q67: 0.09984743 | R67: 0.026996389 | S67: 0.098108075 | T67: 0.0052433237 | U67: -0.0028009996 | V67: -0.022105628 | W67: -0.048290365 | X67: 0.097718428 | Y67: 0.1298302 | Z67: 0.090415292 | AA67: 0.21649126 | AB67: 0.0472049 | AC67: 0.049736724 | AD67: 0.070361316 | AE67: 0.048624453 | AF67: 0.067264799 | AG67: -0.12870524 | AH67: 0.0020524171 | AI67: -0.003474833 | AJ67: 0.046985446 | AK67: 0.042363481 | AL67: 0.16786275 | AM67: 0.033397602 | AN67: 0.062552072 | AO67: -0.10943461 | AP67: 0.10144881 | AQ67: 0.050055603 | AR67: 0.022088805 | AS67: 0.20130535 | AT67: 0.41897729 | AU67: 0.093592834 | AV67: 0.02419496 | AW67: 0.55914875 | AX67: 0.81907351 | AY67: 0.63984955 | AZ67: 0.046191814 | BA67: 0.039274557 | BB67: 0.064873664 | BC67: 0.097764976 | BD67: 0.12701557 | BE67: 0.057246072 | BF67: 0.22293142 | BG67: -0.15722775 | BH67: -0.066686792 | BI67: 0.30374478 | BJ67: 0.30277631 | BK67: 0.016155488 | BL67: 0.21100796 | BM67: 0.027918541 | BN67: -0.12169318 | BO67: 1
A68: Seymour | B68: 0.15782228 | C68: 0.065289765 | D68: 0.35972707 | E68: 0.47298294 | F68: 0.39683554 | G68: 0.09050216 | H68: 0.24391517 | I68: 0.38185326 | J68: 0.12667594 | K68: 0.23124849 | L68: 0.52549661 | M68: 0.29579114 | N68: 0.38870632 | O68: 0.44510037 | P68: 0.34673783 | Q68: 0.30354235 | R68: 0.37191294 | S68: 0.36210475 | T68: 0.16316337 | U68: -0.056537879 | V68: 0.29479857 | W68: 0.07924047 | X68: 0.22682393 | Y68: 0.18883628 | Z68: 0.36310956 | AA68: 0.32492923 | AB68: 0.19605411 | AC68: 0.34361722 | AD68: 0.39989382 | AE68: 0.32374727 | AF68: 0.26097242 | AG68: -0.12925294 | AH68: 0.20457444 | AI68: -0.17048171 | AJ68: -0.12931917 | AK68: 0.33301141 | AL68: 0.26335224 | AM68: -0.0097692241 | AN68: 0.20449215 | AO68: -0.028714026 | AP68: 0.15210539 | AQ68: 0.016662608 | AR68: 0.14240439 | AS68: 0.43073342 | AT68: 0.25297101 | AU68: 0.71855846 | AV68: 0.020265021 | AW68: -0.03101334 | AX68: -0.10057529 | AY68: -0.07746845 | AZ68: 0.19244329 | BA68: 0.26612843 | BB68: 0.20131016 | BC68: 0.14859609 | BD68: 0.23107227 | BE68: 0.34957002 | BF68: 0.019586788 | BG68: 0.081470084 | BH68: -0.1093983 | BI68: 0.31992537 | BJ68: 0.10801364 | BK68: 0.15918358 | BL68: 0.12983891 | BM68: -0.031943907 | BN68: 0.071952748 | BO68: -0.005890263 | BP68: 1
A69: Stave | B69: 0.25805516 | C69: 0.14575279 | D69: 0.25264111 | E69: 0.59007746 | F69: 0.32960464 | G69: 0.35614672 | H69: 0.43593639 | I69: 0.2761724 | J69: 0.2940652 | K69: 0.32625059 | L69: 0.60055347 | M69: 0.24594645 | N69: 0.25528894 | O69: 0.38124672 | P69: 0.49024616 | Q69: 0.35743773 | R69: 0.48707191 | S69: 0.19902887 | T69: 0.25132036 | U69: 0.42759646 | V69: 0.27154147 | W69: 0.18489532 | X69: 0.052277631 | Y69: 0.26860342 | Z69: 0.34507366 | AA69: 0.21375674 | AB69: 0.057171074 | AC69: 0.56930959 | AD69: 0.37108329 | AE69: 0.072098539 | AF69: 0.27868856 | AG69: -0.017712957 | AH69: 0.34481377 | AI69: 0.025996863 | AJ69: 0.019604236 | AK69: 0.4869978 | AL69: 0.35705886 | AM69: 0.13381514 | AN69: 0.17588598 | AO69: 0.29152234 | AP69: 0.037536152 | AQ69: 0.17870045 | AR69: 0.27049203 | AS69: 0.20683122 | AT69: -0.039255251 | AU69: 0.21715198 | AV69: 0.096886698 | AW69: -0.31350976 | AX69: -0.28369047 | AY69: -0.25471421 | AZ69: -0.08361399 | BA69: 0.38106021 | BB69: 0.3445474 | BC69: 0.2978265 | BD69: 0.46219214 | BE69: 0.27598242 | BF69: 0.079917225 | BG69: 0.047039405 | BH69: 0.2609315 | BI69: 0.63911688 | BJ69: 0.069393698 | BK69: 0.044919716 | BL69: -0.076521625 | BM69: 0.324864 | BN69: 0.28029987 | BO69: -0.067035906 | BP69: 0.30975638 | BQ69: 1
A70: Baker | B70: 0.62018311 | C70: 0.41851606 | D70: 0.52625395 | E70: 0.34289526 | F70: 0.53910826 | G70: 0.20282754 | H70: 0.28281071 | I70: 0.55310472 | J70: 0.40353492 | K70: 0.40819834 | L70: 0.63184314 | M70: 0.4228036 | N70: 0.4297502 | O70: 0.48333188 | P70: 0.57020698 | Q70: 0.37163898 | R70: 0.30027359 | S70: 0.13032507 | T70: 0.11688049 | U70: 0.22070587 | V70: 0.45713192 | W70: 0.32510263 | X70: 0.3209018 | Y70: 0.40584105 | Z70: 0.48649185 | AA70: 0.32115803 | AB70: 0.079695908 | AC70: 0.4325048 | AD70: 0.60335391 | AE70: 0.28675956 | AF70: 0.18254127 | AG70: -0.19508557 | AH70: 0.25555599 | AI70: 0.23128409 | AJ70: 0.18012439 | AK70: 0.4271563 | AL70: 0.34700944 | AM70: 0.39394829 | AN70: 0.24634848 | AO70: 0.29697929 | AP70: 0.33920079 | AQ70: 0.51424521 | AR70: 0.43533672 | AS70: 0.34167208 | AT70: 0.01400208 | AU70: 0.34019266 | AV70: 0.41771689 | AW70: -0.25661077 | AX70: -0.32362224 | AY70: -0.39581484 | AZ70: -0.26999505 | BA70: 0.26050496 | BB70: 0.37982541 | BC70: 0.54632197 | BD70: 0.48551263 | BE70: 0.36198819 | BF70: 0.31105309 | BG70: 0.041117463 | BH70: 0.043660731 | BI70: 0.38567731 | BJ70: -0.04969269 | BK70: 0.31501695 | BL70: -0.12009011 | BM70: 0.25543978 | BN70: 0.085136705 | BO70: 0.007373414 | BP70: 0.21792169 | BQ70: 0.44282431 | BR70: 1
A71: Big Silver | B71: 0.27362029 | C71: -0.064920012 | D71: 0.22652785 | E71: 0.28081741 | F71: 0.26859716 | G71: 0.021696211 | H71: 0.24432034 | I71: 0.25170756 | J71: 0.057960757 | K71: 0.052083891 | L71: 0.25827733 | M71: 0.1479875 | N71: 0.11869503 | O71: 0.060210721 | P71: 0.20562143 | Q71: 0.27379807 | R71: 0.2342595 | S71: 0.1976537 | T71: 0.14094927 | U71: 0.24384924 | V71: -0.045678916 | W71: 0.41058755 | X71: 0.13772157 | Y71: 0.19780418 | Z71: 0.12585693 | AA71: 0.16588359 | AB71: 0.058743475 | AC71: 0.25988735 | AD71: 0.28290957 | AE71: -0.012281344 | AF71: 0.25751468 | AG71: -0.070227535 | AH71: 0.25862021 | AI71: 0.043766166 | AJ71: -0.11259774 | AK71: 0.34769603 | AL71: 0.25904182 | AM71: 0.06479545 | AN71: 0.078936704 | AO71: 0.22689288 | AP71: 0.25888787 | AQ71: 0.31059546 | AR71: 0.26770639 | AS71: 0.3487719 | AT71: 0.16637068 | AU71: -0.04946402 | AV71: -0.060269784 | AW71: -0.046661551 | AX71: -0.063439686 | AY71: 0.029532468 | AZ71: 0.13655577 | BA71: 0.11643382 | BB71: 0.24214871 | BC71: 0.14974929 | BD71: 0.30512296 | BE71: 0.30345402 | BF71: -0.1061495 | BG71: -0.0030770762 | BH71: 0.25504998 | BI71: 0.1100017 | BJ71: -0.023526419 | BK71: 0.2419762 | BL71: -0.0016655064 | BM71: 0.1013437 | BN71: 0.32646344 | BO71: 0.093680303 | BP71: 0.024296282 | BQ71: 0.22695809 | BR71: 0.18640996 | BS71: 1
A72: Chilliwack Su | B72: 0.12489064 | C72: 0.023558905 | D72: -0.04224633 | E72: -0.015534113 | F72: 0.13578548 | G72: -0.20005973 | H72: -0.11018445 | I72: 0.066927718 | J72: 0.10365847 | K72: 0.05532095 | L72: -0.033802944 | M72: 0.20993702 | N72: 0.17150404 | O72: 0.13989326 | P72: 0.16637274 | Q72: 0.25288483 | R72: -0.010941352 | S72: 0.34926947 | T72: -0.018562642 | U72: -0.12896587 | V72: -0.11601735 | W72: -0.06951103 | X72: 0.072298008 | Y72: 0.14946993 | Z72: 0.13404884 | AA72: 0.17356785 | AB72: -0.13548041 | AC72: 0.24799475 | AD72: 0.15207562 | AE72: 0.17810275 | AF72: 0.14824056 | AG72: -0.010549819 | AH72: 0.18398265 | AI72: -0.25253816 | AJ72: -0.080428646 | AK72: 0.041803669 | AL72: 0.34403669 | AM72: 0.03032891 | AN72: 0.10892946 | AO72: 0.052522692 | AP72: 0.20092642 | AQ72: 0.23151832 | AR72: 0.12164743 | AS72: 0.18586704 | AT72: 0.31078141 | AU72: 0.25469649 | AV72: -0.024648721 | AW72: 0.25190246 | AX72: 0.29022898 | AY72: 0.26541035 | AZ72: 0.19655003 | BA72: 0.18289977 | BB72: 0.014491634 | BC72: 0.08150135 | BD72: 0.068314277 | BE72: 0.19153173 | BF72: 0.052488118 | BG72: -0.22915095 | BH72: -0.22112185 | BI72: 0.062878016 | BJ72: 0.42494681 | BK72: -0.064922079 | BL72: 0.096067214 | BM72: -0.081907421 | BN72: 0.074173712 | BO72: 0.2333156 | BP72: 0.240036 | BQ72: 0.00089979342 | BR72: -0.0028302861 | BS72: 0.042872733 | BT72: 1
A73: Douglas | B73: 0.33628494 | C73: 0.24156047 | D73: 0.12989246 | E73: -0.092745163 | F73: 0.22266136 | G73: 0.26611463 | H73: -0.13442161 | I73: 0.29429255 | J73: -0.0012803032 | K73: 0.073924555 | L73: -0.017832904 | M73: 0.18766766 | N73: 0.13668435 | O73: 0.0046011892 | P73: 0.18133652 | Q73: 0.054205647 | R73: -0.098856232 | S73: 0.10474851 | T73: -0.16473977 | U73: -0.13745346 | V73: -0.096638246 | W73: 0.039004165 | X73: 0.087275698 | Y73: 0.09107002 | Z73: 0.17283631 | AA73: 0.12617252 | AB73: 0.068224449 | AC73: 0.17807336 | AD73: 0.1787757 | AE73: 0.083934747 | AF73: 0.06342573 | AG73: -0.08819389 | AH73: 0.20543532 | AI73: 0.25031471 | AJ73: 0.056760229 | AK73: 0.055707896 | AL73: 0.36418752 | AM73: 0.26185243 | AN73: 0.21249928 | AO73: 0.19530486 | AP73: 0.22265915 | AQ73: 0.14241745 | AR73: 0.16594075 | AS73: 0.20454359 | AT73: 0.031364337 | AU73: 0.18781398 | AV73: 0.18015075 | AW73: -0.16226995 | AX73: -0.16557115 | AY73: -0.19496915 | AZ73: 0.02774647 | BA73: -0.08028837 | BB73: 0.087723774 | BC73: 0.20263914 | BD73: 0.019026395 | BE73: 0.20112609 | BF73: 0.13020767 | BG73: -0.040447668 | BH73: -0.067443601 | BI73: 0.0066877166 | BJ73: -0.039997769 | BK73: 0.14851913 | BL73: 0.17555716 | BM73: 0.16561567 | BN73: -0.13626382 | BO73: -0.10141689 | BP73: -0.084151853 | BQ73: -0.13676059 | BR73: 0.19192994 | BS73: -0.042327791 | BT73: 0.11714327 | BU73: 1
A74: Holliday | B74: 0.50438525 | C74: 0.40049887 | D74: 0.63906322 | E74: 0.46609035 | F74: 0.59275639 | G74: 0.5755793 | H74: 0.5630093 | I74: 0.58471136 | J74: 0.32567056 | K74: 0.45957144 | L74: 0.57845007 | M74: 0.3612107 | N74: 0.45694511 | O74: 0.49056524 | P74: 0.53966692 | Q74: 0.40163915 | R74: 0.21398544 | S74: 0.1567494 | T74: 0.14087933 | U74: 0.005542297 | V74: 0.38073243 | W74: 0.24382711 | X74: 0.19693251 | Y74: 0.33716065 | Z74: 0.36439102 | AA74: 0.3725898 | AB74: 0.24441876 | AC74: 0.28794612 | AD74: 0.43567332 | AE74: 0.19180138 | AF74: 0.12699111 | AG74: 0.034179897 | AH74: 0.24391831 | AI74: 0.25808505 | AJ74: 0.020773703 | AK74: 0.31646633 | AL74: 0.36916995 | AM74: 0.24269243 | AN74: 0.17721571 | AO74: 0.42138143 | AP74: 0.20872884 | AQ74: 0.36698842 | AR74: 0.34716432 | AS74: 0.39366448 | AT74: 0.20300053 | AU74: 0.29459711 | AV74: 0.42083157 | AW74: -0.20543878 | AX74: -0.2945866 | AY74: -0.25585169 | AZ74: 0.057268906 | BA74: 0.21427242 | BB74: 0.25638148 | BC74: 0.3919741 | BD74: 0.42098256 | BE74: 0.29904053 | BF74: 0.33432469 | BG74: 0.079365111 | BH74: 0.058719717 | BI74: 0.19504074 | BJ74: -0.046078875 | BK74: 0.26000719 | BL74: 0.11687284 | BM74: 0.34003877 | BN74: 0.11700462 | BO74: -0.0029441284 | BP74: 0.13586101 | BQ74: 0.2715832 | BR74: 0.56287559 | BS74: 0.2356114 | BT74: -0.073731369 | BU74: 0.22752893 | BV74: 1
A75: Kazchek | B75: 0.011344003 | C75: -0.028511647 | D75: -0.078038079 | E75: 0.0019844683 | F75: -0.011083226 | G75: 0.13487456 | H75: 0.19617245 | I75: -0.071735889 | J75: 0.0064768303 | K75: 0.21599591 | L75: 0.097158275 | M75: 0.042631064 | N75: 0.14941572 | O75: -0.037932755 | P75: 0.16955247 | Q75: 0.096464346 | R75: 0.12260019 | S75: -0.062365404 | T75: -0.00020827745 | U75: 0.20753474 | V75: 0.11336648 | W75: 0.25785412 | X75: 0.040030044 | Y75: -0.098792168 | Z75: -0.017487912 | AA75: 0.022062444 | AB75: 0.042238115 | AC75: -0.091416524 | AD75: -0.011158563 | AE75: -0.037308482 | AF75: -0.05270398 | AG75: -0.006328563 | AH75: -0.095031705 | AI75: 0.11235713 | AJ75: -0.056523041 | AK75: 0.093700552 | AL75: 0.012969616 | AM75: -0.068810607 | AN75: 0.031485327 | AO75: -0.14485895 | AP75: -0.16374251 | AQ75: -0.11245138 | AR75: -0.098458666 | AS75: -0.15014503 | AT75: -0.14455856 | AU75: -0.11387375 | AV75: 0.043434704 | AW75: -0.079003276 | AX75: -0.06593025 | AY75: -0.061458863 | AZ75: 0.06819868 | BA75: -0.057250213 | BB75: -0.058625463 | BC75: 0.093306295 | BD75: -0.032540403 | BE75: -0.020962418 | BF75: -0.03564481 | BG75: 0.0836439 | BH75: -0.084117595 | BI75: -0.090536151 | BJ75: -0.23160831 | BK75: 0.13164687 | BL75: -0.14356638 | BM75: -0.01930633 | BN75: 0.1663055 | BO75: 0.0046062466 | BP75: -0.098765556 | BQ75: -0.017372493 | BR75: -0.050890846 | BS75: 0.02022822 | BT75: -0.24022404 | BU75: -0.23370083 | BV75: 0.10318975 | BW75: 1
A76: Kuzkwa | B76: 0.097612361 | C76: -0.099292908 | D76: 0.10820392 | E76: 0.39844548 | F76: 0.17160481 | G76: 0.40692658 | H76: 0.34469754 | I76: 0.44474932 | J76: 0.023423602 | K76: 0.18152641 | L76: 0.43232328 | M76: 0.13591433 | N76: 0.044168849 | O76: 0.10711448 | P76: 0.28478482 | Q76: 0.097309051 | R76: 0.35161228 | S76: 0.10371867 | T76: 0.4258415 | U76: 0.1232095 | V76: 0.37725483 | W76: 0.11691106 | X76: -0.2274491 | Y76: -0.013824075 | Z76: 0.13221975 | AA76: -0.042483547 | AB76: -0.097006081 | AC76: 0.3532804 | AD76: 0.21187141 | AE76: -0.013598562 | AF76: 0.32103312 | AG76: 0.10498956 | AH76: 0.13175361 | AI76: 0.0074429566 | AJ76: -0.29900061 | AK76: 0.10335053 | AL76: 0.1139515 | AM76: -0.23171994 | AN76: 0.047683486 | AO76: 0.3444586 | AP76: 0.10693852 | AQ76: 0.10854527 | AR76: 0.1604318 | AS76: 0.27290351 | AT76: 0.20253587 | AU76: 0.18755832 | AV76: -0.0095110203 | AW76: -0.0038340197 | AX76: -0.12653626 | AY76: -0.0034212484 | AZ76: 0.32254758 | BA76: 0.27870683 | BB76: 0.50628173 | BC76: 0.1827494 | BD76: 0.421952 | BE76: 0.2808464 | BF76: 0.0020137503 | BG76: 0.40478396 | BH76: 0.15548265 | BI76: 0.11989811 | BJ76: 0.22935147 | BK76: 0.03229162 | BL76: 0.25480527 | BM76: 0.46643851 | BN76: 0.35811424 | BO76: -0.064753262 | BP76: 0.17453137 | BQ76: 0.35620676 | BR76: 0.23962932 | BS76: 0.01312272 | BT76: -0.29773196 | BU76: -0.097677401 | BV76: 0.23490762 | BW76: 0.47842782 | BX76: 1
A77: Narcosli | B77: 0.50893065 | C77: 0.41059338 | D77: 0.57171225 | E77: 0.49757319 | F77: 0.62104736 | G77: 0.21110292 | H77: 0.34240367 | I77: 0.53313522 | J77: 0.27473494 | K77: 0.4498948 | L77: 0.67950303 | M77: 0.5363791 | N77: 0.50497811 | O77: 0.48261859 | P77: 0.54553527 | Q77: 0.39937014 | R77: 0.52347026 | S77: 0.22322995 | T77: 0.094893793 | U77: 0.20121196 | V77: 0.29917598 | W77: 0.43166806 | X77: 0.43385287 | Y77: 0.45983615 | Z77: 0.47387461 | AA77: 0.51193802 | AB77: 0.23804708 | AC77: 0.54041221 | AD77: 0.6784326 | AE77: 0.46080598 | AF77: 0.33054197 | AG77: -0.30109174 | AH77: 0.36914614 | AI77: 0.12665794 | AJ77: 0.1481655 | AK77: 0.62091001 | AL77: 0.45459928 | AM77: 0.35157279 | AN77: 0.35383435 | AO77: 0.064997192 | AP77: 0.35402699 | AQ77: 0.42361606 | AR77: 0.48899619 | AS77: 0.3789769 | AT77: 0.076609919 | AU77: 0.30366084 | AV77: 0.27620625 | AW77: -0.2873691 | AX77: -0.29111444 | AY77: -0.38968918 | AZ77: -0.35951109 | BA77: 0.46241251 | BB77: 0.45303268 | BC77: 0.56184789 | BD77: 0.52549922 | BE77: 0.54105171 | BF77: 0.29888138 | BG77: 0.0075364577 | BH77: -0.016371922 | BI77: 0.50889006 | BJ77: -0.075484193 | BK77: 0.27898087 | BL77: -0.17030659 | BM77: 0.20952111 | BN77: 0.19726912 | BO77: 0.068724529 | BP77: 0.38482694 | BQ77: 0.52254644 | BR77: 0.769601 | BS77: 0.24506631 | BT77: 0.071150169 | BU77: 0.01582639 | BV77: 0.44241398 | BW77: -0.0087316281 | BX77: 0.23873515 | BY77: 1
A78: Naver | B78: 0.49528096 | C78: 0.033483193 | D78: 0.27739319 | E78: 0.51009287 | F78: 0.36916101 | G78: 0.21334036 | H78: 0.39346921 | I78: 0.35621974 | J78: 0.5437511 | K78: 0.3545496 | L78: 0.56482015 | M78: 0.35104897 | N78: 0.11889828 | O78: 0.24425558 | P78: 0.4242638 | Q78: 0.38128111 | R78: 0.46293308 | S78: 0.220185 | T78: 0.019467298 | U78: 0.089625121 | V78: 0.15320674 | W78: 0.14016603 | X78: 0.038675025 | Y78: 0.41249268 | Z78: 0.29159499 | AA78: 0.14198807 | AB78: 0.013960325 | AC78: 0.49940243 | AD78: 0.5884168 | AE78: 0.16088479 | AF78: 0.28294165 | AG78: -0.1476224 | AH78: 0.22039864 | AI78: 0.10754602 | AJ78: 0.067706171 | AK78: 0.38420623 | AL78: 0.3648687 | AM78: 0.055952965 | AN78: 0.115563 | AO78: 0.25529111 | AP78: 0.19431401 | AQ78: 0.17960287 | AR78: 0.15698129 | AS78: 0.40785892 | AT78: 0.099619257 | AU78: 0.092553543 | AV78: 0.02313574 | AW78: -0.18846349 | AX78: -0.27215243 | AY78: -0.20594691 | AZ78: -0.0084588995 | BA78: 0.24599331 | BB78: 0.29357728 | BC78: 0.25958265 | BD78: 0.40608197 | BE78: 0.15223106 | BF78: -0.014547704 | BG78: 0.004951429 | BH78: 0.1248829 | BI78: 0.3886728 | BJ78: 0.1349639 | BK78: 0.20249619 | BL78: -0.01347836 | BM78: 0.14364435 | BN78: 0.18577071 | BO78: -0.050193713 | BP78: 0.11029057 | BQ78: 0.41549042 | BR78: 0.53831484 | BS78: 0.29447047 | BT78: -0.027210868 | BU78: 0.13064648 | BV78: 0.26382165 | BW78: -0.025715735 | BX78: 0.24449628 | BY78: 0.41014915 | BZ78: 1
A79: Pinchi | B79: 0.19533872 | C79: -0.05117325 | D79: 0.012258774 | E79: 0.12605577 | F79: 0.15902514 | G79: 0.3022455 | H79: 0.18009828 | I79: 0.029416058 | J79: 0.29787538 | K79: 0.35905877 | L79: 0.1436911 | M79: -0.03528059 | N79: 0.21065936 | O79: -0.021096324 | P79: 0.23525937 | Q79: 0.25995246 | R79: 0.27854338 | S79: 0.0019864738 | T79: 0.052028632 | U79: 0.31536824 | V79: 0.25381543 | W79: 0.20017001 | X79: 0.08823254 | Y79: 0.018637245 | Z79: 0.10117992 | AA79: 0.13225104 | AB79: -0.00029084247 | AC79: 0.10055618 | AD79: 0.11894216 | AE79: 0.16034935 | AF79: 0.054308621 | AG79: -0.053099568 | AH79: 0.070940166 | AI79: 0.045106151 | AJ79: -0.0018862699 | AK79: 0.30418386 | AL79: 0.17665106 | AM79: 0.222855 | AN79: 0.23973052 | AO79: -0.064767995 | AP79: 0.036182736 | AQ79: 0.12834167 | AR79: -0.053969007 | AS79: -0.0070733312 | AT79: -0.052963455 | AU79: -0.0056183884 | AV79: 0.12175752 | AW79: -0.13292298 | AX79: -0.085317892 | AY79: -0.092863213 | AZ79: -0.0083901599 | BA79: 0.12931316 | BB79: 0.06235477 | BC79: -0.026413315 | BD79: 0.10883041 | BE79: 0.061772747 | BF79: -0.13350821 | BG79: -0.017695249 | BH79: 0.059934408 | BI79: -0.22038049 | BJ79: -0.10130245 | BK79: 0.58193194 | BL79: -0.10467511 | BM79: 0.10479839 | BN79: 0.1152524 | BO79: 0.043929929 | BP79: 0.0071267686 | BQ79: 0.040187956 | BR79: 0.096859914 | BS79: 0.12013494 | BT79: -0.086599646 | BU79: -0.11671291 | BV79: 0.028573024 | BW79: 0.41046665 | BX79: 0.38431852 | BY79: 0.15459116 | BZ79: 0.12113077 | CA79: 1
A80: Sloquet | B80: 0.49576588 | C80: 0.14402129 | D80: 0.44869488 | E80: 0.64651912 | F80: 0.59947925 | G80: 0.34179886 | H80: 0.43067747 | I80: 0.5272567 | J80: 0.31994773 | K80: 0.35667165 | L80: 0.61008805 | M80: 0.40786797 | N80: 0.41734401 | O80: 0.51748147 | P80: 0.58395643 | Q80: 0.56302092 | R80: 0.50605416 | S80: 0.35064327 | T80: 0.39444299 | U80: -0.032627723 | V80: 0.21117749 | W80: 0.19802301 | X80: 0.17755071 | Y80: 0.3832918 | Z80: 0.46846033 | AA80: 0.34239416 | AB80: 0.072660919 | AC80: 0.70392101 | AD80: 0.48266689 | AE80: 0.22421965 | AF80: 0.57539014 | AG80: -0.038595605 | AH80: 0.64107742 | AI80: 0.0064089733 | AJ80: -0.096870236 | AK80: 0.41393989 | AL80: 0.5902647 | AM80: 0.18554381 | AN80: 0.40896914 | AO80: 0.41514927 | AP80: 0.37301047 | AQ80: 0.37814814 | AR80: 0.43286575 | AS80: 0.5574844 | AT80: 0.37951046 | AU80: 0.36492935 | AV80: 0.1521336 | AW80: -0.038416046 | AX80: -0.098918497 | AY80: -0.05277209 | AZ80: 0.15885178 | BA80: 0.47340855 | BB80: 0.48493649 | BC80: 0.41627454 | BD80: 0.70460773 | BE80: 0.58511506 | BF80: 0.080012349 | BG80: 0.028726238 | BH80: 0.056468673 | BI80: 0.37856172 | BJ80: 0.2449328 | BK80: 0.20879388 | BL80: 0.13281892 | BM80: 0.50854605 | BN80: 0.51332301 | BO80: 0.165016 | BP80: 0.33787787 | BQ80: 0.48246233 | BR80: 0.35793589 | BS80: 0.51205776 | BT80: 0.24172956 | BU80: 0.21145772 | BV80: 0.53586836 | BW80: -0.10188775 | BX80: 0.22847441 | BY80: 0.38779024 | BZ80: 0.3108186 | CA80: 0.075006102 | CB80: 1
A81: Small | B81: 0.43038487 | C81: 0.48057648 | D81: 0.66460163 | E81: 0.27429676 | F81: 0.56434565 | G81: 0.20809906 | H81: 0.15428666 | I81: 0.39543135 | J81: 0.01404884 | K81: 0.48062505 | L81: 0.46324317 | M81: 0.12555131 | N81: 0.33555742 | O81: 0.36540352 | P81: 0.40382339 | Q81: 0.13785834 | R81: 0.23456834 | S81: 0.14130541 | T81: -0.014452972 | U81: -0.0064768727 | V81: 0.407724 | W81: 0.33759743 | X81: 0.38178713 | Y81: 0.18725457 | Z81: 0.45152994 | AA81: 0.43839355 | AB81: 0.13827446 | AC81: 0.16468912 | AD81: 0.51229338 | AE81: 0.12895035 | AF81: 0.022941312 | AG81: -0.36635433 | AH81: 0.14766006 | AI81: 0.59095161 | AJ81: 0.52727739 | AK81: 0.63649923 | AL81: 0.28138607 | AM81: 0.4338093 | AN81: 0.16551171 | AO81: 0.030433221 | AP81: 0.029114316 | AQ81: 0.079280645 | AR81: 0.149379 | AS81: 0.21270404 | AT81: -0.029319225 | AU81: 0.19961965 | AV81: 0.20387376 | AW81: -0.39949599 | AX81: -0.28450437 | AY81: -0.31217782 | AZ81: -0.12366663 | BA81: 0.15578786 | BB81: 0.010870153 | BC81: 0.39281756 | BD81: 0.11356619 | BE81: 0.25666414 | BF81: 0.34488619 | BG81: 0.048547167 | BH81: 0.10295607 | BI81: 0.39489966 | BJ81: -0.31618694 | BK81: 0.25064936 | BL81: 0.12297485 | BM81: -0.034788383 | BN81: -0.2636982 | BO81: 0.011944465 | BP81: 0.20543168 | BQ81: 0.14147839 | BR81: 0.38069656 | BS81: 0.15231644 | BT81: -0.15904425 | BU81: 0.25443219 | BV81: 0.46607586 | BW81: -0.13469918 | BX81: 0.029865289 | BY81: 0.42077158 | BZ81: 0.20150943 | CA81: -0.028984032 | CB81: 0.19856775 | CC81: 1
A82: Tipella | B82: -0.035574803 | C82: -0.06231984 | D82: -0.040034798 | E82: 0.38422257 | F82: 0.021946376 | G82: 0.24970262 | H82: 0.22330372 | I82: 0.043603574 | J82: 0.1627845 | K82: 0.053231825 | L82: 0.29167459 | M82: -0.060172347 | N82: 0.045555147 | O82: 0.23031176 | P82: 0.22831133 | Q82: 0.35362962 | R82: 0.44549506 | S82: -0.21061788 | T82: 0.27538642 | U82: -0.060498019 | V82: 0.049445214 | W82: -0.0422595 | X82: -0.080713784 | Y82: 0.048166856 | Z82: 0.031136137 | AA82: -0.12117091 | AB82: 0.024831679 | AC82: 0.40878363 | AD82: -0.031483743 | AE82: -0.097414087 | AF82: 0.29766954 | AG82: 0.098466194 | AH82: 0.36998515 | AI82: -0.076787415 | AJ82: -0.02865125 | AK82: 0.14061629 | AL82: 0.14856077 | AM82: 0.019322658 | AN82: 0.22899892 | AO82: 0.3942796 | AP82: -0.032132091 | AQ82: -0.0006620079 | AR82: 0.068107429 | AS82: -0.038384815 | AT82: -0.048865287 | AU82: 0.082242964 | AV82: -0.040268241 | AW82: -0.087176286 | AX82: -0.028961679 | AY82: -0.029791991 | AZ82: 0.039603816 | BA82: 0.17742251 | BB82: 0.26067902 | BC82: 0.17050876 | BD82: 0.62246904 | BE82: 0.2872289 | BF82: 0.011947423 | BG82: -0.030228861 | BH82: -0.10727867 | BI82: 0.14710928 | BJ82: 0.096847524 | BK82: 0.025340041 | BL82: 0.10668447 | BM82: 0.58781262 | BN82: 0.43794324 | BO82: 0.027143169 | BP82: 0.060681313 | BQ82: 0.36749902 | BR82: 0.056493888 | BS82: 0.0716388 | BT82: -0.14767118 | BU82: -0.053662907 | BV82: 0.16996005 | BW82: 0.1059959 | BX82: 0.27911358 | BY82: 0.072469952 | BZ82: 0.071032182 | CA82: 0.12200386 | CB82: 0.5328581 | CC82: -0.12584545 | CD82: 1
A83: Wap | B83: 0.32163168 | C83: -0.024947507 | D83: 0.18776628 | E83: 0.16644117 | F83: 0.17026861 | G83: 0.14595126 | H83: 0.14987689 | I83: 0.57093264 | J83: 0.082993595 | K83: 0.040007833 | L83: 0.29789213 | M83: 0.23813607 | N83: -0.026794166 | O83: 0.050898907 | P83: 0.23688487 | Q83: 0.14093167 | R83: 0.11923357 | S83: 0.13470332 | T83: 0.20629095 | U83: 0.029268728 | V83: 0.22136626 | W83: 0.12980746 | X83: -0.22006752 | Y83: 0.16503484 | Z83: 0.085401463 | AA83: -0.049602416 | AB83: -0.078310501 | AC83: 0.32082743 | AD83: 0.3680345 | AE83: -0.014405392 | AF83: 0.14763204 | AG83: 0.0469088 | AH83: 0.18842378 | AI83: 0.084315691 | AJ83: -0.26688619 | AK83: 0.0082729938 | AL83: 0.22476006 | AM83: -0.031876839 | AN83: 0.1176835 | AO83: 0.62159345 | AP83: 0.46350624 | AQ83: 0.48693336 | AR83: 0.40098541 | AS83: 0.43628818 | AT83: 0.39247781 | AU83: 0.12536383 | AV83: 0.10613962 | AW83: 0.043709864 | AX83: -0.045199401 | AY83: 0.044023654 | AZ83: 0.21788927 | BA83: 0.22205682 | BB83: 0.46446633 | BC83: 0.24877196 | BD83: 0.40310327 | BE83: 0.32489539 | BF83: 0.10706428 | BG83: 0.10423675 | BH83: 0.22814194 | BI83: 0.13225071 | BJ83: 0.43226555 | BK83: 0.013678055 | BL83: 0.28342511 | BM83: 0.57101062 | BN83: 0.21274278 | BO83: 0.074390105 | BP83: -0.028001816 | BQ83: 0.25143123 | BR83: 0.53977941 | BS83: 0.32231789 | BT83: 0.049400306 | BU83: 0.25499247 | BV83: 0.47701394 | BW83: -0.10179472 | BX83: 0.38541792 | BY83: 0.31501077 | BZ83: 0.43663656 | CA83: -0.014718074 | CB83: 0.35495822 | CC83: 0.16372917 | CD83: 0.010885671 | CE83: 1
A84: McKinley | B84: 0.53296504 | C84: 0.60542504 | D84: 0.35161804 | E84: -0.050881944 | F84: 0.37318045 | G84: 0.098607635 | H84: -0.0080873818 | I84: 0.21235119 | J84: 0.30233857 | K84: 0.17376482 | L84: 0.3158866 | M84: 0.45776013 | N84: 0.47852066 | O84: 0.50361867 | P84: 0.33133703 | Q84: 0.38051566 | R84: 0.078274615 | S84: 0.18323717 | T84: -0.12236548 | U84: 0.089062974 | V84: 0.21417608 | W84: 0.33782897 | X84: 0.63318369 | Y84: 0.48455611 | Z84: 0.45869841 | AA84: 0.6054842 | AB84: 0.52963019 | AC84: 0.11605057 | AD84: 0.43227638 | AE84: 0.48636387 | AF84: 0.0069800806 | AG84: -0.34819187 | AH84: 0.26660805 | AI84: 0.24980444 | AJ84: 0.26126514 | AK84: 0.33078324 | AL84: 0.45648744 | AM84: 0.61064777 | AN84: 0.52316212 | AO84: 0.09411371 | AP84: 0.27999481 | AQ84: 0.33073202 | AR84: 0.59276107 | AS84: 0.33609976 | AT84: 0.0033936042 | AU84: 0.29882299 | AV84: 0.59977376 | AW84: -0.3336221 | AX84: -0.23171244 | AY84: -0.38868943 | AZ84: -0.39645604 | BA84: 0.24335177 | BB84: 0.071385787 | BC84: 0.3183827 | BD84: 0.13255797 | BE84: 0.28645158 | BF84: 0.26360359 | BG84: -0.28548579 | BH84: -0.10606633 | BI84: 0.3001959 | BJ84: -0.2572258 | BK84: 0.4687889 | BL84: -0.3431788 | BM84: 0.19549457 | BN84: -0.012183278 | BO84: 0.14171925 | BP84: 0.10504301 | BQ84: 0.25322942 | BR84: 0.49514284 | BS84: 0.13969996 | BT84: 0.11814255 | BU84: 0.20810517 | BV84: 0.4372344 | BW84: -0.033136142 | BX84: -0.077899012 | BY84: 0.52591154 | BZ84: 0.023845144 | CA84: 0.013407219 | CB84: 0.2955873 | CC84: 0.28852192 | CD84: 0.040993332 | CE84: 0.28911513 | CF84: 1
A85: Chehalis | B85: 0.37429582 | C85: 0.2208252 | D85: 0.27758864 | E85: 0.35197219 | F85: 0.46170673 | G85: 0.23796494 | H85: 0.23144829 | I85: 0.39852464 | J85: 0.16351128 | K85: 0.26097308 | L85: 0.44168109 | M85: 0.37319658 | N85: 0.374635 | O85: 0.36503508 | P85: 0.41190232 | Q85: 0.50793284 | R85: 0.39153418 | S85: 0.45921851 | T85: 0.28899449 | U85: 0.043609558 | V85: 0.24167568 | W85: 0.20012816 | X85: 0.12199264 | Y85: 0.24442594 | Z85: 0.38018477 | AA85: 0.34653519 | AB85: 0.055945514 | AC85: 0.57406762 | AD85: 0.34502287 | AE85: 0.24648492 | AF85: 0.41746688 | AG85: 0.029056565 | AH85: 0.42336282 | AI85: -0.12188161 | AJ85: -0.1207404 | AK85: 0.32586744 | AL85: 0.44020483 | AM85: 0.040018403 | AN85: 0.3340784 | AO85: 0.30583937 | AP85: 0.22472286 | AQ85: 0.095570514 | AR85: 0.22855322 | AS85: 0.40572776 | AT85: 0.16175645 | AU85: 0.20848452 | AV85: 0.067445869 | AW85: -0.061017735 | AX85: -0.094172717 | AY85: -0.013725432 | AZ85: 0.12423557 | BA85: 0.4239823 | BB85: 0.54509801 | BC85: 0.27673803 | BD85: 0.43438326 | BE85: 0.39712593 | BF85: 0.016671358 | BG85: 0.15896138 | BH85: 0.06129261 | BI85: 0.26090885 | BJ85: 0.19994896 | BK85: 0.18691851 | BL85: 0.072498372 | BM85: 0.28712651 | BN85: 0.4619948 | BO85: 0.12863812 | BP85: 0.2302004 | BQ85: 0.44811011 | BR85: 0.34272896 | BS85: 0.22343628 | BT85: 0.25583682 | BU85: 0.023925067 | BV85: 0.38082102 | BW85: 0.20780076 | BX85: 0.4017626 | BY85: 0.38225549 | BZ85: 0.21698994 | CA85: 0.18227301 | CB85: 0.53156457 | CC85: 0.095932398 | CD85: 0.2814024 | CE85: 0.31811431 | CF85: 0.32304734 | CG85: 1

Sheet RunSize_by_Stock
A1: Year | B1: Swift | C1: Fraser | D1: Horsey | E1: Nevin | F1: Holmes | G1: McKale | H1: Twin | I1: Goat | J1: Morkill | K1: Walker | L1: Torpy | M1: Dome | N1: Slim | O1: Bowron | P1: McGregor | Q1: Willow | R1: Salmon (PG) | S1: Stuart | T1: Nechako | U1: Stellako | V1: Endako | W1: Chilako | X1: Blackwater | Y1: Cottonwood | Z1: Quesnel | AA1: Cariboo | AB1: Horsefly | AC1: Chilko | AD1: Chilcotin Upper | AE1: Chilcotin Lower | AF1: Elkin | AG1: Taseko | AH1: Bridge | AI1: Portage | AJ1: Seton | AK1: Mahood | AL1: Clearwater | AM1: Finn | AN1: Raft | AO1: Barriere | AP1: Louis | AQ1: North Thompson | AR1: Bessette | AS1: Middle Shuswap | AT1: Lower Shuswap | AU1: Eagle | AV1: Salmon (ST) | AW1: Adams | AX1: Little River | AY1: South Thompson | AZ1: Lower Thompson | BA1: Deadman | BB1: Bonaparte | BC1: Coldwater | BD1: Spius | BE1: Nicola | BF1: Nahatlatch | BG1: Maria Slough | BH1: Birkenhead | BI1: Harrison | BJ1: Chilliwack | BK1: Pitt | BL1: Blue | BM1: Lemieux | BN1: Upper Adams | BO1: Scotch | BP1: Seymour | BQ1: Stave | BR1: Baker | BS1: Big Silver | BT1: Chilliwack Su | BU1: Douglas | BV1: Holliday | BW1: Kazchek | BX1: Kuzkwa | BY1: Narcosli | BZ1: Naver | CA1: Pinchi | CB1: Sloquet | CC1: Small | CD1: Tipella | CE1: Wap | CF1: McKinley | CG1: Chehalis | CH1: Total
A2: 1979 | B2: 941 | C2: 3564 | D2: 67 | E2: 51 | F2: 1135 | G2: 26 | H2: 64 | I2: 38 | J2: 519 | K2: 497 | L2: 1920 | M2: 510 | N2: 3065 | O2: 3202 | P2: 3747 | Q2: 1649 | R2: 1396 | S2: 1392 | T2: 3231 | U2: 134 | V2: 159 | W2: 709 | X2: 5787 | Y2: 618 | Z2: 1853 | AA2: 710 | AB2: 622 | AC2: 7556 | AD2: 516 | AE2: 4930 | AF2: 387 | AG2: 0 | AH2: 377 | AI2: 430 | AJ2: 118 | AK2: 473 | AL2: 2744 | AM2: 789 | AN2: 302 | AO2: 26 | AP2: 107 | AQ2: 2152 | AR2: 137 | AS2: 1212 | AT2: 31293 | AU2: 609 | AV2: 724 | AW2: 1958 | AX2: 1259 | AY2: 10792 | AZ2: 4742 | BA2: 173 | BB2: 0 | BC2: 2415 | BD2: 403 | BE2: 9690 | BF2: 42 | BG2: 138 | BH2: 572 | BI2: 81653 | BJ2: 72 | BK2: 299 | BL2: 28 | BM2: 0 | BN2: 51 | BO2: 49 | BP2: 22 | BQ2: 288 | BR2: 387 | BS2: 138 | BT2: 1033 | BU2: 8 | BV2: 43 | BW2: 46 | BX2: 139 | BY2: 317 | BZ2: 397 | CA2: 46 | CB2: 37 | CC2: 70 | CD2: 0 | CE2: 21 | CF2: 56 | CG2: 729 | CH2: 210601
A3: 1980 | B3: 516 | C3: 4520 | D3: 30 | E3: 16 | F3: 668 | G3: 5 | H3: 0 | I3: 116 | J3: 564 | K3: 328 | L3: 748 | M3: 291 | N3: 2178 | O3: 2682 | P3: 1047 | Q3: 627 | R3: 555 | S3: 2266 | T3: 2423 | U3: 58 | V3: 58 | W3: 702 | X3: 1960 | Y3: 890 | Z3: 3009 | AA3: 755 | AB3: 393 | AC3: 6454 | AD3: 550 | AE3: 2524 | AF3: 285 | AG3: 0 | AH3: 82 | AI3: 354 | AJ3: 355 | AK3: 194 | AL3: 3320 | AM3: 703 | AN3: 233 | AO3: 17 | AP3: 138 | AQ3: 1098 | AR3: 83 | AS3: 789 | AT3: 9708 | AU3: 286 | AV3: 410 | AW3: 989 | AX3: 1623 | AY3: 12174 | AZ3: 6426 | BA3: 415 | BB3: 125 | BC3: 2278 | BD3: 642 | BE3: 7877 | BF3: 215 | BG3: 231 | BH3: 485 | BI3: 70042 | BJ3: 93 | BK3: 216 | BL3: 23 | BM3: 12 | BN3: 18 | BO3: 27 | BP3: 24 | BQ3: 229 | BR3: 401 | BS3: 32 | BT3: 1201 | BU3: 10 | BV3: 25 | BW3: 3 | BX3: 31 | BY3: 328 | BZ3: 411 | CA3: 11 | CB3: 0 | CC3: 118 | CD3: 0 | CE3: 6 | CF3: 38 | CG3: 848 | CH3: 162615
A4: 1981 | B4: 452 | C4: 2831 | D4: 30 | E4: 8 | F4: 630 | G4: 16 | H4: 16 | I4: 31 | J4: 233 | K4: 222 | L4: 797 | M4: 16 | N4: 2123 | O4: 2351 | P4: 1168 | Q4: 768 | R4: 266 | S4: 213 | T4: 4025 | U4: 36 | V4: 52 | W4: 286 | X4: 3143 | Y4: 459 | Z4: 1307 | AA4: 449 | AB4: 290 | AC4: 6223 | AD4: 218 | AE4: 1462 | AF4: 292 | AG4: 0 | AH4: 608 | AI4: 326 | AJ4: 104 | AK4: 303 | AL4: 4501 | AM4: 1536 | AN4: 289 | AO4: 144 | AP4: 185 | AQ4: 3340 | AR4: 85 | AS4: 998 | AT4: 12654 | AU4: 392 | AV4: 563 | AW4: 1115 | AX4: 631 | AY4: 9458 | AZ4: 2991 | BA4: 46 | BB4: 46 | BC4: 453 | BD4: 226 | BE4: 6234 | BF4: 44 | BG4: 31 | BH4: 282 | BI4: 109133 | BJ4: 72 | BK4: 364 | BL4: 0 | BM4: 22 | BN4: 0 | BO4: 0 | BP4: 0 | BQ4: 384 | BR4: 151 | BS4: 148 | BT4: 1055 | BU4: 8 | BV4: 21 | BW4: 3 | BX4: 20 | BY4: 123 | BZ4: 154 | CA4: 13 | CB4: 37 | CC4: 44 | CD4: 0 | CE4: 11 | CF4: 36 | CG4: 745 | CH4: 190542
A5: 1982 | B5: 738 | C5: 2738 | D5: 19 | E5: 52 | F5: 1186 | G5: 52 | H5: 26 | I5: 66 | J5: 481 | K5: 232 | L5: 393 | M5: 108 | N5: 2653 | O5: 2471 | P5: 2078 | Q5: 760 | R5: 500 | S5: 1595 | T5: 3664 | U5: 27 | V5: 93 | W5: 220 | X5: 3089 | Y5: 413 | Z5: 2889 | AA5: 1030 | AB5: 708 | AC5: 10133 | AD5: 208 | AE5: 1402 | AF5: 546 | AG5: 0 | AH5: 168 | AI5: 647 | AJ5: 182 | AK5: 526 | AL5: 6299 | AM5: 2422 | AN5: 730 | AO5: 0 | AP5: 215 | AQ5: 4922 | AR5: 25 | AS5: 1265 | AT5: 6395 | AU5: 1037 | AV5: 1139 | AW5: 1106 | AX5: 228 | AY5: 7963 | AZ5: 2704 | BA5: 1000 | BB5: 250 | BC5: 1244 | BD5: 311 | BE5: 7789 | BF5: 27 | BG5: 86 | BH5: 948 | BI5: 130672 | BJ5: 86 | BK5: 326 | BL5: 187 | BM5: 8 | BN5: 18 | BO5: 0 | BP5: 37 | BQ5: 465 | BR5: 155 | BS5: 31 | BT5: 1233 | BU5: 38 | BV5: 22 | BW5: 7 | BX5: 40 | BY5: 127 | BZ5: 159 | CA5: 25 | CB5: 38 | CC5: 111 | CD5: 0 | CE5: 7 | CF5: 59 | CG5: 871 | CH5: 224920
A6: 1983 | B6: 878 | C6: 5620 | D6: 125 | E6: 57 | F6: 1407 | G6: 19 | H6: 13 | I6: 13 | J6: 774 | K6: 160 | L6: 1275 | M6: 97 | N6: 2613 | O6: 6627 | P6: 1107 | Q6: 1132 | R6: 327 | S6: 684 | T6: 1554 | U6: 0 | V6: 74 | W6: 116 | X6: 7269 | Y6: 1193 | Z6: 2865 | AA6: 973 | AB6: 396 | AC6: 8624 | AD6: 363 | AE6: 2066 | AF6: 432 | AG6: 0 | AH6: 258 | AI6: 206 | AJ6: 76 | AK6: 371 | AL6: 4966 | AM6: 883 | AN6: 216 | AO6: 80 | AP6: 29 | AQ6: 3234 | AR6: 142 | AS6: 508 | AT6: 7303 | AU6: 317 | AV6: 433 | AW6: 445 | AX6: 259 | AY6: 7765 | AZ6: 3948 | BA6: 230 | BB6: 45 | BC6: 1013 | BD6: 189 | BE6: 3482 | BF6: 36 | BG6: 72 | BH6: 869 | BI6: 45257 | BJ6: 196 | BK6: 313 | BL6: 137 | BM6: 12 | BN6: 14 | BO6: 0 | BP6: 0 | BQ6: 147 | BR6: 268 | BS6: 89 | BT6: 1064 | BU6: 18 | BV6: 35 | BW6: 0 | BX6: 17 | BY6: 219 | BZ6: 275 | CA6: 0 | CB6: 18 | CC6: 112 | CD6: 0 | CE6: 5 | CF6: 67 | CG6: 751 | CH6: 135242
A7: 1984 | B7: 1328 | C7: 7106 | D7: 277 | E7: 67 | F7: 1952 | G7: 13 | H7: 50 | I7: 145 | J7: 167 | K7: 447 | L7: 1669 | M7: 226 | N7: 2153 | O7: 7015 | P7: 1807 | Q7: 475 | R7: 981 | S7: 845 | T7: 3404 | U7: 0 | V7: 448 | W7: 178 | X7: 7020 | Y7: 1019 | Z7: 3752 | AA7: 1023 | AB7: 357 | AC7: 6677 | AD7: 347 | AE7: 2059 | AF7: 446 | AG7: 0 | AH7: 744 | AI7: 573 | AJ7: 479 | AK7: 672 | AL7: 4682 | AM7: 2326 | AN7: 760 | AO7: 114 | AP7: 116 | AQ7: 1921 | AR7: 184 | AS7: 1333 | AT7: 13137 | AU7: 1132 | AV7: 985 | AW7: 1280 | AX7: 584 | AY7: 14019 | AZ7: 6227 | BA7: 1941 | BB7: 976 | BC7: 782 | BD7: 335 | BE7: 5496 | BF7: 64 | BG7: 50 | BH7: 669 | BI7: 132965 | BJ7: 899 | BK7: 0 | BL7: 23 | BM7: 15 | BN7: 29 | BO7: 55 | BP7: 18 | BQ7: 460 | BR7: 285 | BS7: 83 | BT7: 1259 | BU7: 10 | BV7: 38 | BW7: 0 | BX7: 0 | BY7: 233 | BZ7: 292 | CA7: 0 | CB7: 45 | CC7: 280 | CD7: 0 | CE7: 11 | CF7: 90 | CG7: 889 | CH7: 253013
A8: 1985 | B8: 1325 | C8: 6928 | D8: 359 | E8: 111 | F8: 2665 | G8: 6 | H8: 55 | I8: 94 | J8: 443 | K8: 556 | L8: 1664 | M8: 501 | N8: 5671 | O8: 9891 | P8: 4676 | Q8: 1780 | R8: 415 | S8: 4739 | T8: 3763 | U8: 43 | V8: 377 | W8: 211 | X8: 8402 | Y8: 1655 | Z8: 3680 | AA8: 1829 | AB8: 321 | AC8: 6798 | AD8: 505 | AE8: 3165 | AF8: 561 | AG8: 0 | AH8: 1104 | AI8: 298 | AJ8: 159 | AK8: 398 | AL8: 6098 | AM8: 1734 | AN8: 764 | AO8: 73 | AP8: 286 | AQ8: 2289 | AR8: 362 | AS8: 1614 | AT8: 17494 | AU8: 1578 | AV8: 1847 | AW8: 1318 | AX8: 707 | AY8: 10991 | AZ8: 3107 | BA8: 1725 | BB8: 919 | BC8: 2792 | BD8: 135 | BE8: 8014 | BF8: 287 | BG8: 353 | BH8: 760 | BI8: 179691 | BJ8: 2100 | BK8: 0 | BL8: 100 | BM8: 33 | BN8: 37 | BO8: 72 | BP8: 64 | BQ8: 648 | BR8: 399 | BS8: 54 | BT8: 1838 | BU8: 15 | BV8: 54 | BW8: 8 | BX8: 0 | BY8: 326 | BZ8: 110 | CA8: 0 | CB8: 65 | CC8: 80 | CD8: 0 | CE8: 13 | CF8: 116 | CG8: 1298 | CH8: 327516
A9: 1986 | B9: 999 | C9: 7098 | D9: 194 | E9: 139 | F9: 3339 | G9: 45 | H9: 56 | I9: 167 | J9: 1113 | K9: 1112 | L9: 3339 | M9: 499 | N9: 6015 | O9: 14212 | P9: 4666 | Q9: 1758 | R9: 494 | S9: 3976 | T9: 3241 | U9: 89 | V9: 332 | W9: 176 | X9: 5799 | Y9: 1642 | Z9: 12928 | AA9: 1795 | AB9: 283 | AC9: 9673 | AD9: 573 | AE9: 5954 | AF9: 469 | AG9: 0 | AH9: 938 | AI9: 188 | AJ9: 206 | AK9: 609 | AL9: 7391 | AM9: 1711 | AN9: 795 | AO9: 6 | AP9: 175 | AQ9: 3171 | AR9: 354 | AS9: 1817 | AT9: 26459 | AU9: 1455 | AV9: 981 | AW9: 3472 | AX9: 501 | AY9: 9310 | AZ9: 5693 | BA9: 1195 | BB9: 1606 | BC9: 2815 | BD9: 610 | BE9: 9454 | BF9: 120 | BG9: 147 | BH9: 275 | BI9: 179968 | BJ9: 5195 | BK9: 317 | BL9: 23 | BM9: 28 | BN9: 44 | BO9: 83 | BP9: 73 | BQ9: 669 | BR9: 468 | BS9: 32 | BT9: 2248 | BU9: 18 | BV9: 63 | BW9: 8 | BX9: 161 | BY9: 383 | BZ9: 111 | CA9: 3 | CB9: 80 | CC9: 135 | CD9: 0 | CE9: 17 | CF9: 113 | CG9: 1587 | CH9: 365456
A10: 1987 | B10: 1181 | C10: 3826 | D10: 236 | E10: 128 | F10: 3470 | G10: 17 | H10: 122 | I10: 186 | J10: 2333 | K10: 576 | L10: 3252 | M10: 335 | N10: 4127 | O10: 16179 | P10: 4737 | Q10: 1942 | R10: 758 | S10: 6151 | T10: 2326 | U10: 56 | V10: 596 | W10: 247 | X10: 8963 | Y10: 3584 | Z10: 6598 | AA10: 1446 | AB10: 274 | AC10: 10949 | AD10: 701 | AE10: 6591 | AF10: 494 | AG10: 0 | AH10: 786 | AI10: 125 | AJ10: 195 | AK10: 363 | AL10: 4339 | AM10: 1787 | AN10: 732 | AO10: 56 | AP10: 40 | AQ10: 3231 | AR10: 0 | AS10: 2812 | AT10: 21049 | AU10: 1337 | AV10: 736 | AW10: 2622 | AX10: 262 | AY10: 11167 | AZ10: 4638 | BA10: 691 | BB10: 665 | BC10: 1183 | BD10: 793 | BE10: 5755 | BF10: 80 | BG10: 5 | BH10: 232 | BI10: 82056 | BJ10: 18443 | BK10: 366 | BL10: 58 | BM10: 0 | BN10: 41 | BO10: 86 | BP10: 76 | BQ10: 354 | BR10: 569 | BS10: 86 | BT10: 1838 | BU10: 0 | BV10: 67 | BW10: 6 | BX10: 12 | BY10: 199 | BZ10: 133 | CA10: 22 | CB10: 65 | CC10: 141 | CD10: 0 | CE10: 16 | CF10: 118 | CG10: 1298 | CH10: 264112
A11: 1988 | B11: 1742 | C11: 4363 | D11: 209 | E11: 161 | F11: 3085 | G11: 86 | H11: 80 | I11: 126 | J11: 2071 | K11: 911 | L11: 2293 | M11: 231 | N11: 5553 | O11: 7733 | P11: 3577 | Q11: 2180 | R11: 1301 | S11: 3621 | T11: 3167 | U11: 56 | V11: 352 | W11: 364 | X11: 7005 | Y11: 1461 | Z11: 7093 | AA11: 2269 | AB11: 274 | AC11: 10075 | AD11: 620 | AE11: 6644 | AF11: 347 | AG11: 0 | AH11: 718 | AI11: 258 | AJ11: 149 | AK11: 801 | AL11: 7927 | AM11: 2072 | AN11: 895 | AO11: 112 | AP11: 111 | AQ11: 2508 | AR11: 75 | AS11: 2632 | AT11: 27876 | AU11: 1388 | AV11: 1384 | AW11: 1801 | AX11: 486 | AY11: 14807 | AZ11: 7471 | BA11: 1543 | BB11: 1036 | BC11: 514 | BD11: 409 | BE11: 4358 | BF11: 53 | BG11: 71 | BH11: 613 | BI11: 38232 | BJ11: 16603 | BK11: 878 | BL11: 61 | BM11: 11 | BN11: 51 | BO11: 71 | BP11: 63 | BQ11: 191 | BR11: 464 | BS11: 87 | BT11: 1846 | BU11: 15 | BV11: 57 | BW11: 7 | BX11: 120 | BY11: 380 | BZ11: 476 | CA11: 149 | CB11: 66 | CC11: 124 | CD11: 0 | CE11: 22 | CF11: 100 | CG11: 1303 | CH11: 222495
A12: 1989 | B12: 1050 | C12: 6427 | D12: 124 | E12: 76 | F12: 1896 | G12: 43 | H12: 25 | I12: 63 | J12: 501 | K12: 95 | L12: 2391 | M12: 173 | N12: 2583 | O12: 9313 | P12: 2123 | Q12: 1713 | R12: 567 | S12: 2088 | T12: 3546 | U12: 17 | V12: 265 | W12: 62 | X12: 3888 | Y12: 972 | Z12: 4459 | AA12: 1517 | AB12: 488 | AC12: 4325 | AD12: 379 | AE12: 5201 | AF12: 244 | AG12: 0 | AH12: 950 | AI12: 429 | AJ12: 184 | AK12: 233 | AL12: 3524 | AM12: 1370 | AN12: 963 | AO12: 308 | AP12: 399 | AQ12: 2016 | AR12: 324 | AS12: 2975 | AT12: 24860 | AU12: 1226 | AV12: 2119 | AW12: 1762 | AX12: 515 | AY12: 13217 | AZ12: 4392 | BA12: 816 | BB12: 1346 | BC12: 1511 | BD12: 833 | BE12: 6568 | BF12: 61 | BG12: 71 | BH12: 594 | BI12: 77172 | BJ12: 3685 | BK12: 409 | BL12: 24 | BM12: 12 | BN12: 48 | BO12: 61 | BP12: 54 | BQ12: 289 | BR12: 319 | BS12: 60 | BT12: 1289 | BU12: 10 | BV12: 45 | BW12: 4 | BX12: 86 | BY12: 30 | BZ12: 327 | CA12: 13 | CB12: 46 | CC12: 53 | CD12: 0 | CE12: 19 | CF12: 80 | CG12: 910 | CH12: 215225
A13: 1990 | B13: 1324 | C13: 6792 | D13: 110 | E13: 22 | F13: 2326 | G13: 44 | H13: 77 | I13: 111 | J13: 1106 | K13: 222 | L13: 2214 | M13: 540 | N13: 5630 | O13: 8768 | P13: 1856 | Q13: 2262 | R13: 805 | S13: 7603 | T13: 3213 | U13: 0 | V13: 87 | W13: 652 | X13: 8655 | Y13: 1318 | Z13: 8783 | AA13: 3196 | AB13: 1185 | AC13: 8771 | AD13: 631 | AE13: 4919 | AF13: 292 | AG13: 0 | AH13: 468 | AI13: 299 | AJ13: 87 | AK13: 630 | AL13: 9642 | AM13: 1402 | AN13: 657 | AO13: 120 | AP13: 70 | AQ13: 1867 | AR13: 327 | AS13: 6346 | AT13: 30941 | AU13: 1868 | AV13: 1266 | AW13: 1917 | AX13: 529 | AY13: 7979 | AZ13: 5651 | BA13: 646 | BB13: 709 | BC13: 718 | BD13: 187 | BE13: 4303 | BF13: 59 | BG13: 33 | BH13: 415 | BI13: 181032 | BJ13: 2121 | BK13: 476 | BL13: 38 | BM13: 0 | BN13: 51 | BO13: 77 | BP13: 69 | BQ13: 653 | BR13: 395 | BS13: 103 | BT13: 2319 | BU13: 18 | BV13: 53 | BW13: 7 | BX13: 0 | BY13: 395 | BZ13: 132 | CA13: 0 | CB13: 78 | CC13: 101 | CD13: 0 | CE13: 21 | CF13: 331 | CG13: 1902 | CH13: 353022
... A46: 2023 | B46: 159 | C46: 1621 | D46: 0 | E46: 12 | F46: 578 | G46: 9 | H46: 11 | I46: 102 | J46: 196 | K46: 117 | L46: 732 | M46: 236 | N46: 1697 | O46: 4981 | P46: 1068 | Q46: 876 | R46: 412 | S46: 3462 | T46: 4063 | U46: 2 | V46: 31 | W46: 34 | X46: 1164 | Y46: 685 | Z46: 1439 | AA46: 992 | AB46: 57 | AC46: 7469 | AD46: 138 | AE46: 1754 | AF46: 463 | AG46: 282 | AH46: 98 | AI46: 122 | AJ46: 41 | AK46: 23 | AL46: 4607 | AM46: 50 | AN46: 85 | AO46: 41 | AP46: 256 | AQ46: 2404 | AR46: 8 | AS46: 3851 | AT46: 79909 | AU46: 968 | AV46: 296 | AW46: 23044 | AX46: 215978 | AY46: 344599 | AZ46: 14533 | BA46: 749 | BB46: 4645 | BC46: 683 | BD46: 788 | BE46: 4750 | BF46: 110 | BG46: 82 | BH46: 442 | BI46: 147063 | BJ46: 126217 | BK46: 70 | BL46: 421 | BM46: 30 | BN46: 6 | BO46: 640 | BP46: 18 | BQ46: 8 | BR46: 6 | BS46: 84 | BT46: 2698 | BU46: 3 | BV46: 0 | BW46: 5 | BX46: 19 | BY46: 76 | BZ46: 5 | CA46: 16 | CB46: 53 | CC46: 0 | CD46: 0 | CE46: 39 | CF46: 35 | CG46: 1164 | CH46: 1016680

Sheet Escapements
A1: Year | B1: Swift | C1: Fraser | D1: Horsey | E1: Nevin | F1: Holmes | G1: McKale | H1: Twin | I1: Goat | J1: Morkill | K1: Walker | L1: Torpy | M1: Dome | N1: Slim | O1: Bowron | P1: McGregor | Q1: Willow | R1: Salmon (PG) | S1: Stuart | T1: Nechako | U1: Stellako | V1: Endako | W1: Chilako | X1: Blackwater | Y1: Cottonwood | Z1: Quesnel | AA1: Cariboo | AB1: Horsefly | AC1: Chilko | AD1: Chilcotin Upper | AE1: Chilcotin Lower | AF1: Elkin | AG1: Taseko | AH1: Bridge | AI1: Portage | AJ1: Seton | AK1: Mahood | AL1: Clearwater | AM1: Finn | AN1: Raft | AO1: Barriere | AP1: Louis | AQ1: North Thompson | AR1: Bessette | AS1: Middle Shuswap | AT1: Lower Shuswap | AU1: Eagle | AV1: Salmon (ST) | AW1: Adams | AX1: Little River | AY1: South Thompson | AZ1: Lower Thompson | BA1: Deadman | BB1: Bonaparte | BC1: Coldwater | BD1: Spius | BE1: Nicola | BF1: Nahatlatch | BG1: Maria Slough | BH1: Birkenhead | BI1: Harrison | BJ1: Chilliwack | BK1: Pitt | BL1: Blue | BM1: Lemieux | BN1: Upper Adams | BO1: Scotch | BP1: Seymour | BQ1: Stave | BR1: Baker | BS1: Big Silver | BT1: Chilliwack Su | BU1: Douglas | BV1: Holliday | BW1: Kazchek | BX1: Kuzkwa | BY1: Narcosli | BZ1: Naver | CA1: Pinchi | CB1: Sloquet | CC1: Small | CD1: Tipella | CE1: Wap | CF1: McKinley | CG1: Chehalis | CI1: Spring 5.2 | CJ1: Summer 5.2 | CK1: Spring 4.2 | CL1: Summer 4.1 | CM1: Fall
A3: 1979 | B3: 350 | C3: 1800 | D3: 25 | E3: 20 | F3: 450 | G3: 10 | H3: 25 | I3: 15 | J3: 200 | K3: 200 | L3: 750 | M3: 215.99334 | N3: 1500 | O3: 1592.2642 | P3: 1559.998 | Q3: 832.72143 | R3: 750 | S3: 750 | T3: 1800 | U3: 75 | V3: 75 | W3: 200 | X3: 2244.9461 | Y3: 200 | Z3: 900 | AA3: 376.8504 | AB3: 350 | AC3: 3823.2177 | AD3: 145.66576 | AE3: 2398.4662 | AF3: 200 | AG3: 0.001 | AH3: 200 | AI3: 100 | AJ3: 20 | AK3: 260 | AL3: 1500 | AM3: 425 | AN3: 175 | AO3: 15 | AP3: 20 | AQ3: 1200 | AR3: 68.508643 | AS3: 689.37786 | AT3: 16453.49 | AU3: 300 | AV3: 300 | AW3: 1000 | AX3: 700 | AY3: 6000 | AZ3: 2978.828 | BA3: 50 | BB3: 0 | BC3: 300 | BD3: 50 | BE3: 3017 | BF3: 25 | BG3: 75 | BH3: 241 | BI3: 78000 | BJ3: 50 | BK3: 250 | BL3: 15 | BM3: 0 | BN3: 27.465717 | BO3: 22.349102 | BP3: 10 | BQ3: 280.7301 | BR3: 125.39236 | BS3: 75 | BT3: 562.67496 | BU3: 4.5066562 | BV3: 16.921317 | BW3: 25 | BX3: 75 | BY3: 102.60921 | BZ3: 128.65541 | CA3: 25 | CB3: 19.982343 | CC3: 20.719518 | CD3: 0.032704326 | CE3: 12.35675 | CF3: 31.363781 | CG3: 397.25945 | CI3: 18124.066 | CJ3: 12379.525 | CK3: 3505.5086 | CL3: 27936.518 | CM3: 78330.73
A4: 1980 | B4: 350 | C4: 4000 | D4: 20 | E4: 12 | F4: 500 | G4: 4 | H4: 0 | I4: 85 | J4: 407.10585 | K4: 250 | L4: 550 | M4: 232.56385 | N4: 1900 | O4: 2358.9099 | P4: 823.1479 | Q4: 555.14762 | R4: 500 | S4: 1800 | T4: 2038 | U4: 50 | V4: 50 | W4: 200 | X4: 1122.4731 | Y4: 300 | Z4: 1000 | AA4: 500.52325 | AB4: 350 | AC4: 5691.0794 | AD4: 156.8409 | AE4: 2238.5684 | AF4: 250 | AG4: 0.001 | AH4: 75 | AI4: 75 | AJ4: 75 | AK4: 150 | AL4: 2500 | AM4: 600 | AN4: 200 | AO4: 15 | AP4: 45 | AQ4: 750 | AR4: 68.508643 | AS4: 689.37786 | AT4: 5722.5818 | AU4: 250 | AV4: 360 | AW4: 350 | AX4: 400 | AY4: 3000 | AZ4: 1226.7748 | BA4: 250 | BB4: 75 | BC4: 710 | BD4: 200 | BE4: 6180 | BF4: 200 | BG4: 100 | BH4: 340 | BI4: 52000 | BJ4: 50 | BK4: 200 | BL4: 20 | BM4: 10 | BN4: 11.311244 | BO4: 24.063673 | BP4: 21.363533 | BQ4: 187.21334 | BR4: 135.01217 | BS4: 20 | BT4: 747.33078 | BU4: 5.9856278 | BV4: 18.219481 | BW4: 2.5818062 | BX4: 25 | BY4: 110.48115 | BZ4: 138.52555 | CA4: 8.9997937 | CB4: 0 | CC4: 22.309072 | CD4: 0.043437067 | CE4: 5.0888974 | CF4: 33.769937 | CG4: 527.63005 | CI4: 19514.502 | CJ4: 16442.175 | CK4: 7528.5086 | CL4: 11505.135 | CM4: 52237.213
A5: 1981 | B5: 300 | C5: 1800 | D5: 20 | E5: 5 | F5: 400 | G5: 10 | H5: 10 | I5: 20 | J5: 150 | K5: 140 | L5: 510 | M5: 10 | N5: 1335 | O5: 1486.1132 | P5: 730.21185 | Q5: 488.5299 | R5: 175 | S5: 140 | T5: 2814 | U5: 25 | V5: 32 | W5: 150 | X5: 2095.283 | Y5: 300 | Z5: 800 | AA5: 300 | AB5: 200 | AC5: 4155.0052 | AD5: 114.24493 | AE5: 959.38646 | AF5: 200 | AG5: 0.001 | AH5: 400 | AI5: 100 | AJ5: 30 | AK5: 200 | AL5: 3000 | AM5: 1000 | AN5: 200 | AO5: 100 | AP5: 110 | AQ5: 2250 | AR5: 54.806914 | AS5: 689.37786 | AT5: 8247.7249 | AU5: 250 | AV5: 300 | AW5: 700 | AX5: 400 | AY5: 6000 | AZ5: 1917.4467 | BA5: 25 | BB5: 25 | BC5: 200 | BD5: 100 | BE5: 3258 | BF5: 30 | BG5: 20 | BH5: 135 | BI5: 104000 | BJ5: 50 | BK5: 325 | BL5: 0 | BM5: 15 | BN5: 0 | BO5: 0 | BP5: 0 | BQ5: 374.24685 | BR5: 98.344598 | BS5: 100 | BT5: 713.63526 | BU5: 5.7157488 | BV5: 13.271303 | BW5: 2 | BX5: 13 | BY5: 80.475889 | BZ5: 100.90379 | CA5: 8.5940125 | CB5: 25 | CC5: 16.250214 | CD5: 0.041478583 | CE5: 7.9539369 | CF5: 24.598456 | CG5: 503.84035 | CI5: 14214.614 | CJ5: 15700.833 | CK5: 3772.8069 | CL5: 17982.503 | CM5: 104424.25
A6: 1982 | B6: 570 | C6: 1800 | D6: 15 | E6: 40 | F6: 900 | G6: 40 | H6: 20 | I6: 50 | J6: 368.21944 | K6: 175 | L6: 300 | M6: 80 | N6: 1800 | O6: 1651.2369 | P6: 1548.9342 | Q6: 499.63286 | R6: 300 | S6: 600 | T6: 1590 | U6: 12.223196 | V6: 65 | W6: 150 | X6: 2244.9461 | Y6: 325 | Z6: 1000 | AA6: 400 | AB6: 365 | AC6: 6018.0588 | AD6: 141.85959 | AE6: 879.43759 | AF6: 297.50379 | AG6: 0.001 | AH6: 80 | AI6: 150 | AJ6: 50 | AK6: 250 | AL6: 3000 | AM6: 850 | AN6: 375 | AO6: 0 | AP6: 150 | AQ6: 2500 | AR6: 13.701729 | AS6: 689.37786 | AT6: 2894.0017 | AU6: 400 | AV6: 700 | AW6: 500 | AX6: 100 | AY6: 3500 | AZ6: 924.49353 | BA6: 600 | BB6: 150 | BC6: 800 | BD6: 200 | BE6: 4737 | BF6: 16 | BG6: 50 | BH6: 475 | BI6: 114400 | BJ6: 56 | BK6: 300 | BL6: 65.687009 | BM6: 5 | BN6: 8.5241166 | BO6: 0 | BP6: 20 | BQ6: 411.67513 | BR6: 122.11592 | BS6: 20 | BT6: 805.37907 | BU6: 25 | BV6: 16.479171 | BW6: 2.7823458 | BX6: 15 | BY6: 99.928085 | BZ6: 125.29371 | CA6: 9.6988451 | CB6: 25 | CC6: 20.178128 | CD6: 0.046811004 | CE6: 3.8349766 | CF6: 30.544261 | CG6: 568.61327 | CI6: 17650.493 | CJ6: 17719.307 | CK6: 6650.7017 | CL6: 8670.2321 | CM6: 114867.68
A7: 1983 | B7: 700 | C7: 4300 | D7: 100 | E7: 45 | F7: 1100 | G7: 15 | H7: 10 | I7: 10 | J7: 609.26384 | K7: 125 | L7: 1000 | M7: 75 | N7: 2000 | O7: 5071.6562 | P7: 857.44573 | Q7: 866.03028 | R7: 250 | S7: 475 | T7: 1114 | U7: 0 | V7: 50 | W7: 75 | X7: 5687.1968 | Y7: 900 | Z7: 1500 | AA7: 700 | AB7: 300 | AC7: 6778.5555 | AD7: 234.72395 | AE7: 1598.9774 | AF7: 330.48019 | AG7: 0.001 | AH7: 210 | AI7: 70 | AJ7: 24 | AK7: 300 | AL7: 4000 | AM7: 700 | AN7: 175 | AO7: 65 | AP7: 20 | AQ7: 2500 | AR7: 13.701729 | AS7: 426.26581 | AT7: 5396 | AU7: 250 | AV7: 300 | AW7: 250 | AX7: 100 | AY7: 3000 | AZ7: 1102.4837 | BA7: 162 | BB7: 32 | BC7: 547 | BD7: 102 | BE7: 2407 | BF7: 30 | BG7: 50 | BH7: 640 | BI7: 31200 | BJ7: 100 | BK7: 300 | BL7: 108.68714 | BM7: 10 | BN7: 10.165241 | BO7: 0 | BP7: 0 | BQ7: 112.57978 | BR7: 202.05564 | BS7: 75 | BT7: 894.6502 | BU7: 15 | BV7: 27.266792 | BW7: 0 | BX7: 10 | BY7: 165.34317 | BZ7: 207.31368 | CA7: 0 | CB7: 15 | CC7: 33.387166 | CD7: 0.051999705 | CE7: 4.5733141 | CF7: 50.539194 | CG7: 631.64042 | CI7: 29204.887 | CJ7: 19683.379 | CK7: 3283.7017 | CL7: 10339.488 | CM7: 31412.58
A8: 1984 | B8: 1200 | C8: 5814 | D8: 250 | E8: 60 | F8: 1750 | G8: 12 | H8: 45 | I8: 130 | J8: 150 | K8: 400 | L8: 1500 | M8: 200 | N8: 1800 | O8: 5805.2772 | P8: 1604.2533 | Q8: 388.60333 | R8: 755.00563 | S8: 500 | T8: 2099 | U8: 0 | V8: 300 | W8: 150 | X8: 6061.3545 | Y8: 900 | Z8: 1800 | AA8: 600 | AB8: 250 | AC8: 4815.5794 | AD8: 292.33491 | AE8: 1519.0286 | AF8: 300 | AG8: 0.001 | AH8: 582 | AI8: 138 | AJ8: 157 | AK8: 400 | AL8: 2800 | AM8: 1500 | AN8: 500 | AO8: 75 | AP8: 100 | AQ8: 1200 | AR8: 137.01729 | AS8: 948.08896 | AT8: 7582 | AU8: 775 | AV8: 850 | AW8: 650 | AX8: 250 | AY8: 6000 | AZ8: 1848.1897 | BA8: 1626 | BB8: 818 | BC8: 598 | BD8: 256 | BE8: 4679 | BF8: 50 | BG8: 30 | BH8: 350 | BI8: 122401 | BJ8: 658 | BK8: 0.01 | BL8: 15 | BM8: 11 | BN8: 17.040881 | BO8: 44.852151 | BP8: 15 | BQ8: 442.61838 | BR8: 251.64846 | BS8: 50 | BT8: 762.68439 | BU8: 6.1086001 | BV8: 33.959192 | BW8: 0 | BX8: 0 | BY8: 205.92522 | BZ8: 258.19703 | CA8: 0 | CB8: 27.085302 | CC8: 41.581759 | CD8: 0.044329464 | CE8: 7.6666455 | CF8: 62.943604 | CG8: 538.47 | CI8: 36372.975 | CJ8: 16779.973 | CK8: 8214.0173 | CL8: 17332.986 | CM8: 123501.62
A9: 1985 | B9: 1200 | C9: 6050 | D9: 325 | E9: 100 | F9: 2400 | G9: 5 | H9: 50 | I9: 85 | J9: 400 | K9: 500 | L9: 1500 | M9: 450 | N9: 5000 | O9: 8681.3577 | P9: 4203.1906 | Q9: 1554.4133 | R9: 350 | S9: 3000 | T9: 2591 | U9: 30 | V9: 300 | W9: 175 | X9: 7483.1537 | Y9: 1500 | Z9: 2000 | AA9: 1150 | AB9: 250 | AC9: 5144.5394 | AD9: 419.79558 | AE9: 2398.4662 | AF9: 400 | AG9: 0.001 | AH9: 956 | AI9: 225 | AJ9: 114 | AK9: 250 | AL9: 3800 | AM9: 1300 | AN9: 525 | AO9: 50 | AP9: 250 | AQ9: 1500 | AR9: 274.03457 | AS9: 1204.1154 | AT9: 10539 | AU9: 1250 | AV9: 1670 | AW9: 750 | AX9: 450 | AY9: 7000 | AZ9: 2408.0261 | BA9: 1501 | BB9: 800 | BC9: 2061 | BD9: 100 | BE9: 7088 | BF9: 240 | BG9: 200 | BH9: 283 | BI9: 175417 | BJ9: 1492 | BK9: 0.01 | BL9: 75 | BM9: 25 | BN9: 22.202747 | BO9: 64.408094 | BP9: 57.180981 | BQ9: 636.30596 | BR9: 361.36946 | BS9: 30 | BT9: 1029.0317 | BU9: 8.241867 | BV9: 48.765707 | BW9: 5 | BX9: 0 | BY9: 295.71049 | BZ9: 100 | CA9: 0 | CB9: 36.544127 | CC9: 59.711782 | CD9: 0.059810355 | CE9: 9.9889545 | CF9: 90.387585 | CG9: 726.51639 | CI9: 52231.921 | CJ9: 22639.934 | CK9: 12074.035 | CL9: 22583.333 | CM9: 177545.31
A10: 1986 | B10: 900 | C10: 6500 | D10: 175 | E10: 125 | F10: 3000 | G10: 40 | H10: 50 | I10: 150 | J10: 1000 | K10: 1000 | L10: 3000 | M10: 450 | N10: 5500 | O10: 12994.559 | P10: 4204.25 | Q10: 1609.9281 | R10: 450 | S10: 3065 | T10: 2685 | U10: 75 | V10: 300 | W10: 150 | X10: 5243.8922 | Y10: 1473 | Z10: 9000 | AA10: 1400 | AB10: 250 | AC10: 8551.3881 | AD10: 488.00297 | AE10: 5276.6255 | AF10: 400 | AG10: 0.001 | AH10: 836 | AI10: 98 | AJ10: 105 | AK10: 500 | AL10: 6070 | AM10: 1499 | AN10: 700 | AO10: 5 | AP10: 150 | AQ10: 2652 | AR10: 315.13976 | AS10: 1556.3988 | AT10: 20762.997 | AU10: 1295 | AV10: 871 | AW10: 2500 | AX10: 350 | AY10: 6500 | AZ10: 3799.0953 | BA10: 1026 | BB10: 1379 | BC10: 2234 | BD10: 484 | BE10: 8180 | BF10: 112.89301 | BG10: 110 | BH10: 223 | BI10: 163327 | BJ10: 4469 | BK10: 300 | BL10: 20 | BM10: 25 | BN10: 35.028835 | BO10: 74.872967 | BP10: 66.47161 | BQ10: 603.52834 | BR10: 420.08391 | BS10: 25 | BT10: 1752.4265 | BU10: 14.035783 | BV10: 56.689042 | BW10: 6.0541137 | BX10: 125 | BY10: 343.75682 | BZ10: 100 | CA10: 2 | CB10: 62.234133 | CC10: 69.413609 | CD10: 0.10185619 | CE10: 15.759376 | CF10: 100 | CG10: 1237.2472 | CI10: 60718.439 | CJ10: 38555.489 | CK10: 13768.14 | CL10: 35629.279 | CM10: 168399.53
A11: 1987 | B11: 1000 | C11: 3500 | D11: 200 | E11: 110 | F11: 3000 | G11: 15 | H11: 105 | I11: 160 | J11: 2000 | K11: 500 | L11: 2800 | M11: 295 | N11: 3750 | O11: 14631.316 | P11: 4148.931 | Q11: 1776.4724 | R11: 700 | S11: 5052 | T11: 2042 | U11: 50 | V11: 500 | W11: 175 | X11: 7483.1537 | Y11: 2700 | Z11: 4756 | AA11: 1179 | AB11: 250 | AC11: 10007.43 | AD11: 498.13577 | AE11: 6076.1143 | AF11: 450 | AG11: 0.001 | AH11: 600 | AI11: 50 | AJ11: 65 | AK11: 300 | AL11: 3516 | AM11: 1542 | AN11: 650 | AO11: 50 | AP11: 25 | AQ11: 2743 | AR11: 0 | AS11: 2562.7452 | AT11: 16851.49 | AU11: 1175 | AV11: 641 | AW11: 2000 | AX11: 200 | AY11: 8500 | AZ11: 3600.5104 | BA11: 541 | BB11: 520 | BC11: 709 | BD11: 475 | BE11: 4823 | BF11: 75 | BG11: 4 | BH11: 113 | BI11: 79954 | BJ11: 17271 | BK11: 350 | BL11: 50 | BM11: 0 | BN11: 33.197821 | BO11: 76.427616 | BP11: 67.851814 | BQ11: 349.6987 | BR11: 428.80645 | BS11: 71.762169 | BT11: 1530.9237 | BU11: 0 | BV11: 57.866123 | BW11: 5.2888872 | BX11: 10 | BY11: 150 | BZ11: 100 | CA11: 18.436277 | CB11: 54.367876 | CC11: 70.8549 | CD11: 0.088981794 | CE11: 14.935608 | CF11: 107.25527 | CG11: 1080.8619 | CI11: 61979.185 | CJ11: 33682.16 | CK11: 7093 | CL11: 33766.879 | CM11: 97574.699
A12: 1988 | B12: 1500 | C12: 4000 | D12: 180 | E12: 140 | F12: 2700 | G12: 75 | H12: 70 | I12: 110 | J12: 1800 | K12: 800 | L12: 2000 | M12: 205 | N12: 5066 | O12: 6968.2198 | P12: 3164.2514 | Q12: 1998.5314 | R12: 1200 | S12: 3065 | T12: 2801 | U12: 50 | V12: 300 | W12: 250 | X12: 5986.523 | Y12: 1153 | Z12: 6300 | AA12: 1981 | AB12: 250 | AC12: 8975.5342 | AD12: 425.25451 | AE12: 5894.5131 | AF12: 300 | AG12: 0.001 | AH12: 638 | AI12: 125 | AJ12: 75 | AK12: 700 | AL12: 6740 | AM12: 1857 | AN12: 800 | AO12: 100 | AP12: 80 | AQ12: 2258 | AR12: 68.508643 | AS12: 2421.3896 | AT12: 24624.955 | AU12: 1259 | AV12: 1252 | AW12: 1600 | AX12: 400 | AY12: 12000 | AZ12: 4914.9303 | BA12: 1287 | BB12: 863 | BC12: 279 | BD12: 222 | BE12: 3701 | BF12: 50 | BG12: 67 | BH12: 501 | BI12: 35581 | BJ12: 14782 | BK12: 850 | BL12: 55 | BM12: 10 | BN12: 45.317179 | BO12: 65.245643 | BP12: 57.92455 | BQ12: 181.14555 | BR12: 366.06863 | BS12: 80.066727 | BT12: 1708.0873 | BU12: 13.680655 | BV12: 49.399845 | BW12: 5.9009348 | BX12: 100 | BY12: 299.55584 | BZ12: 375.59473 | CA12: 125 | CB12: 60.659508 | CC12: 60.488261 | CD12: 0.099279064 | CE12: 20.388074 | CF12: 91.562965 | CG12: 1205.9428 | CI12: 54064.134 | CJ12: 37579.972 | CK12: 6500.5086 | CL12: 46093.98 | CM12: 50544.146
A13: 1989 | B13: 850 | C13: 5000 | D13: 100 | E13: 60 | F13: 1500 | G13: 33.896908 | H13: 20 | I13: 50 | J13: 400 | K13: 75 | L13: 1900 | M13: 135 | N13: 2000 | O13: 7076.7296 | P13: 1659.5724 | Q13: 1332.3543 | R13: 450 | S13: 1659 | T13: 2928 | U13: 13.754553 | V13: 200 | W13: 50 | X13: 3142.9246 | Y13: 800 | Z13: 3000 | AA13: 1160 | AB13: 400 | AC13: 3490.2858 | AD13: 305.01475 | AE13: 4157.3413 | AF13: 200 | AG13: 0.001 | AH13: 750 | AI13: 330 | AJ13: 115 | AK13: 180 | AL13: 2491 | AM13: 1141 | AN13: 812 | AO13: 260 | AP13: 325 | AQ13: 1578 | AR13: 260.33284 | AS13: 2496.8439 | AT13: 18442.26 | AU13: 1004 | AV13: 1613 | AW13: 1250 | AX13: 400 | AY13: 10000 | AZ13: 3901.8699 | BA13: 644 | BB13: 1062 | BC13: 1200 | BD13: 661 | BE13: 4972 | BF13: 51 | BG13: 50 | BH13: 509 | BI13: 76083 | BJ13: 3333 | BK13: 375 | BL13: 20 | BM13: 10 | BN13: 35.976449 | BO13: 46.797583 | BP13: 41.546513 | BQ13: 285.64332 | BR13: 262.56354 | BS13: 42.481912 | BT13: 906.27925 | BU13: 7.2587004 | BV13: 35.432149 | BW13: 3.130926 | BX13: 70.038089 | BY13: 25 | BZ13: 269.39616 | CA13: 10.913944 | CB13: 32.184804 | CC13: 43.38534 | CD13: 0.05267562 | CE13: 16.185705 | CF13: 65.673742 | CG13: 639.85075 | CI13: 37950.629 | CJ13: 19939.232 | CK13: 9124.3328 | CL13: 36593.136 | CM13: 79701.643
A14: 1990 | B14: 1200 | C14: 6000 | D14: 100 | E14: 20 | F14: 2100 | G14: 40 | H14: 70 | I14: 100 | J14: 1000 | K14: 200 | L14: 2000 | M14: 486 | N14: 5000 | O14: 7666.4571 | P14: 1670.9748 | Q14: 1998.5314 | R14: 700 | S14: 6064 | T14: 2628 | U14: 0 | V14: 75 | W14: 425 | X14: 7483.1537 | Y14: 1000 | Z14: 6195 | AA14: 2500 | AB14: 1000 | AC14: 7606.9347 | AD14: 411.16316 | AE14: 4317.2391 | AF14: 250 | AG14: 0.001 | AH14: 375 | AI14: 175 | AJ14: 60 | AK14: 500 | AL14: 7320 | AM14: 1100 | AN14: 550 | AO14: 100 | AP14: 50 | AQ14: 1500 | AR14: 274.03457 | AS14: 5406.1227 | AT14: 22344.781 | AU14: 1477 | AV14: 1055 | AW14: 1397 | AX14: 400 | AY14: 6000 | AZ14: 4252.5935 | BA14: 532 | BB14: 584 | BC14: 411 | BD14: 107 | BE14: 3419 | BF14: 50 | BG14: 25 | BH14: 353 | BI14: 178852 | BJ14: 1795 | BK14: 450 | BL14: 30 | BM14: 0 | BN14: 39.210229 | BO14: 63.083644 | BP14: 56.005145 | BQ14: 649.7508 | BR14: 300 | BS14: 82.176672 | BT14: 1719 | BU14: 14.041172 | BV14: 47.762917 | BW14: 6.0564382 | BX14: 0 | BY14: 300 | BZ14: 100 | CA14: 0 | CB14: 62.258028 | CC14: 58.483904 | CD14: 0.1018953 | CE14: 17.640574 | CF14: 279 | CG14: 1237.7222 | CI14: 51157.855 | CJ14: 38570.292 | CK14: 5377.0346 | CL14: 39882.348 | CM14: 181296.75
... A47: 2023 | B47: 156 | C47: 1586 | D47: 0 | E47: 12 | F47: 566 | G47: 9 | H47: 11 | I47: 99.734074 | J47: 192 | K47: 115 | L47: 717 | M47: 231.16214 | N47: 1661 | O47: 4873 | P47: 1045.7601 | Q47: 857 | R47: 402.62741 | S47: 3323.7621 | T47: 3929 | U47: 2 | V47: 30 | W47: 34 | X47: 1143.0339 | Y47: 680 | Z47: 1343 | AA47: 948 | AB47: 55 | AC47: 7260 | AD47: 137 | AE47: 1707 | AF47: 449 | AG47: 273.60441 | AH47: 94 | AI47: 115.39696 | AJ47: 37.453324 | AK47: 22 | AL47: 4419 | AM47: 48 | AN47: 83 | AO47: 40 | AP47: 254 | AQ47: 2314.426 | AR47: 7.4028814 | AS47: 3761 | AT47: 74816 | AU47: 938 | AV47: 291 | AW47: 21564 | AX47: 205359 | AY47: 321763 | AZ47: 14282 | BA47: 736 | BB47: 4471 | BC47: 677 | BD47: 781 | BE47: 4646 | BF47: 108 | BG47: 79 | BH47: 357 | BI47: 146892 | BJ47: 102153 | BK47: 69 | BL47: 406 | BM47: 29 | BN47: 6 | BO47: 628 | BP47: 18 | BQ47: 8 | BR47: 6 | BS47: 82 | BT47: 2309 | BU47: 3 | BV47: 0 | BW47: 4.3976553 | BX47: 18 | BY47: 75 | BZ47: 5 | CA47: 15.329575 | CB47: 52 | CC47: 0 | CD47: 0 | CE47: 38 | CF47: 33.566399 | CG47: 934 | CI47: 19396.884 | CJ47: 28006.37 | CK47: 11572.403 | CL47: 641668 | CM47: 249053
A49: =A1 -> Year | B49: =B1 -> Swift | C49: =C1 -> Fraser | D49: =D1 -> Horsey | E49: =E1 -> Nevin | F49: =F1 -> Holmes | G49: =G1 -> McKale | H49: =H1 -> Twin | ... CG49: =CG1 -> Chehalis | CH49: Ubar
A50: =A3 -> 1979 | B50: =IF(RunSize_by_Stock!B2>0,(RunSize_by_Stock!B2-Escapements!B3)/RunSize_by_Stock!B2,"") -> 0.62805526 | C50: =IF(RunSize_by_Stock!C2>0,(RunSize_by_Stock!C2-Escapements!C3)/RunSize_by_Stock!C2,"") -> 0.49494949 | D50: =IF(RunSize_by_Stock!D2>0,(RunSize_by_Stock!D2-Escapements!D3)/RunSize_by_Stock!D2,"") -> 0.62686567 | E50: =IF(RunSize_by_Stock!E2>0,(RunSize_by_Stock!E2-Escapements!E3)/RunSize_by_Stock!E2,"") -> 0.60784314 | F50: =IF(RunSize_by_Stock!F2>0,(RunSize_by_Stock!F2-Escapements!F3)/RunSize_by_Stock!F2,"") -> 0.60352423 | G50: =IF(RunSize_by_Stock!G2>0,(RunSize_by_Stock!G2-Escapements!G3)/RunSize_by_Stock!G2,"") -> 0.61538462 | H50: =IF(RunSize_by_Stock!H2>0,(RunSize_by_Stock!H2-Escapements!H3)/RunSize_by_Stock!H2,"") -> 0.609375 | I50: =IF(RunSize_by_Stock!I2>0,(RunSize_by_Stock!I2-Escapements!I3)/RunSize_by_Stock!I2,"") -> 0.60526316 | ... CG50: =IF(RunSize_by_Stock!CG2>0,(RunSize_by_Stock!CG2-Escapements!CG3)/RunSize_by_Stock!CG2,"") -> 0.45506248 | CH50: =AVERAGE(B50:CG50) -> 0.52505573
A51: =A4 -> 1980 | B51: =IF(RunSize_by_Stock!B3>0,(RunSize_by_Stock!B3-Escapements!B4)/RunSize_by_Stock!B3,"") -> 0.32170543 | C51: =IF(RunSize_by_Stock!C3>0,(RunSize_by_Stock!C3-Escapements!C4)/RunSize_by_Stock!C3,"") -> 0.11504425 | D51: =IF(RunSize_by_Stock!D3>0,(RunSize_by_Stock!D3-Escapements!D4)/RunSize_by_Stock!D3,"") -> 0.33333333 | E51: =IF(RunSize_by_Stock!E3>0,(RunSize_by_Stock!E3-Escapements!E4)/RunSize_by_Stock!E3,"") -> 0.25 | F51: =IF(RunSize_by_Stock!F3>0,(RunSize_by_Stock!F3-Escapements!F4)/RunSize_by_Stock!F3,"") -> 0.25149701 | G51: =IF(RunSize_by_Stock!G3>0,(RunSize_by_Stock!G3-Escapements!G4)/RunSize_by_Stock!G3,"") -> 0.2 | H51: =IF(RunSize_by_Stock!H3>0,(RunSize_by_Stock!H3-Escapements!H4)/RunSize_by_Stock!H3,"") | I51: =IF(RunSize_by_Stock!I3>0,(RunSize_by_Stock!I3-Escapements!I4)/RunSize_by_Stock!I3,"") -> 0.26724138 | ... CG51: =IF(RunSize_by_Stock!CG3>0,(RunSize_by_Stock!CG3-Escapements!CG4)/RunSize_by_Stock!CG3,"") -> 0.37779475 | CH51: =AVERAGE(B51:CG51) -> 0.32562406
A52: =A5 -> 1981 | B52: =IF(RunSize_by_Stock!B4>0,(RunSize_by_Stock!B4-Escapements!B5)/RunSize_by_Stock!B4,"") -> 0.33628319 | C52: =IF(RunSize_by_Stock!C4>0,(RunSize_by_Stock!C4-Escapements!C5)/RunSize_by_Stock!C4,"") -> 0.36418227 | D52: =IF(RunSize_by_Stock!D4>0,(RunSize_by_Stock!D4-Escapements!D5)/RunSize_by_Stock!D4,"") -> 0.33333333 | E52: =IF(RunSize_by_Stock!E4>0,(RunSize_by_Stock!E4-Escapements!E5)/RunSize_by_Stock!E4,"") -> 0.375 | F52: =IF(RunSize_by_Stock!F4>0,(RunSize_by_Stock!F4-Escapements!F5)/RunSize_by_Stock!F4,"") -> 0.36507937 | G52: =IF(RunSize_by_Stock!G4>0,(RunSize_by_Stock!G4-Escapements!G5)/RunSize_by_Stock!G4,"") -> 0.375 | H52: =IF(RunSize_by_Stock!H4>0,(RunSize_by_Stock!H4-Escapements!H5)/RunSize_by_Stock!H4,"") -> 0.375 | I52: =IF(RunSize_by_Stock!I4>0,(RunSize_by_Stock!I4-Escapements!I5)/RunSize_by_Stock!I4,"") -> 0.35483871 | ... CG52: =IF(RunSize_by_Stock!CG4>0,(RunSize_by_Stock!CG4-Escapements!CG5)/RunSize_by_Stock!CG4,"") -> 0.32370422 | CH52: =AVERAGE(B52:CG52) -> 0.36287521
A53: =A6 -> 1982 | B53: =IF(RunSize_by_Stock!B5>0,(RunSize_by_Stock!B5-Escapements!B6)/RunSize_by_Stock!B5,"") -> 0.22764228 | C53: =IF(RunSize_by_Stock!C5>0,(RunSize_by_Stock!C5-Escapements!C6)/RunSize_by_Stock!C5,"") -> 0.34258583 | D53: =IF(RunSize_by_Stock!D5>0,(RunSize_by_Stock!D5-Escapements!D6)/RunSize_by_Stock!D5,"") -> 0.21052632 | E53: =IF(RunSize_by_Stock!E5>0,(RunSize_by_Stock!E5-Escapements!E6)/RunSize_by_Stock!E5,"") -> 0.23076923 | F53: =IF(RunSize_by_Stock!F5>0,(RunSize_by_Stock!F5-Escapements!F6)/RunSize_by_Stock!F5,"") -> 0.24114671 | G53: =IF(RunSize_by_Stock!G5>0,(RunSize_by_Stock!G5-Escapements!G6)/RunSize_by_Stock!G5,"") -> 0.23076923 | H53: =IF(RunSize_by_Stock!H5>0,(RunSize_by_Stock!H5-Escapements!H6)/RunSize_by_Stock!H5,"") -> 0.23076923 | I53: =IF(RunSize_by_Stock!I5>0,(RunSize_by_Stock!I5-Escapements!I6)/RunSize_by_Stock!I5,"") -> 0.24242424 | ... CG53: =IF(RunSize_by_Stock!CG5>0,(RunSize_by_Stock!CG5-Escapements!CG6)/RunSize_by_Stock!CG5,"") -> 0.34717191 | CH53: =AVERAGE(B53:CG53) -> 0.40783532
A54: =A7 -> 1983 | B54: =IF(RunSize_by_Stock!B6>0,(RunSize_by_Stock!B6-Escapements!B7)/RunSize_by_Stock!B6,"") -> 0.20273349 | C54: =IF(RunSize_by_Stock!C6>0,(RunSize_by_Stock!C6-Escapements!C7)/RunSize_by_Stock!C6,"") -> 0.23487544 | D54: =IF(RunSize_by_Stock!D6>0,(RunSize_by_Stock!D6-Escapements!D7)/RunSize_by_Stock!D6,"") -> 0.2 | E54: =IF(RunSize_by_Stock!E6>0,(RunSize_by_Stock!E6-Escapements!E7)/RunSize_by_Stock!E6,"") -> 0.21052632 | F54: =IF(RunSize_by_Stock!F6>0,(RunSize_by_Stock!F6-Escapements!F7)/RunSize_by_Stock!F6,"") -> 0.21819474 | G54: =IF(RunSize_by_Stock!G6>0,(RunSize_by_Stock!G6-Escapements!G7)/RunSize_by_Stock!G6,"") -> 0.21052632 | H54: =IF(RunSize_by_Stock!H6>0,(RunSize_by_Stock!H6-Escapements!H7)/RunSize_by_Stock!H6,"") -> 0.23076923 | I54: =IF(RunSize_by_Stock!I6>0,(RunSize_by_Stock!I6-Escapements!I7)/RunSize_by_Stock!I6,"") -> 0.23076923 | ... CG54: =IF(RunSize_by_Stock!CG6>0,(RunSize_by_Stock!CG6-Escapements!CG7)/RunSize_by_Stock!CG6,"") -> 0.15893419 | CH54: =AVERAGE(B54:CG54) -> 0.28945686
A55: =A8 -> 1984 | B55: =IF(RunSize_by_Stock!B7>0,(RunSize_by_Stock!B7-Escapements!B8)/RunSize_by_Stock!B7,"") -> 0.096385542 | C55: =IF(RunSize_by_Stock!C7>0,(RunSize_by_Stock!C7-Escapements!C8)/RunSize_by_Stock!C7,"") -> 0.18181818 | D55: =IF(RunSize_by_Stock!D7>0,(RunSize_by_Stock!D7-Escapements!D8)/RunSize_by_Stock!D7,"") -> 0.097472924 | E55: =IF(RunSize_by_Stock!E7>0,(RunSize_by_Stock!E7-Escapements!E8)/RunSize_by_Stock!E7,"") -> 0.10447761 | F55: =IF(RunSize_by_Stock!F7>0,(RunSize_by_Stock!F7-Escapements!F8)/RunSize_by_Stock!F7,"") -> 0.10348361 | G55: =IF(RunSize_by_Stock!G7>0,(RunSize_by_Stock!G7-Escapements!G8)/RunSize_by_Stock!G7,"") -> 0.076923077 | H55: =IF(RunSize_by_Stock!H7>0,(RunSize_by_Stock!H7-Escapements!H8)/RunSize_by_Stock!H7,"") -> 0.1 | I55: =IF(RunSize_by_Stock!I7>0,(RunSize_by_Stock!I7-Escapements!I8)/RunSize_by_Stock!I7,"") -> 0.10344828 | ... CG55: =IF(RunSize_by_Stock!CG7>0,(RunSize_by_Stock!CG7-Escapements!CG8)/RunSize_by_Stock!CG7,"") -> 0.39429697 | CH55: =AVERAGE(B55:CG55) -> 0.27784419
A56: =A9 -> 1985 | B56: =IF(RunSize_by_Stock!B8>0,(RunSize_by_Stock!B8-Escapements!B9)/RunSize_by_Stock!B8,"") -> 0.094339623 | C56: =IF(RunSize_by_Stock!C8>0,(RunSize_by_Stock!C8-Escapements!C9)/RunSize_by_Stock!C8,"") -> 0.1267321 | D56: =IF(RunSize_by_Stock!D8>0,(RunSize_by_Stock!D8-Escapements!D9)/RunSize_by_Stock!D8,"") -> 0.094707521 | E56: =IF(RunSize_by_Stock!E8>0,(RunSize_by_Stock!E8-Escapements!E9)/RunSize_by_Stock!E8,"") -> 0.099099099 | F56: =IF(RunSize_by_Stock!F8>0,(RunSize_by_Stock!F8-Escapements!F9)/RunSize_by_Stock!F8,"") -> 0.099437148 | G56: =IF(RunSize_by_Stock!G8>0,(RunSize_by_Stock!G8-Escapements!G9)/RunSize_by_Stock!G8,"") -> 0.16666667 | H56: =IF(RunSize_by_Stock!H8>0,(RunSize_by_Stock!H8-Escapements!H9)/RunSize_by_Stock!H8,"") -> 0.090909091 | I56: =IF(RunSize_by_Stock!I8>0,(RunSize_by_Stock!I8-Escapements!I9)/RunSize_by_Stock!I8,"") -> 0.095744681 | ... CG56: =IF(RunSize_by_Stock!CG8>0,(RunSize_by_Stock!CG8-Escapements!CG9)/RunSize_by_Stock!CG8,"") -> 0.44028013 | CH56: =AVERAGE(B56:CG56) -> 0.2279185
A57: =A10 -> 1986 | B57: =IF(RunSize_by_Stock!B9>0,(RunSize_by_Stock!B9-Escapements!B10)/RunSize_by_Stock!B9,"") -> 0.099099099 | C57: =IF(RunSize_by_Stock!C9>0,(RunSize_by_Stock!C9-Escapements!C10)/RunSize_by_Stock!C9,"") -> 0.084249084 | D57: =IF(RunSize_by_Stock!D9>0,(RunSize_by_Stock!D9-Escapements!D10)/RunSize_by_Stock!D9,"") -> 0.097938144 | E57: =IF(RunSize_by_Stock!E9>0,(RunSize_by_Stock!E9-Escapements!E10)/RunSize_by_Stock!E9,"") -> 0.10071942 | F57: =IF(RunSize_by_Stock!F9>0,(RunSize_by_Stock!F9-Escapements!F10)/RunSize_by_Stock!F9,"") -> 0.1015274 | G57: =IF(RunSize_by_Stock!G9>0,(RunSize_by_Stock!G9-Escapements!G10)/RunSize_by_Stock!G9,"") -> 0.11111111 | H57: =IF(RunSize_by_Stock!H9>0,(RunSize_by_Stock!H9-Escapements!H10)/RunSize_by_Stock!H9,"") -> 0.10714286 | I57: =IF(RunSize_by_Stock!I9>0,(RunSize_by_Stock!I9-Escapements!I10)/RunSize_by_Stock!I9,"") -> 0.10179641 | ... CG57: =IF(RunSize_by_Stock!CG9>0,(RunSize_by_Stock!CG9-Escapements!CG10)/RunSize_by_Stock!CG9,"") -> 0.22038617 | CH57: =AVERAGE(B57:CG57) -> 0.16093963
A58: =A11 -> 1987 | B58: =IF(RunSize_by_Stock!B10>0,(RunSize_by_Stock!B10-Escapements!B11)/RunSize_by_Stock!B10,"") -> 0.15325995 | C58: =IF(RunSize_by_Stock!C10>0,(RunSize_by_Stock!C10-Escapements!C11)/RunSize_by_Stock!C10,"") -> 0.085206482 | D58: =IF(RunSize_by_Stock!D10>0,(RunSize_by_Stock!D10-Escapements!D11)/RunSize_by_Stock!D10,"") -> 0.15254237 | E58: =IF(RunSize_by_Stock!E10>0,(RunSize_by_Stock!E10-Escapements!E11)/RunSize_by_Stock!E10,"") -> 0.140625 | F58: =IF(RunSize_by_Stock!F10>0,(RunSize_by_Stock!F10-Escapements!F11)/RunSize_by_Stock!F10,"") -> 0.13544669 | G58: =IF(RunSize_by_Stock!G10>0,(RunSize_by_Stock!G10-Escapements!G11)/RunSize_by_Stock!G10,"") -> 0.11764706 | H58: =IF(RunSize_by_Stock!H10>0,(RunSize_by_Stock!H10-Escapements!H11)/RunSize_by_Stock!H10,"") -> 0.13934426 | I58: =IF(RunSize_by_Stock!I10>0,(RunSize_by_Stock!I10-Escapements!I11)/RunSize_by_Stock!I10,"") -> 0.13978495 | ... CG58: =IF(RunSize_by_Stock!CG10>0,(RunSize_by_Stock!CG10-Escapements!CG11)/RunSize_by_Stock!CG10,"") -> 0.16728671 | CH58: =AVERAGE(B58:CG58) -> 0.17934609
A59: =A12 -> 1988 | B59: =IF(RunSize_by_Stock!B11>0,(RunSize_by_Stock!B11-Escapements!B12)/RunSize_by_Stock!B11,"") -> 0.13892078 | C59: =IF(RunSize_by_Stock!C11>0,(RunSize_by_Stock!C11-Escapements!C12)/RunSize_by_Stock!C11,"") -> 0.083199633 | D59: =IF(RunSize_by_Stock!D11>0,(RunSize_by_Stock!D11-Escapements!D12)/RunSize_by_Stock!D11,"") -> 0.13875598 | E59: =IF(RunSize_by_Stock!E11>0,(RunSize_by_Stock!E11-Escapements!E12)/RunSize_by_Stock!E11,"") -> 0.13043478 | F59: =IF(RunSize_by_Stock!F11>0,(RunSize_by_Stock!F11-Escapements!F12)/RunSize_by_Stock!F11,"") -> 0.12479741 | G59: =IF(RunSize_by_Stock!G11>0,(RunSize_by_Stock!G11-Escapements!G12)/RunSize_by_Stock!G11,"") -> 0.12790698 | H59: =IF(RunSize_by_Stock!H11>0,(RunSize_by_Stock!H11-Escapements!H12)/RunSize_by_Stock!H11,"") -> 0.125 | I59: =IF(RunSize_by_Stock!I11>0,(RunSize_by_Stock!I11-Escapements!I12)/RunSize_by_Stock!I11,"") -> 0.12698413 | ... CG59: =IF(RunSize_by_Stock!CG11>0,(RunSize_by_Stock!CG11-Escapements!CG12)/RunSize_by_Stock!CG11,"") -> 0.074487494 | CH59: =AVERAGE(B59:CG59) -> 0.14961183
A60: =A13 -> 1989 | B60: =IF(RunSize_by_Stock!B12>0,(RunSize_by_Stock!B12-Escapements!B13)/RunSize_by_Stock!B12,"") -> 0.19047619 | C60: =IF(RunSize_by_Stock!C12>0,(RunSize_by_Stock!C12-Escapements!C13)/RunSize_by_Stock!C12,"") -> 0.22203205 | D60: =IF(RunSize_by_Stock!D12>0,(RunSize_by_Stock!D12-Escapements!D13)/RunSize_by_Stock!D12,"") -> 0.19354839 | E60: =IF(RunSize_by_Stock!E12>0,(RunSize_by_Stock!E12-Escapements!E13)/RunSize_by_Stock!E12,"") -> 0.21052632 | F60: =IF(RunSize_by_Stock!F12>0,(RunSize_by_Stock!F12-Escapements!F13)/RunSize_by_Stock!F12,"") -> 0.20886076 | G60: =IF(RunSize_by_Stock!G12>0,(RunSize_by_Stock!G12-Escapements!G13)/RunSize_by_Stock!G12,"") -> 0.21169981 | H60: =IF(RunSize_by_Stock!H12>0,(RunSize_by_Stock!H12-Escapements!H13)/RunSize_by_Stock!H12,"") -> 0.2 | I60: =IF(RunSize_by_Stock!I12>0,(RunSize_by_Stock!I12-Escapements!I13)/RunSize_by_Stock!I12,"") -> 0.20634921 | ... CG60: =IF(RunSize_by_Stock!CG12>0,(RunSize_by_Stock!CG12-Escapements!CG13)/RunSize_by_Stock!CG12,"") -> 0.2968673 | CH60: =AVERAGE(B60:CG60) -> 0.2049151
A61: =A14 -> 1990 | B61: =IF(RunSize_by_Stock!B13>0,(RunSize_by_Stock!B13-Escapements!B14)/RunSize_by_Stock!B13,"") -> 0.093655589 | C61: =IF(RunSize_by_Stock!C13>0,(RunSize_by_Stock!C13-Escapements!C14)/RunSize_by_Stock!C13,"") -> 0.11660777 | D61: =IF(RunSize_by_Stock!D13>0,(RunSize_by_Stock!D13-Escapements!D14)/RunSize_by_Stock!D13,"") -> 0.090909091 | E61: =IF(RunSize_by_Stock!E13>0,(RunSize_by_Stock!E13-Escapements!E14)/RunSize_by_Stock!E13,"") -> 0.090909091 | F61: =IF(RunSize_by_Stock!F13>0,(RunSize_by_Stock!F13-Escapements!F14)/RunSize_by_Stock!F13,"") -> 0.097162511 | G61: =IF(RunSize_by_Stock!G13>0,(RunSize_by_Stock!G13-Escapements!G14)/RunSize_by_Stock!G13,"") -> 0.090909091 | H61: =IF(RunSize_by_Stock!H13>0,(RunSize_by_Stock!H13-Escapements!H14)/RunSize_by_Stock!H13,"") -> 0.090909091 | I61: =IF(RunSize_by_Stock!I13>0,(RunSize_by_Stock!I13-Escapements!I14)/RunSize_by_Stock!I13,"") -> 0.099099099 | ... CG61: =IF(RunSize_by_Stock!CG13>0,(RunSize_by_Stock!CG13-Escapements!CG14)/RunSize_by_Stock!CG13,"") -> 0.34925226 | CH61: =AVERAGE(B61:CG61) -> 0.18849585
... A94: =A47 -> 2023 | B94: =IF(RunSize_by_Stock!B46>0,(RunSize_by_Stock!B46-Escapements!B47)/RunSize_by_Stock!B46,"") -> 0.018867925 | C94: =IF(RunSize_by_Stock!C46>0,(RunSize_by_Stock!C46-Escapements!C47)/RunSize_by_Stock!C46,"") -> 0.02159161 | D94: =IF(RunSize_by_Stock!D46>0,(RunSize_by_Stock!D46-Escapements!D47)/RunSize_by_Stock!D46,"") | E94: =IF(RunSize_by_Stock!E46>0,(RunSize_by_Stock!E46-Escapements!E47)/RunSize_by_Stock!E46,"") -> 0 | F94: =IF(RunSize_by_Stock!F46>0,(RunSize_by_Stock!F46-Escapements!F47)/RunSize_by_Stock!F46,"") -> 0.020761246 | G94: =IF(RunSize_by_Stock!G46>0,(RunSize_by_Stock!G46-Escapements!G47)/RunSize_by_Stock!G46,"") -> 0 | H94: =IF(RunSize_by_Stock!H46>0,(RunSize_by_Stock!H46-Escapements!H47)/RunSize_by_Stock!H46,"") -> 0 | I94: =IF(RunSize_by_Stock!I46>0,(RunSize_by_Stock!I46-Escapements!I47)/RunSize_by_Stock!I46,"") -> 0.022214962 | ... CG94: =IF(RunSize_by_Stock!CG46>0,(RunSize_by_Stock!CG46-Escapements!CG47)/RunSize_by_Stock!CG46,"") -> 0.1975945 | CH94: =AVERAGE(B94:CG94) -> 0.034856555

Sheet RunSize_by_Group
A1: Year | B1: Spring 5.2 | C1: Summer 5.2 | D1: Spring 4.2 | E1: Summer 4.1 | F1: Fall | G1: Total | H1: Ut estimates | I1: Year | J1: =B1 -> Spring 5.2 | K1: =C1 -> Summer 5.2 | L1: =D1 -> Spring 4.2 | M1: =E1 -> Summer 4.1 | N1: =F1 -> Fall
A2: 1979 | B2: 40513 | C2: 23684 | D2: 12925 | E2: 51466 | F2: 82013 | G2: 210601 | I2: =A2 -> 1979 | J2: =(B2-Escapements!CI3)/B2 -> 0.5526358 | K2: =(C2-Escapements!CJ3)/C2 -> 0.47730429 | L2: =(D2-Escapements!CK3)/D2 -> 0.72878076 | M2: =(E2-Escapements!CL3)/E2 -> 0.45718497 | N2: =(F2-Escapements!CM3)/F2 -> 0.044898612
A3: 1980 | B3: 25760 | C3: 22969 | D3: 11558 | E3: 31964 | F3: 70364 | G3: 162615 | I3: =A3 -> 1980 | J3: =(B3-Escapements!CI4)/B3 -> 0.24244945 | K3: =(C3-Escapements!CJ4)/C3 -> 0.28415799 | L3: =(D3-Escapements!CK4)/D3 -> 0.34863223 | M3: =(E3-Escapements!CL4)/E3 -> 0.64005961 | N3: =(F3-Escapements!CM4)/F3 -> 0.2576145
A4: 1981 | B4: 22186 | C4: 23603 | D4: 7275 | E4: 27889 | F4: 109589 | G4: 190542 | I4: =A4 -> 1981 | J4: =(B4-Escapements!CI5)/B4 -> 0.35929804 | K4: =(C4-Escapements!CJ5)/C4 -> 0.33479502 | L4: =(D4-Escapements!CK5)/D4 -> 0.48140111 | M4: =(E4-Escapements!CL5)/E4 -> 0.35521161 | N4: =(F4-Escapements!CM5)/F4 -> 0.04712839
A5: 1982 | B5: 27610 | C5: 35481 | D5: 10834 | E5: 19772 | F5: 131223 | G5: 224920 | I5: =A5 -> 1982 | J5: =(B5-Escapements!CI6)/B5 -> 0.36072101 | K5: =(C5-Escapements!CJ6)/C5 -> 0.5005973 | L5: =(D5-Escapements!CK6)/D5 -> 0.38612685 | M5: =(E5-Escapements!CL6)/E5 -> 0.56148937 | N5: =(F5-Escapements!CM6)/F5 -> 0.12463764
A6: 1983 | B6: 37943 | C6: 26250 | D6: 5130 | E6: 20319 | F6: 45600 | G6: 135242 | I6: =A6 -> 1983 | J6: =(B6-Escapements!CI7)/B6 -> 0.23029578 | K6: =(C6-Escapements!CJ7)/C6 -> 0.25015698 | L6: =(D6-Escapements!CK7)/D6 -> 0.3599022 | M6: =(E6-Escapements!CL7)/E6 -> 0.49114188 | N6: =(F6-Escapements!CM7)/F6 -> 0.31112764
A7: 1984 | B7: 44540 | C7: 27649 | D7: 9830 | E7: 36670 | F7: 134324 | G7: 253013 | I7: =A7 -> 1984 | J7: =(B7-Escapements!CI8)/B7 -> 0.18336383 | K7: =(C7-Escapements!CJ8)/C7 -> 0.39310742 | L7: =(D7-Escapements!CK8)/D7 -> 0.16439295 | M7: =(E7-Escapements!CL8)/E7 -> 0.52732517 | N7: =(F7-Escapements!CM8)/F7 -> 0.080569233
A8: 1985 | B8: 60407 | C8: 34803 | D8: 14233 | E8: 35634 | F8: 182439 | G8: 327516 | I8: =A8 -> 1985 | J8: =(B8-Escapements!CI9)/B8 -> 0.1353333 | K8: =(C8-Escapements!CJ9)/C8 -> 0.34948325 | L8: =(D8-Escapements!CK9)/D8 -> 0.15168731 | M8: =(E8-Escapements!CL9)/E8 -> 0.36624198 | N8: =(F8-Escapements!CM9)/F8 -> 0.026823728
A9: 1986 | B9: 67253 | C9: 48702 | D9: 16209 | E9: 47460 | F9: 185832 | G9: 365456 | I9: =A9 -> 1986 | J9: =(B9-Escapements!CI10)/B9 -> 0.097163862 | K9: =(C9-Escapements!CJ10)/C9 -> 0.2083387 | L9: =(D9-Escapements!CK10)/D9 -> 0.15058673 | M9: =(E9-Escapements!CL10)/E9 -> 0.24927773 | N9: =(F9-Escapements!CM10)/F9 -> 0.093807695
A10: 1987 | B10: 71132 | C10: 40388 | D10: 9127 | E10: 42612 | F10: 100853 | G10: 264112 | I10: =A10 -> 1987 | J10: =(B10-Escapements!CI11)/B10 -> 0.12867366 | K10: =(C10-Escapements!CJ11)/C10 -> 0.16603545 | L10: =(D10-Escapements!CK11)/D10 -> 0.22285526 | M10: =(E10-Escapements!CL11)/E10 -> 0.20757347 | N10: =(F10-Escapements!CM11)/F10 -> 0.032505739
A11: 1988 | B11: 61324 | C11: 42882 | D11: 8046 | E11: 55217 | F11: 55026 | G11: 222495 | I11: =A11 -> 1988 | J11: =(B11-Escapements!CI12)/B11 -> 0.1183854 | K11: =(C11-Escapements!CJ12)/C11 -> 0.12364227 | L11: =(D11-Escapements!CK12)/D11 -> 0.19208195 | M11: =(E11-Escapements!CL12)/E11 -> 0.16522121 | N11: =(F11-Escapements!CM12)/F11 -> 0.081449759
A12: 1989 | B12: 48140 | C12: 26283 | D12: 11797 | E12: 47859 | F12: 81146 | G12: 215225 | I12: =A12 -> 1989 | J12: =(B12-Escapements!CI13)/B12 -> 0.21166122 | K12: =(C12-Escapements!CJ13)/C12 -> 0.24136391 | L12: =(D12-Escapements!CK13)/D12 -> 0.22655482 | M12: =(E12-Escapements!CL13)/E12 -> 0.23539698 | N12: =(F12-Escapements!CM13)/F12 -> 0.017799481
A13: 1990 | B13: 59201 | C13: 49587 | D13: 6960 | E13: 53468 | F13: 183806 | G13: 353022 | I13: =A13 -> 1990 | J13: =(B13-Escapements!CI14)/B13 -> 0.13586164 | K13: =(C13-Escapements!CJ14)/C13 -> 0.22216928 | L13: =(D13-Escapements!CK14)/D13 -> 0.22743756 | M13: =(E13-Escapements!CL14)/E13 -> 0.25408939 | N13: =(F13-Escapements!CM14)/F13 -> 0.013651617
... A46: 2023 | B46: 19905 | C46: 29567 | D46: 11879 | E46: 682041 | F46: 273288 | G46: 1016680 | I46: =A46 -> 2023 | J46: =(B46-Escapements!CI47)/B46 -> 0.025527052 | K46: =(C46-Escapements!CJ47)/C46 -> 0.05278283 | L46: =(D46-Escapements!CK47)/D46 -> 0.025810011 | M46: =(E46-Escapements!CL47)/E46 -> 0.059194389 | N46: =(F46-Escapements!CM47)/F46 -> 0.088679342
